"Station_ID (PK,FK)",EV_Level1_EVSE_Num,EV_Level2_EVSE_num,EV_DC_Fast_Count,EV_Onsite_Renewable_sources
82833,,1,,
82834,,1,,
82837,,1,,
82838,,1,,
82839,,4,,
82840,,2,,
82842,,2,,
82904,,1,,
82906,,2,,
82911,,1,,
82912,,1,,
82915,,1,,
82916,,1,,
82918,,2,,
82919,,1,,
82920,,1,,
82921,,1,,
82922,,2,,
82924,,1,,
82925,,4,,
82927,,2,,
82929,,4,,
82930,,1,,
82931,,1,,
82932,,1,,
82933,,1,,
82935,,2,,
82937,,1,,
82938,,,1,
82939,,1,,
82940,,1,,
82943,,2,,
82950,,3,,
82952,,1,,
82956,,1,,
82957,,1,,
82958,,1,,
82970,,4,,NONE
82972,,3,,
82973,,8,,
82976,,2,,
82981,,2,,
82987,,1,,
82990,,1,,
82991,,1,,
82994,,2,,
82999,,1,,
83005,,4,,
83016,,1,,
83019,,1,,
83021,,2,,
83026,,2,,
83035,,1,,
83042,,1,,
83046,,2,,
83048,,5,,
83050,,1,,
83053,,1,,
83054,,1,,
83055,,1,,
83057,,1,,
83073,,1,,
83074,,1,,SOLAR
83077,,1,,
83078,,1,,
83079,,1,,
83081,,1,,
83082,,1,,
83083,,1,,
83084,,1,,
83088,,2,,
83089,,1,,
83090,,2,,
83092,,1,,
83093,,1,,
83095,,1,,
83096,,2,,
83097,,2,,
83098,,1,,
83099,,3,,
83102,,2,,
83103,,5,1,
83105,,1,,
83108,,1,,
83111,,2,,
83113,,1,,
83115,,42,,
83116,,2,,
83117,,1,,
83122,,3,,
83123,,1,,
83124,,,1,
83129,,2,,
83130,,1,,
83133,,1,,
83135,,2,,
83138,,1,,
83145,,1,,
83151,,4,,
83153,,2,,NONE
83160,,1,,
83162,,2,,
83168,,1,,
83170,,1,,
83182,,4,,
83186,,2,,
83191,,1,,
83192,,2,,
83196,,1,,
83198,,2,,
83199,,1,,
83201,,1,,
83207,,8,,
83208,,2,,
83210,,2,,
83212,,2,,
83213,,6,,
83218,,2,,
83221,,2,,
83223,,2,,
83226,,1,,
83231,,1,,
83251,,2,,
83257,,1,,
83258,,1,,
83264,,1,,
83267,,2,,
83271,,1,,
83277,,2,,
83280,,4,,
83287,,1,,
83289,,1,,
83290,,6,,
83292,,1,,
83298,,2,,
83300,,1,,
83301,,3,,
83304,,1,,
83307,,1,,
83310,,1,,
83312,,1,,
83315,,1,,
83317,,1,,
83320,,1,,
83321,,2,,
83322,,1,,
83323,,1,,
83324,,2,,
83326,,1,,
83329,,2,,
83332,,1,,
83334,,2,,
83336,,1,,
83337,,1,,
83339,,1,,
83341,,1,,
83353,,3,,
83360,,2,,
83362,,2,,
83367,,1,,
83370,,1,,
83372,,1,,
83373,,4,,
83377,,2,,
83380,,3,,
83381,,1,,
83383,,2,,
83388,,2,,
83390,,1,,
83391,,2,,
83399,,2,,
83401,,2,,
83405,,1,,
83406,,1,,
83408,,1,,
83409,,1,,
83410,,1,,SOLAR
83415,,1,,
83416,,1,,
83419,,1,,
83423,,1,,
83427,,1,,
83432,,,2,
83434,,1,,
83443,,1,1,
83446,,1,,
83448,,1,,
83450,,1,,
83456,,1,,
83491,,1,,
83515,,1,,
83516,,5,,
83517,,2,,
83518,,1,,
83521,1,,,
83527,,2,,
83529,,2,,
83532,,2,,
83533,,8,,
83534,,4,,
83536,,1,,
83537,,1,,
83539,,1,,
83540,,1,,
83543,5,1,,
83545,,1,,
83546,,1,,
83547,,1,,
83550,,1,,
83552,,1,1,
83561,,1,,
83562,,1,,
83565,,1,,
83566,,1,1,
83567,,1,,
83569,,2,,
83570,,2,,
83571,,1,,
83576,,1,,
83577,,2,,
83578,,1,,
83580,,1,,
83585,,1,,
83589,,1,,
83592,,1,,
83593,,1,,
83598,,3,,
83609,,1,,
83610,,1,,
83612,,1,,
83613,,1,,
83617,,1,,
83620,,1,,
83621,,1,,
83626,,2,,
83627,,4,,
83633,,3,,
83647,,1,1,
83649,,1,,
83650,,4,,
83652,,1,,
83660,,2,,
83665,,1,,
83680,2,2,,
83688,,1,,
83713,,,1,
83714,,2,,
83718,,1,,
83725,,2,,
83726,,2,,
83727,,2,,
83730,,1,,
83732,,2,,HYDRO
83733,,1,,
83736,,4,,
83743,,1,,
83745,,1,,
83746,,4,,
83753,,2,,
83758,,1,,
83760,,3,,
83761,,4,,
83763,,5,,
83767,,1,,
83769,,6,,
83772,,1,1,
83773,,1,,
83775,,,1,
83787,,1,1,
83789,,1,,
83793,,1,,
83794,,1,,
83795,,39,,
83797,,4,,
83804,,1,,
83807,,8,,
83811,,1,,
83814,,1,,
83815,,2,,NONE
83817,,3,,
83821,,14,,
83822,,1,,SOLAR
83824,,2,,
83828,2,1,,
83830,,2,,
83832,,1,,
83834,,3,,
83836,,4,,
83837,,2,,
83839,,3,,
83842,,16,,
83843,,2,,
83844,,1,,
83845,,2,,
83857,,1,,
83869,,22,,
83879,,10,2,
83882,,1,1,
83897,,,1,
83899,,1,,
83914,,1,,
83915,,,8,
83916,,4,,
83919,,,8,
83922,,1,,
83942,,1,,
83943,,1,,
83945,,11,,
83952,,1,1,
83955,,1,1,
83966,,1,,
83969,,1,,
83973,,,8,
83982,,3,,
83985,,2,1,
83992,,9,,
84017,,2,,
84028,,10,,
84031,,2,,
84038,,2,,
84039,,1,,
84042,,1,,
84048,,2,,
84049,,1,,NONE
84054,,1,,
84055,,1,,
84063,,5,,
84065,,2,,
84066,,1,,
84090,,1,,
84118,,1,,
84120,,1,,
84123,,3,,
84125,,1,,
84130,,,1,
84135,,1,,
84137,,2,,HYDRO
84140,,,1,
84142,,6,,
84143,,1,,
84159,,,6,
84165,,1,,
84170,,1,,
84171,,2,,
84172,,1,,
84175,,1,,
84178,,2,,
84182,1,1,,
84184,,4,,
84188,,1,,
84189,,1,,
84191,,2,,
84192,,1,,
84194,,3,,NONE
84195,,2,1,
84196,,2,,
84197,,1,,
84198,,1,,
84200,,1,,
84207,,2,,
84209,,2,,
84210,,1,,
84211,,2,,
84216,,1,,
84217,,1,,
84218,,2,,
84221,,2,,
84222,,4,,
84224,,2,,
84225,,1,,
84226,,2,,
84227,,1,,
84228,,2,,
84231,,,1,
84232,,1,,
84233,,2,,
84234,1,,,
84237,,4,,
84239,,2,,
84240,,1,,
84241,,2,,
84242,,1,,
84247,,1,,
84253,,4,,
84257,,2,,
84259,,2,,
84262,,2,,
84264,,1,,
84266,,1,,
84270,,1,,
84272,,1,,
84278,,2,,
84279,,1,,
84280,,1,1,
84283,,9,,
84285,,5,,
84288,,2,,
84305,,2,,
84306,,1,,
84307,,4,,
84308,,1,,
84313,,4,,
84320,,1,,
84321,,1,,
84322,,1,1,
84330,,1,,
84331,,1,,
84335,,1,,
84337,,1,,
84338,,1,,
84339,,2,,
84345,,1,,
84346,,1,,
84350,,4,,
84352,,1,,
84361,,3,,
84370,,8,,
84372,,1,,
84376,,1,1,
84379,,2,,
84382,,1,,
84384,,1,,
84385,,2,,NONE
84388,,1,2,
84393,,1,,
84406,,1,,
84409,,14,,
84411,,1,,
84416,,2,,
84419,,2,,
84421,,4,,
84429,,2,,
84432,,2,,
84435,,1,,
84441,,5,,
84443,,1,,
84457,,1,,
84458,,3,,
84461,,2,,
84467,,1,,
84472,,1,,
84480,,2,,
84500,,2,,
84503,,4,,
84505,,2,,
84506,,5,,
84509,,4,,
84510,,2,,
84511,,2,,
84512,,2,,
84513,,2,,
84515,,1,,
84519,,1,,
84524,,1,1,
84526,,,1,
84529,,1,,
84536,,2,,
84545,,4,,
84546,,4,,
84553,,2,,
84554,,3,,
84555,,1,,HYDRO
84558,,2,,SOLAR
84559,,1,,
84561,,1,,
84566,,2,,
84579,,2,,
84589,,1,,
84648,,1,,
84650,,1,,
84651,,2,,
84654,,1,,
84661,,,1,
84662,,1,,
84664,,2,,
84668,,6,,
84674,,1,,
84678,,1,,
84680,,6,,
84683,,1,,
84684,,2,,
84685,,3,,
84689,,1,,
84690,,2,,
84693,,2,,
84696,,,8,
84706,,2,,
84707,,3,,
84711,,1,,NONE
84715,,1,,
84718,,2,,
84719,,2,,
84722,,2,,NONE
84726,,1,,
84732,,2,,
84738,,1,,
84744,2,6,2,SOLAR
84746,,1,,
84748,,1,,
84772,,1,,
84774,,1,,
84777,,4,,
84779,,3,,
84780,,1,,
84838,,1,,
84839,,3,,
84840,,1,,
84847,,3,,
84848,,1,,
84850,,1,,
84851,,1,,
84855,,2,1,
84858,,4,,
84862,,1,2,
84867,,2,,
84868,,2,,
84873,,2,,
84874,,1,,
84884,,2,,
84888,,1,,
84894,,2,,
84895,,2,,
84897,,1,,
84898,,2,,
84901,,1,,
84904,,1,,
84906,,1,,
84910,,1,1,
84913,,1,,
84914,,1,,
84917,,1,,
84921,,2,,
84922,,2,,
84924,,2,,
84925,,2,,
84926,,2,1,
84927,,1,,
84928,,1,,
84931,,1,,
84933,,2,,
84934,,3,,
84935,,1,,
84936,,2,,
84939,,1,,
84942,,2,,
84943,,1,,
84944,,15,,
84952,,1,,
84963,,5,,
84964,,1,,
84967,1,1,2,
84968,,1,,
84970,,1,,
84973,,5,,
84974,,4,,
84977,,1,,
84988,,1,,
84990,,4,,
84991,1,1,,
84993,,1,,
84995,,2,,
84996,,14,,
84997,,2,,
84998,,1,,NONE
85006,,2,,
85009,,2,,
85013,,4,,
85014,,2,,
85016,,2,,
85019,,1,,
85030,,,4,
85034,,,8,
85050,,,8,
85067,,,4,
85109,,,8,
85126,,,1,
85127,,,1,
85135,,2,,
85148,,,8,
85155,,,8,
85163,,,8,
85188,,1,,
85193,,,1,
85198,,,1,
85200,,,1,
85207,,,8,
85216,,,1,
85226,,,1,
85228,,3,,
85231,,10,,
85241,,,1,
85253,,15,,
85293,,2,,
85315,,3,,
85323,,3,,
85324,,2,,
85330,,1,,
85333,,3,,
85336,,1,,
85338,,3,,
85339,,1,,
85341,,1,,
85349,,,10,
85366,,,4,
85784,,1,,SOLAR
86805,,,8,
86832,,1,,
86833,,2,,
86834,,1,,
87663,,,1,
87664,,,1,
87665,,1,,
87668,,,1,
88036,,9,,
88062,,,1,
88063,,,1,
88075,,2,,
88193,,,4,
88194,,,10,
88195,,,8,
88196,,,1,
88197,,,2,
88198,,,2,
88200,,1,2,
88201,,,2,
88202,,,2,
88203,,,2,
88204,,,2,
88205,,,2,
88207,,,2,
88208,,,2,
88209,,,2,
88223,,,1,
88661,5,,,
88662,,10,,
88663,,9,,
88666,,6,,
88667,2,2,,
88669,,1,,
88688,,,1,
88690,,,1,
89925,,2,,
89927,,4,,
91168,,2,,
91182,,1,,
91184,,1,,
91392,,2,,
91401,,2,,
91455,,2,,
91577,,2,,
91596,,2,,
91604,,2,,
91620,,2,,
91647,,2,,
91654,,2,,
91880,,1,,
91896,,1,,
91897,,20,2,
91990,,1,,
91994,,2,,
92528,,1,,
92553,,2,,
93802,,2,,
94380,,6,,
94465,,2,,
94466,,1,,
94467,,2,,
94468,,3,,
94469,,3,,
94470,,,1,
94474,,,1,
94484,,,1,
94491,,1,,
94551,,2,,
94552,,2,,
94915,19,,,
94916,3,,,
94918,,8,,
94919,,2,,
94968,,2,,
97050,,2,,
97083,,1,,
98462,,2,,
98517,,2,,
98518,,4,,
98548,,1,,
98774,,2,,
98775,,,1,
99411,,2,,
99455,,2,,
99457,,2,,
99458,,2,,
99459,,2,,
99592,,2,,
99857,,2,,
99858,,2,,
100308,,1,,
100437,,2,,
100502,,2,,
100504,,1,,
100560,,2,,
102707,,2,,
103130,,,8,
103841,,2,,
103842,,1,,
104041,,2,,
104229,,2,,
104325,,2,,
104326,,2,,
104327,,2,,
104328,,2,,
104329,,2,,
104330,,2,,
104331,,2,,
104332,,2,,
104334,,2,,
104355,,2,,
104356,,2,,
104357,,2,,
104402,,2,,
104422,,2,,
104524,,2,,
104525,,2,,
104527,,2,,
104540,,2,,
104700,,2,,
104701,,1,,
104702,,2,,
104703,,1,,
104720,,2,,
104760,,2,,
104790,,2,,
104808,,2,,
104844,,2,,
104910,,2,,
104911,,2,,
104912,,2,,
104913,,2,,
104914,,2,,
104915,,2,,
105095,,2,,
105110,,2,,
105112,,2,,
105121,,1,,
105215,,2,,
105282,,2,,
105283,,1,,
105317,,1,,
105353,,2,,
105355,,2,,
105474,,2,,
105475,,2,,
105477,,1,,
105571,,,20,
116255,,2,,
116256,,3,,
116258,,2,,
116259,,2,,
116260,,1,,
116261,,3,,
116262,,9,,
116263,,6,,
116264,,2,,
116265,,2,,
116266,,2,,
116267,,2,,
116268,,2,,
116270,,3,,
116271,,1,,
116272,,2,,
116273,,3,,
116275,,1,,
116276,,1,,
116277,,2,,
116278,,4,,
116279,,3,,
116281,,2,,
116282,,6,,
116283,,3,,
116284,,1,,
116285,,4,,
116286,,2,,
116287,,2,,
116289,,3,,
116290,,2,,
116291,,2,,
116292,,1,,
116295,,2,,
116296,,4,,
116297,,1,,
116298,,2,,
116299,,1,,
116300,,2,,
116301,,1,,
116302,,2,,
116303,,2,,
116304,,2,,
116305,,2,,
116307,,2,,
116308,,3,,
116309,,3,,
116310,,2,,
116311,,3,,
116312,,2,,
116313,,2,,
116314,,2,,
116315,,2,,
116317,,1,,
116318,,2,,
116319,,6,,
116320,,2,,
116321,,2,,
116322,,2,,
116324,,2,,
116325,,3,,
116326,,2,,
116327,,2,,
116328,,1,,
116330,,2,,
116331,,2,,
116332,,2,,
116333,,2,,
116334,,1,,
116335,,2,,
116336,,2,,
116337,,2,,
116338,,3,,
116339,,4,,
116340,,2,,
116341,,3,,
116342,,2,,
116343,,3,,
116344,,2,,
116345,,2,,
116346,,2,,
116347,,3,,
116348,,3,,
116349,,1,,
116350,,2,,
116351,,1,,
116352,,3,,
116353,,2,,
116354,,3,,
116355,,3,,
116356,,2,,
116357,,2,,
116358,,2,,
116359,,2,,
116360,,2,,
116362,,3,,
116363,,1,,
116364,,2,,
116365,,2,,
116366,,3,,
116368,,2,,
116369,,2,,
116370,,2,,
116371,,2,,
116373,,2,,
116374,,1,,
116375,,1,,
116377,,1,,
116378,,2,,
116379,,1,,
116380,,1,,
116381,,3,,
116382,,2,,
116383,,4,,
116384,,2,,
116385,,3,,
116386,,2,,
116387,,3,,
116388,,4,,
116389,,1,,
116390,,6,,
116391,,6,,
116392,,1,,
116393,,1,,
116394,,2,,
116395,,2,,
116396,,1,,
116398,,2,,
116399,,3,,
116400,,2,,
116401,,3,,
116402,,2,,
116403,,2,,
116404,,2,,
116405,,6,,
116406,,3,,
116407,,9,,
116408,,2,,
116409,,2,,
116410,,3,,
116411,,4,,
116412,,2,,
116413,,2,,
116414,,3,,
116415,,2,,
116416,,1,,
116417,,2,,
116418,,2,,
116419,,12,,
116420,,3,,
116421,,2,,
116422,,2,,
116423,,2,,
116426,,1,,
116427,,2,,
116428,,3,,
116429,,2,,
116430,,2,,
116431,,1,,
116432,,1,,
116433,,2,,
116434,,2,,
116435,,2,,
116436,,2,,
116437,,4,,
116438,,1,,
116439,,3,,
116440,,1,,
116441,,2,,
116442,,12,,
116443,,12,,
116444,,5,,
116445,,1,,
116446,,3,,
116447,,24,,
116448,,12,,
116449,,12,,
116450,,6,,
116451,,6,,
116452,,2,,
116453,,6,,
116454,,2,,
116455,,5,,
116456,,4,,
116457,,2,,
116458,,12,,
116459,,1,,
116460,,4,,
116461,,3,,
116462,,1,,
116463,,2,,
116464,,2,,
116465,,2,,
116466,,1,,
116467,,5,,
116468,,3,,
116469,,2,,
116470,,2,,
116471,,3,,
116472,,2,,
116473,,4,,
116474,,1,,
116475,,4,,
116477,,4,,
116478,,3,,
116479,,2,,
116480,,3,,
116481,,2,,
116482,,3,,
116483,,4,,
116485,,2,,
116486,,16,,
116487,,16,,
116488,,16,,
116489,,8,,
116490,,4,,
116491,,2,,
116492,,4,,
116493,,1,,
116494,,2,,
116495,,2,,
116496,,2,,
116497,,1,,
116498,,2,,
116499,,2,,
116500,,1,,
116501,,4,,
116502,,4,,
116503,,16,,
116505,,4,,
116506,,2,,
116507,,4,,
116508,,2,,
116509,,12,,
116510,,12,,
116511,,5,,
116512,,1,,
116513,,10,,
116514,,12,,
116515,,1,,
116517,,3,,
116518,,2,,
116519,,3,,
116520,,2,,
116521,,2,,
116522,,2,,
116523,,2,,
116524,,1,,
116525,,2,,
116526,,3,,
116530,,12,,
116531,,3,,
116532,,9,,
116533,,2,,
116534,,3,,
116535,,2,,
116536,,3,,
116537,,3,,
116538,,2,,
116539,,3,,
116540,,5,,
116541,,8,,
116542,,2,,
116543,,2,,
116544,,4,,
116545,,2,,
116546,,2,,
116547,,3,,
116548,,12,,
116549,,2,,
116550,,2,,
116552,,3,,
116553,,4,,
116554,,6,,
116556,,60,,
116557,,3,,
116558,,3,,
116559,,32,,
116560,,1,,
116561,,8,,
116562,,2,,
116563,,2,,
116564,,24,,
116566,,30,,
116567,,2,,
116568,,2,,
116569,,6,,
116570,,2,,
116571,,2,,
116572,,4,,
116573,,3,,
116574,,3,,
116575,,2,,
116576,,3,,
116577,,2,,
116578,,2,,
116579,,3,,
116580,,3,,
116581,,1,,
116582,,1,,
116583,,1,,
116584,,1,,
116585,,1,,
116586,,1,,
116587,,3,,
116588,,3,,
116590,,4,,
116591,,5,,
116594,,2,,
116595,,1,,
116596,,3,,
116597,,2,,
116598,,1,,
116599,,1,,
116600,,6,,
116601,,1,,
116602,,2,,
116603,,2,,
116604,,1,,
116605,,2,,
116606,,1,,
116612,,6,,
116613,,1,,
116614,,3,,
116615,,2,,
116616,,3,,
116617,,2,,
116618,,2,,
116619,,5,,
116620,,2,,
116621,,3,,
116622,,1,,
116624,,10,,
116625,,12,,
116628,,8,,
116629,,3,,
116630,,3,,
116631,,9,,
116632,,12,,
116633,,3,,
116634,,3,,
116635,,3,,
116636,,2,,
116637,,25,,
116639,,2,,
116640,,2,,
116641,,12,,
116643,,3,,
116644,,2,,
116646,,1,,
116648,,2,,
116649,,7,,
116651,,2,,
116652,,3,,
116653,,3,,
116656,,2,,
116657,,2,,
116658,,3,,
116660,,5,,
116662,,1,,
116663,,1,,
116664,,3,,
116665,,3,,
116666,,3,,
116667,,3,,
116668,,3,,
116669,,2,,
116670,,1,,
116671,,2,,
116672,,2,,
116673,,3,,
116674,,5,,
116675,,2,,
116676,,1,,
116677,,2,,
116678,,1,,
116679,,2,,
116680,,2,,
116681,,1,,
116682,,1,,
116683,,3,,
116685,,2,,
116686,,2,,
116687,,2,,
116688,,3,,
116689,,1,,
116690,,1,,
116691,,1,,
116692,,2,,
116693,,2,,
116694,,3,,
116695,,3,,
116696,,3,,
116697,,1,,
116698,,2,,
116699,,1,,
116700,,8,,
116701,,2,,
116702,,3,,
116703,,2,,
116705,,3,,
116706,,3,,
116708,,9,,
116709,,1,,
116710,,2,,
116711,,1,,
116712,,1,,
116713,,3,,
116739,,2,,
116831,,1,,
116947,,2,,
116995,,2,,
117164,,1,,
117209,,2,,
117210,,2,,
117233,,2,,
117363,,2,,
117487,,2,,
117488,,2,,
117532,,2,,
117549,,,1,
117581,,2,,
117689,,1,,
117690,,2,,
117706,,2,,
117764,,1,,
117789,,2,,
117838,,2,,
117840,,1,,
117841,,2,,
118325,,2,,
118344,,2,,
118689,,2,,
118712,,2,,
118733,,2,,
118734,,2,,
118920,,2,,
118980,,2,,
118985,,2,,
118986,,2,,
118988,,2,,
119060,,2,,
119078,,2,,
120899,,8,,
120900,,2,,
120901,,4,,
120921,,2,,
120922,,2,,
121041,,1,,
121042,,1,,
121060,,2,,
121062,,2,,
121133,,2,,
121250,,1,,
121251,,1,,
121252,,1,,
121276,,2,,
121277,,2,,
121278,,2,,
121367,,2,,
121368,,2,,
121369,,2,,
121370,,1,,
121494,,2,,
121558,,,1,
121586,,2,,
121620,,2,,
122250,,,8,
122251,,,20,
122252,,,20,
122253,,,20,
122254,,,20,
122255,,,8,
122256,,,20,
122257,,,16,
122258,,,8,
122267,,,20,
122268,,,8,
122269,,,10,
122274,,,10,
122276,,,8,
122277,,,8,
122278,,,8,
122280,,,6,
122284,,,12,
122286,,,8,
122287,,,16,
122288,,,16,
122294,,,12,
122299,,,12,
122301,,,12,
122302,,,20,
122313,,,16,
122314,,,20,
122315,,,16,
122316,,,20,
122317,,,8,
122318,,,8,
122320,,,8,
122321,,,10,
122327,,,8,
122330,,,10,
122336,,,4,
122337,,,12,
122338,,,16,
122340,,,20,
122347,,,8,
122354,,3,,
122355,,2,,
122356,,4,,
122361,,2,,
122362,,2,,
122363,,1,,
122364,,4,,
122365,,1,,
122367,,2,,
122506,,4,,
122507,,3,,
122508,,1,,
122509,,2,,
122510,,2,,
122511,,3,,
122512,,20,,
122513,,20,,
122514,,6,,
122515,,10,,
122516,,2,,
122517,,1,,
122530,,3,,
122531,,3,,
122532,,1,,
122534,,2,,
122535,,2,,
122536,,10,,
122537,,10,,
122538,,10,,
122539,,2,,
122541,,2,,
122777,,2,,
122831,,1,,
122927,,1,,
122928,,4,,
122929,,2,,
122930,,2,,
122931,,1,,
122932,,3,,
122933,,8,,
122934,,2,,
122935,,2,,
122937,,14,,
122941,,2,,
122951,1,,,
123005,,1,,
123006,,2,,
123034,,1,,
123475,,2,,
123476,,2,,
123541,,1,,
123574,,1,2,
123575,,1,2,
123576,,1,2,
123577,,1,2,
123630,,1,,
123678,,2,,
123707,,2,,
123763,,2,,
123987,,2,,
124131,,1,,
124825,,2,,
125755,,2,,
126265,,2,,
126635,,2,,
129365,,2,,
129376,,4,,
129381,,8,,
129398,,7,,
129404,,1,1,
129406,,1,,
129423,,4,,
129429,,3,,
129456,,2,,
129457,,1,,
129459,,1,,
129460,,2,,
129461,,2,,
129462,,2,,
129463,,1,,
129464,,2,1,
129465,,2,,
129466,,1,,
129468,,2,,
129469,,2,,
129470,,2,,
129472,,2,1,
129474,,2,,
129475,,2,1,
129476,,2,,
129477,,2,,
129478,,1,,
129479,,4,,
129480,,4,,
129481,,2,1,
129482,,2,2,
129483,,1,1,
129484,,2,,
129485,,4,,
129486,,3,,
129487,,2,,
129488,,2,1,
129490,,2,1,
129491,,1,,
129492,,2,,
129493,,2,,
129494,,3,,
129495,,3,,
129497,,2,1,
129499,,2,1,
129500,,2,1,
129503,,1,,
129504,,6,,
129505,,1,1,
129506,,4,,
129507,,2,,
129510,,1,,
129512,,8,,
129513,,2,1,
129514,,2,,
129519,,2,1,
129520,,2,,
129521,,8,,
129522,,2,1,
129523,,2,1,
129525,,2,,
129527,,10,,
129530,,4,,
129531,,2,,
129532,,5,,
129533,,6,1,
129534,,4,,
129538,,2,,
129539,,2,,
129543,,2,,
129544,,2,,
129545,,4,1,
129546,,5,,
129547,,2,1,
129549,,4,,
129550,,3,,
129552,,8,,
129553,,2,1,
129554,,1,1,
129555,,2,,
129556,,2,,
129557,,2,2,
129558,,4,,
129560,,2,2,
129561,,1,1,
129562,,2,,
129563,,1,,
129565,,2,1,
129567,,2,,
129568,,2,,
129569,,1,,
129570,,1,,
129571,,2,,
129572,,1,1,
129573,,2,1,
129574,,2,,
129575,,2,,
129577,,2,,
129578,,2,,
129579,,2,,
129580,,2,,
129581,,2,,
129582,,4,,
129583,,2,,
129587,,2,,
129588,,1,,
129589,,1,,
129590,,2,,
129591,,4,,
129592,,2,,
129593,,1,2,
129594,,1,,
129595,,2,,
129596,,2,,
129597,,1,,
129598,,1,1,
129599,,1,1,
129602,,1,,
129603,,2,,
129604,,1,1,
129606,,1,,
129608,,1,1,
129609,,4,,
129610,,1,,
129611,,2,,
129612,,1,,
129613,,1,1,
129616,,2,,
129617,,2,,
129618,,2,,
129620,,2,,
129621,,3,,
129622,,2,,
129623,,1,,
129624,,2,,
129627,,1,,
129629,,2,,
129630,,2,,
129632,,2,,
129633,,4,,
129636,,1,,
129637,,2,,
129638,,2,,
129639,,2,,
129640,,1,,
129641,,1,,
129643,,2,,
129644,,1,,
129645,,1,1,
129646,,3,,
129647,,1,,
129648,,2,,
129649,,2,,
129650,,2,,
129651,,4,,
129652,,2,,
129653,,2,,
129654,,2,,
129656,,1,,
129657,,2,,
129658,,2,,
129660,,3,,
129661,,2,1,
129662,,2,,
129665,,1,,
129666,,2,,
129667,,2,,
129669,,3,,
129671,,2,,
129672,,3,,
129673,,2,,
129674,,2,1,
129675,,1,,
129676,,2,,
129677,,4,,
129678,,2,,
129679,,2,,
129680,,2,,
129681,,6,,
129682,,2,,
129683,,4,,
129685,,1,,
129686,,2,,
129687,,4,,
129688,,1,,
129691,,2,,
129692,,3,,
129693,,2,,
129694,,3,,
129695,,4,,
129696,,4,,
129697,,5,,
129698,,2,,
129700,,1,,
129701,,11,,
129702,,4,,
129703,,5,,
129704,,4,,
129705,,4,,
129706,,3,,
129707,,2,1,
129708,,4,,
129710,,8,,
129712,,2,,
129713,,1,,
129714,,1,,
129715,,4,,
129717,,2,,
129718,,2,,
129719,,2,,
129720,,4,,
129721,,2,,
129722,,4,,
129725,,2,,
129727,,2,,
129728,,2,,
129729,,2,,
129730,,1,,
129732,,2,,
129733,,2,,
129734,,2,,
129736,,3,,
129738,,1,,
129739,,4,,
129740,,4,,
129741,,4,,
129742,,3,,
129744,,4,,
129746,,2,,
129747,,2,,
129749,,2,,
129750,,4,,
129752,,2,,
129753,,1,,
129754,,1,1,
129755,,2,1,
129756,,6,,
129757,,2,,
129759,,1,,
129760,,2,,
129761,,2,,
129762,,2,1,
129764,,1,,
129765,,1,,
129766,,2,,
129767,,1,,
129768,,3,,
129769,,2,,
129772,,2,,
129773,,2,,
129774,,2,,
129776,,2,,
129778,,2,,
129779,,1,1,
129780,,2,,
129781,,2,,
129782,,2,,
129783,,2,,
129784,,2,,
129786,,1,,
129787,,2,,
129788,,4,,
129789,,2,,
129790,,1,,
129791,,2,,
129792,,8,,
129793,,2,,
129794,,2,,
129795,,2,,
129799,,2,,
129800,,8,,
129801,,4,,
129802,,1,1,
129805,,1,,
129806,,1,,
129808,,1,1,
129810,,2,,
129812,,1,,
129813,,1,,
129816,,1,,
129817,,1,,
129818,,2,,
129819,,2,,
129820,,2,,
129821,,1,,
129823,,1,1,
129828,,2,1,
129832,,1,,
129835,,1,1,
129837,,2,,
129838,,3,,
129839,,3,,
129841,,1,1,
129843,,2,,
129844,,2,,
129845,,1,,
129846,,1,,
129847,,1,,
129848,,1,,
129849,,1,,
129850,,9,3,
129851,,4,,
129852,,2,,
129853,,3,,
129854,,2,,
129855,,2,,
129856,,4,,
129857,,4,,
129859,,2,,
129861,,1,,
129862,,2,,
129863,,4,,
129864,,2,,
129865,,1,,
129866,,1,,
129867,,1,,
129868,,2,,
129869,,4,,
129870,,2,,
129871,,5,,
129872,,4,1,
129874,,1,,
129875,,1,,
129876,,1,,
129878,,5,,
129879,,2,,
129881,,2,,
129885,,4,,
129886,,2,,
129888,,4,,
129892,,1,,
129893,,2,,
129894,,2,,
129895,,2,,
129896,,2,,
129897,,3,,
129900,,1,,
129901,,1,,
129903,,2,1,
129904,,3,,
129905,,2,,
129906,,2,,
129907,,1,,
129909,,2,,
129910,,2,,
129912,,1,,
129914,,1,1,
129915,,1,,
129918,,2,,
129919,,1,,
129920,,2,,
129921,,2,,
129922,,1,,
129923,,1,,
129926,,4,,
129927,,2,,
129928,,4,,
129929,,2,,
129930,,2,,
129931,,16,,
129932,,2,,
129934,,2,,
129937,,2,,
129938,,2,,
129939,,6,,
129940,,4,,
129941,,3,,
129943,,4,,
129944,,4,,
129945,,2,,
129948,,2,,
129949,,2,,
129950,,1,,
129953,,2,,
129954,,1,,
129955,,3,,
129956,,2,,
129957,,2,,
129959,,2,,
129960,,2,,
129961,,14,,
129962,,2,,
129965,,,2,
129966,,2,,
129967,,2,,
129968,,2,,
129969,,1,,
129970,,1,,
129973,,,2,
129974,,1,,
129975,,,2,
129976,,1,,
129977,,4,,
129978,,2,,
129983,,2,,
129985,,3,,
129986,,6,,
129988,,1,,
129991,,18,,
129992,,2,,
129993,,1,,
129994,,6,,
129995,,4,,
129998,,2,,
129999,,2,,
130001,,4,,
130003,,2,,
130004,,2,,
130007,,2,,
130008,,2,,
130011,,2,,
130012,,6,,
130013,,4,,
130014,,1,,
130016,,2,,
130017,,1,,
130018,,4,,
130019,,1,,
130020,,2,,
130021,,6,,
130022,,4,,
130023,,5,,
130024,,4,,
130029,,1,,
130030,,2,,
130031,,,1,
130033,,2,,
130034,,2,,
130036,,2,,
130037,,4,,
130038,,2,,
130039,,2,,
130041,,1,,
130042,,2,,
130044,,2,,
130045,,1,,
130046,,2,,
130047,,1,,
130049,,4,,
130052,,1,,
130053,,1,,
130054,,1,,
130055,,1,,
130056,,1,,
130058,,2,,
130060,,2,,
130061,,2,,
130062,,1,,
130063,,2,,
130064,,2,1,
130065,,1,,
130066,,2,,
130068,,1,1,
130069,,1,,
130070,,1,,
130071,,2,,
130073,,4,,
130074,,1,,
130075,,2,,
130076,,1,,
130078,,1,,
130081,,2,,
130083,,2,1,
130084,,1,,
130086,,4,,
130087,,1,,
130088,,2,1,
130090,,1,,
130093,,3,,
130094,,2,1,
130095,,2,,
130096,,2,1,
131987,,2,,
132322,,2,,
134006,,1,,
136701,,2,,
137141,,4,,
137639,,1,,
139502,,2,2,
139981,,2,,
139991,,1,,
139999,,,2,
140000,,,2,
142576,,2,,
143119,,1,1,
143120,,4,,
143831,,2,,
143929,,2,,
143973,,4,,
143974,,2,,
144060,,3,,
144061,,2,,
144062,,2,,
144163,,2,,
144360,,4,,
144521,,2,,
144522,,2,,
145007,,2,,
145008,,2,,
145009,,2,,
145030,,6,,
145092,,2,,
145208,,1,,
145230,,2,,
145231,,2,,
145242,,8,,
145321,,1,,
145322,,2,,
145345,,2,,
145374,,6,,
145399,,2,,
145402,,2,,
145458,,2,,
145678,,2,,
145698,,1,1,
145702,,1,1,
145703,,2,,
145704,,4,,
145705,,1,1,
145706,,1,,
145707,,1,1,
145708,,1,1,
145710,,1,1,
145711,,1,1,
145712,,1,,
145713,,1,1,
145715,,1,1,
145716,,1,1,
145717,,1,,
145719,,1,1,
145721,,1,1,
145723,,1,1,
145727,,1,1,
145729,,1,1,
145731,,1,2,
145732,,1,1,
145733,,,4,
145750,,5,,
146564,,1,,
146703,,2,,
146704,,4,,
146705,,1,,
146877,,1,,
146995,,2,,
146996,,1,,
147029,,5,,
147030,,2,,
147057,,1,,
147063,,2,,
147203,,2,,
147228,,4,,
147367,,2,,
147373,,,2,
147374,,,2,
147375,,,2,
147408,,2,,
147437,,2,,
147479,,5,,
147480,,1,,
147482,,2,,
147516,,1,,
147600,,2,,
147650,,,2,
147651,,,2,
147652,,,2,
149095,,2,,
149096,,2,,
149120,,2,,
149121,,2,,
149122,,2,,
149123,,3,,
149154,,2,,
149191,,2,,
149195,,2,,
149196,,4,,
149215,,2,,
149217,,2,,
149218,,1,,
149219,,,1,
149259,,2,,
149278,,2,,
149282,,1,,
149307,,,8,
149338,,,20,
149362,,,22,
149383,,2,,
149388,,4,,
149389,,4,,
149390,,,1,
149422,,1,,
149423,,1,,
149451,,2,,
149527,,1,,
149640,,6,,
149642,,1,,
149648,,2,,
149673,,1,,
149734,,2,,
149742,,1,,
149743,,2,,
149744,,1,,
149764,,2,,
149794,,1,,
149835,,4,,
149884,,,1,
149885,,2,,
149895,,1,,
149896,,4,,
149897,,2,,
149898,,1,,
149899,,,2,
149901,,,2,
149943,,2,,
149944,,2,,
149947,,1,,
150006,,2,,
150010,,4,,
150272,,1,,
150273,,1,,
150320,,2,,
150321,,2,,
150322,,2,,
150323,,2,,
150327,,2,,
150328,,4,,
150329,,1,,
150330,,2,,
150359,,2,,
150382,,2,,
150387,,2,,
150388,,2,,
150389,,6,,
150390,,,2,
150473,,1,,
150493,,1,,
150496,,9,,
150500,,2,,
150503,,2,,
150507,,1,,
150509,,1,,
150514,,1,,
150515,,2,,
150516,,5,,
150518,,2,,
150519,,3,,
150545,,4,,
150549,,26,,
150588,,12,,
150625,,12,,
150626,,24,,
150627,,21,,
150628,,9,,
150629,,12,,
150646,,20,,
150654,,12,,
150655,,3,,
150674,,2,,
150679,,4,,
150698,,1,,
150703,,3,,
150704,,1,,
150707,,5,,
150719,,3,,
150721,,6,,
150727,,8,,
150728,,2,,
150747,,5,,
150816,,2,,
151930,,2,,
151931,,8,,
152308,,2,,
152309,,1,,
152397,,2,,
152418,,2,,
152476,,8,,
152514,,2,,
152535,,2,,
152536,,2,,
152537,,2,,
152553,,1,,
152554,,2,,
152578,,2,,
152896,,1,,
152897,,1,,
153065,,2,,
153108,,1,,
153126,,2,,
153127,,2,,
153128,,2,,
153129,,,1,
153202,,2,,
153208,,1,,
153242,,,2,
153243,,1,2,
153244,,,2,
153273,,1,,
153274,,1,,
153316,,2,,
153317,,2,,
153344,,4,,
153345,,4,,
153407,,,6,
153408,,,6,
153409,,,6,
153413,,,6,
153414,,,6,
153415,,,6,
153416,,,6,
153418,,,6,
153421,,,8,
153423,,,8,
153426,,,6,
153427,,,8,
153428,,,6,
153430,,,6,
153432,,,8,
153435,,,8,
153436,,,6,
153437,,,6,
153439,,,6,
153440,,,6,
153444,,,6,
153446,,,6,
153447,,,6,
153448,,,6,
153450,,,6,
153452,,,6,
153455,,,8,
153457,,,6,
153458,,,6,
153459,,,6,
153460,,,6,
153603,,2,,
153607,,8,,
153621,,,2,
153625,,,2,
153626,,,4,
153657,,2,,
153838,,,1,
153839,,1,,
153840,,4,,
153841,,2,,
153877,,4,,
153891,,2,,
153892,,2,,
153917,,,4,
153948,,1,,
154151,,2,,
154189,,2,,
154190,,1,,
154280,,2,,
154281,,2,,
154309,,1,,
154310,,1,,
154343,,2,,
154394,,5,,
154486,,2,,
154491,,2,,
154562,,2,,
154610,,1,,
154622,,,1,
154712,,2,,
154788,,2,,
154825,,2,,
155144,,1,,
155252,,4,,
155253,,2,,
155267,,2,,
155434,,2,,
155472,,1,1,
155473,,1,1,
155474,,1,3,
155475,,1,1,
155478,,1,,
155479,,1,1,
155480,,2,,
155558,,,2,
156067,,2,,
156088,,4,,
156303,,2,,
156328,,4,,
156329,,3,,
156330,,2,,
156488,,2,,
156650,,1,,
156664,,,4,
156675,,,4,
156686,,,2,
156687,,,2,
156688,,,2,
156737,,,2,
156738,,,2,
156742,,,2,
156756,,,1,
156764,,,1,
156770,,,1,
156788,,,1,
156821,,1,,
157682,,,2,
157697,,16,2,
157718,,,4,
157791,,,2,
157812,,,2,
157816,,,2,
157834,,,2,
157836,,,2,
157837,,,2,
157844,,,2,
157846,,,2,
157888,,,12,
157889,,,20,
157890,,,8,
157891,,,12,
157892,,,12,
157893,,,8,
158028,,,1,
158057,,4,2,
158185,,,1,
158209,,,1,
158211,,,2,
158251,,,2,
158291,,12,4,
158292,,,2,
158294,,,2,
158320,,,1,
158521,,2,,
158522,,2,,
158539,,2,,
158540,,2,,
158542,,2,,
158543,,2,,
158544,,2,,
162850,,1,,
162851,,1,,
162853,,2,,
162858,,2,,
162864,,1,,
162865,,2,,
162866,,2,,
162872,,2,,
162877,,2,,
162878,,2,,
162880,,2,,
162881,,2,,
162882,,2,,
162883,,2,,
162884,,2,,
162885,,2,,
162888,,1,,
162889,,1,,
162891,,1,,
162895,,2,,
162896,,2,,
162898,,2,,
162899,,2,,
162901,,2,,
162902,,2,,
162904,,2,,
162905,,1,,
162907,,1,,
162908,,2,,
162911,,1,,
162913,,1,,
162919,,2,,
162920,,2,,
162921,,2,,
162924,,2,,
162925,,2,,
162926,,2,,
162928,,2,,
162930,,2,,
162931,,2,,
162933,,2,,
162942,,2,,
162945,,2,,
162948,,2,,
162951,,,1,
162957,,2,,
162959,,2,,
162965,,2,,
162967,,2,,
162972,,1,,
162983,,2,,
162984,,2,,
162987,,2,,
162990,,2,,
162995,,1,,
163000,,2,,
163002,,,1,
163005,,1,,
163008,,1,,
163009,,1,,
163015,,1,,
163016,,1,,
163017,,1,,
163018,,1,,
163020,,2,,
163021,,2,,
163029,,1,,
163035,,1,,
163037,,2,,
163038,,2,,
163040,,2,,
163041,,2,,
163042,,2,,
163043,,2,,
163053,,2,,
163055,,,1,
163060,,2,,
163064,,2,,
163065,,1,,
163066,,1,,
163068,,1,,
163073,,2,,
163074,,2,,
163076,,2,,
163078,,2,,
163079,,2,,
163080,,2,,
163081,,2,,
163082,,2,,
163083,,2,,
163084,,1,,
163087,,1,,
163090,,2,,
163091,,2,,
163092,,2,,
163093,,2,,
163094,,2,,
163095,,2,,
163098,,2,,
163100,,2,,
163102,,2,,
163104,,2,,
163110,,1,,
163114,,1,,
163115,,2,,
163123,,2,,
163124,,2,,
163127,,2,,
163131,,2,,
163132,,2,,
163133,,2,,
163134,,1,,
163135,,2,,
163138,,2,,
163141,,2,,
163142,,2,,
163143,,2,,
163146,,1,,
163148,,2,,
163149,,2,,
163155,,2,,
163156,,2,,
163169,,2,,
163170,,2,,
163171,,2,,
163172,,2,,
163173,,2,,
163174,,2,,
163178,,2,,
163180,,2,,
163187,,2,,
163190,,2,,
163192,,2,,
163193,,1,,
163196,,1,,
163207,,2,,
163212,,2,,
163217,,2,,
163220,,2,,
163226,,1,,
163227,,1,,
163229,,2,,
163236,,2,,
163237,,2,,
163240,,2,,
163241,,2,,
163242,,2,,
163244,,2,,
163245,,2,,
163246,,2,,
163248,,2,,
163249,,2,,
163252,,2,,
163255,,2,,
163259,,2,,
163270,,2,,
163318,,2,,
163429,,2,,
163430,,2,,
163520,,2,,
163652,,2,,
163741,,2,,
163742,,4,,
163834,,,4,
163835,,2,,
163836,,2,,
164038,,14,,
164058,,2,,
164214,,2,,
164215,,2,,
164216,,2,,
164363,,1,,
164364,,2,,
164365,,2,,
164435,,1,1,
164437,,,5,
164438,,,1,
164439,,,1,
164453,,2,,
164454,,2,,
164455,,2,,
164456,,2,,
164457,,2,,
164461,,,1,
164463,,,2,
164464,,,2,
164465,,9,8,
164466,,,1,
164513,,,1,
164614,,1,,
164829,,1,,
164830,,1,,
164866,,2,,
165186,,,4,
165234,,2,,
165293,,4,,
165318,,4,,
165342,,4,,
165374,,2,,
165375,,10,,
165376,,10,,
165377,,10,,
165378,,10,,
165379,,10,,
165416,,2,,
165518,,4,,
165569,,2,,
165581,,,8,
165582,,,12,
165817,,1,,
165838,,1,,
166777,,1,,
166831,,2,,
166886,,6,,
166927,,1,,
166957,,2,,
166958,,2,,
166990,,1,,
166991,,1,,
167050,,,4,
167078,,2,,
167079,,2,,
167148,,4,,
167168,,10,,
167238,,2,,
167239,,,2,
167356,,2,,
167357,,2,,
167399,,1,,
167412,,2,,
167477,,2,,
167493,,2,,
167565,,2,,
167566,,1,,
167567,,2,,
167568,,2,,
167570,,2,,
167896,,,1,
167898,,4,,
167899,,2,,
167985,,2,,
168008,,1,,
168009,,8,,
168017,,1,,
168085,,2,,
168110,,2,,
168118,,4,,
168153,,,4,
168182,,2,,
168183,,2,,
168185,,2,,
168203,,2,,
168204,,2,,
168205,,2,,
168209,,,4,
168210,,2,,
168212,,1,,
168239,,1,,
168336,,2,,
168340,,2,,
168492,,2,,
168493,,4,1,
168535,,6,,
168536,,1,,
168541,,20,,
168550,,20,,
168562,,20,,
168575,,4,,
168594,,6,,
168596,,2,,
168599,,4,,
168612,,2,,
168624,,2,,
168732,,2,,
168758,,4,,
168765,,20,,
168775,,2,,
168795,,12,,
168816,,3,,
168818,,2,,
168841,,1,,
168854,,3,,
168859,,3,,
168914,,2,,
168927,,2,,
168932,,4,,
168939,,1,,
168944,,7,,
169003,,12,,
169025,,2,,
169037,,2,,
169038,,2,,
169066,,2,,
169075,,6,,
169086,,2,,
169114,,6,,
169143,,2,,
169148,,1,,
169150,,4,,
169154,,6,,
169157,,5,,
169176,,4,,
169181,,10,,
169199,,4,,
169208,,5,,
169218,,1,,
169224,,5,,
169225,,5,,
169238,,4,,
169264,,2,,
169265,,5,,
169385,,,1,
169415,,2,,
169511,,2,,
169514,,6,,
169655,,1,,
169658,,,2,
169663,,1,,
169670,,2,,
169671,,2,,
169672,,4,,
169674,,2,,
169676,,2,,
169678,,3,,
169681,,3,,
169682,,3,,
169683,,,4,
169684,,,4,
169685,,,4,
169687,,,6,
169919,,,2,
169920,,2,,
169922,,2,,
169923,,1,,
169925,,2,,
169926,,1,,
169982,,4,,
169983,,1,,
169984,,4,,
169985,,4,,
170008,,,2,
170009,,2,,
170037,,4,,
170154,,1,,
170155,,1,,
170249,,1,,
170256,,,4,
170257,,,4,
170258,,,4,
170371,,1,,
170372,,6,,
170374,,1,,
170375,,3,,
170415,,2,,
170421,,2,,
170439,,,4,
170514,,,4,
170691,,4,,
170692,,4,,
170693,,5,,
170694,,2,,
170987,,1,,
171246,,1,,
171266,,2,,
171267,,1,,
171315,,1,,
171316,,2,,
171317,,2,,
171351,,6,,
171352,,1,,
171411,,2,,
171412,,2,,
171413,,2,,
171415,,4,,
171426,,1,2,
171427,,1,2,
171428,,2,,
171429,,1,,
171439,,4,,
171440,,1,,
171480,,,1,
171481,,4,,
173032,,2,,
173033,,2,,
173037,,2,,
173038,,2,,
173039,,2,,
173041,,2,,
173043,,2,,
173046,,2,,
173103,,2,,
173104,,2,,
173105,,2,,
173106,,2,,
173107,,2,,
173108,,2,,
173109,,2,,
173110,,2,,
173111,,2,,
173112,,2,,
173113,,2,,
173114,,2,,
173286,,2,,
173321,,2,,
173322,,2,,
173323,,2,,
173324,,2,,
173325,,2,,
173326,,2,,
173327,,2,,
173328,,2,,
173329,,2,,
173330,,2,,
173331,,2,,
173332,,2,,
173333,,2,,
173334,,2,,
173338,,2,,
173358,,1,,
173505,,2,,
173517,,1,,
173519,,2,,
173520,,2,,
173521,,2,,
173522,,2,,
173523,,2,,
173524,,2,,
173525,,2,,
173527,,,1,
173535,,2,,
173554,,1,,
173555,,1,,
173556,,1,,
173557,,2,,
173558,,2,,
173559,,1,,
173563,,2,,
173570,,2,,
173575,,2,,
173578,,1,,
173622,,1,,
173623,,1,,
173624,,2,,
173625,,2,,
173626,,2,,
173636,,2,,
173639,,1,,
173688,,1,,
173735,,2,,
173736,,2,,
173769,,2,,
173770,,2,,
173771,,2,,
173772,,2,,
173773,,2,,
173774,,2,,
173775,,2,,
173776,,2,,
173792,,1,,
173812,,2,,
173814,,2,,
173815,,2,,
173816,,2,,
173838,,2,,
173839,,2,,
173840,,2,,
173841,,2,,
173842,,2,,
173843,,2,,
173844,,2,,
173845,,2,,
173846,,2,,
173883,,2,,
173915,,2,,
173946,,1,,
173957,,2,,
174095,,1,,
174121,,2,,
174141,,1,,
174157,,2,,
174158,,1,,
174159,,2,,
174160,,2,,
174161,,2,,
174162,,2,,
174163,,2,,
174164,,2,,
174165,,2,,
174459,,2,,
174460,,2,,
174462,,2,,
174468,,2,,
174627,,2,,
174677,,2,,
174683,,2,,
174788,,2,,
174789,,2,,
174790,,2,,
174807,,2,,
174812,,2,,
174813,,2,,
174845,,2,,
174846,,2,,
174847,,2,,
174848,,2,,
174849,,2,,
174998,,2,,
174999,,1,,
175148,,2,,
175149,,2,,
175150,,2,,
175151,,2,,
175152,,1,,
175153,,2,,
175159,,2,,
175379,,2,,
175410,,,1,
175502,,2,,
175773,,1,,
180357,,1,,
180367,,2,,
180369,,2,,
180370,,2,,
180371,,1,,
180373,,2,,
180379,,2,,
180380,,1,,
180381,,2,,
180382,,2,,
180383,,2,,
180384,,2,,
180388,,2,,
180389,,2,,
180390,,2,,
180391,,2,,
180395,,2,,
180396,,2,,
180397,,2,,
180398,,2,,
180402,,1,,
180406,,1,,
180407,,1,,
180411,,1,,
180418,,1,,
180424,,2,,
180425,,1,,
180427,,1,,
180430,,1,,
180441,,1,,
180448,,2,,
180449,,2,,
180450,,2,,
180451,,2,,
180452,,2,,
180453,,2,,
180454,,2,,
180455,,2,,
180456,,2,,
180457,,2,,
180458,,2,,
180459,,2,,
180460,,2,,
180461,,2,,
180462,,2,,
180463,,2,,
180466,,2,,
180467,,,1,
180468,,2,,
180476,,2,,
180477,,2,,
180485,,2,,
180486,,2,,
180487,,2,,
180488,,2,,
180489,,2,,
180490,,2,,
180492,,2,,
180493,,2,,
180494,,2,,
180495,,2,,
180496,,1,,
180497,,1,,
180499,,1,,
180501,,1,,
180502,,1,,
180504,,1,,
180506,,2,,
180507,,2,,
180508,,2,,
180528,,2,,
180529,,2,,
180530,,2,,
180531,,2,,
180532,,2,,
180533,,2,,
180534,,2,,
180535,,2,,
180536,,1,,
180537,,2,,
180538,,2,,
180540,,2,,
180541,,2,,
180542,,2,,
180546,,2,,
180547,,2,,
180548,,2,,
180559,,1,,
180560,,1,,
180561,,1,,
180563,,2,,
180564,,2,,
180893,,2,,
180894,,2,,
181712,,2,,
181713,,2,,
182461,,2,,
182468,,2,,
182574,,2,,
182575,,2,,
182576,,2,,
182604,,2,,
182648,,2,,
182664,,2,,
182694,,2,,
182695,,2,,
182718,,2,,
182757,,2,,
182775,,2,,
182776,,2,,
182777,,2,,
182779,,2,,
182780,,2,,
182781,,2,,
182783,,2,,
182789,,2,,
182790,,2,,
182792,,2,,
182796,,2,,
182797,,2,,
182800,,2,,
182801,,2,,
182808,,2,,
182809,,2,,
182823,,2,,
182824,,2,,
182944,,2,,
182956,,2,,
182974,,2,,
183003,,2,,
183004,,2,,
183005,,2,,
183007,,2,,
183234,,2,,
183235,,2,,
183556,,7,,
183557,,14,,
183671,,6,,
183727,,2,,
183728,,4,,
183729,,1,,
183730,,2,,
183749,,6,,
183750,,4,,
183860,,5,,
184136,,1,,
184179,,2,,
184182,,2,,
184191,,2,,
184193,,2,,
184227,,2,,
184228,,16,,
184917,,2,,
184982,,2,,
185124,,6,,
185125,,7,,
185157,,,4,
185160,,,4,
185191,,2,,
185313,,10,,
185345,,,4,
185376,,1,,
185406,,3,,
185461,,4,,
185485,,1,,
185550,,,4,
185657,,2,,
185741,,1,,
185928,,2,,
185929,,4,,
185930,,2,,
185931,,2,,
185932,,2,,
185933,,2,,
185935,,2,,
185936,,4,,
185939,,2,,
185940,,4,,
185943,,2,,
185944,,2,,
185949,,2,,
185950,,2,,
185951,,2,,
185952,,2,,
185953,,2,,
185956,,1,,
185957,,2,,
185960,,2,,
185961,,4,,
185964,,2,,
185966,,4,,
185967,,2,,
185971,,3,,
185974,,2,,
185975,,1,,
185976,,2,,
185979,,2,4,
185980,,6,,
185981,,11,,
185984,,1,,
185985,,2,,
185986,,2,,
185987,,2,,
185989,,8,,
185990,,,2,
185991,,1,,
185993,,2,,
185994,,2,,
185995,,11,,
185998,,2,,
185999,,4,,
186003,,6,,
186005,,2,,
186006,,4,,
186007,,2,,
186008,,3,,
186053,,1,,
186090,,1,,
186100,,2,,
186101,,1,,
186139,,2,,
186140,,2,,
186162,,1,,
186251,,,1,
186252,,,1,
186253,,,1,
186254,,,1,
186255,,,1,
186256,,,1,
186284,,2,1,
186285,,2,,
186292,,2,,
186293,,18,,
186328,,2,,
186329,,2,1,
186391,,1,,
186392,,2,,
186408,,2,,
186568,,2,,
186595,,2,,
186650,,,1,
186723,,3,,
186724,,1,,
186732,,1,,
186750,,1,,
186783,,3,,
186863,,2,,
187092,,1,,
187095,,1,,
187126,,4,,
187241,,1,,
187245,,1,,
187552,,2,,
187619,,2,,
187620,,1,,
187649,,1,,
187656,,2,,
187762,,2,,
187787,,2,,
187788,,2,,
187794,,5,,
187812,,6,,
187909,,2,,
187910,,6,,
187912,,2,,
187913,,2,,
187941,,,1,
187991,,2,,
187992,,2,,
187994,,2,,
188025,,2,,
188082,,2,,
188083,,4,,
188131,,2,,
188967,,2,,
189089,,12,,
189156,,,4,
189157,,,4,
189158,,,4,
189159,,,4,
189160,,,4,
189161,,,4,
189162,,,4,
189163,,,4,
189164,,,4,
189165,,,4,
189166,,,4,
189167,,,4,
189168,,,4,
189169,,,4,
189232,,2,,
189259,,,4,
189393,,7,,
189394,,3,,
189557,,2,,
189652,,2,,
189805,,,4,
189806,,1,1,
189821,,2,,
189822,,2,,
189823,,2,,
189845,,3,,
189846,,4,,
189967,,2,,
189968,,2,,
190018,,2,,
190019,,2,,
190088,,2,,
190195,,,4,
190196,,1,,
190197,,2,,
190313,,,4,
190314,,2,,
190315,,6,,
190385,,,1,
190672,,3,,
190673,,4,,
190715,,2,,
190716,,2,,
190717,,2,,
190718,,2,,
190719,,2,,
190720,,1,,
190722,,2,,
190723,,2,,
190756,,2,,
190764,,2,,
190771,,2,,
190777,,2,,
190778,,2,,
190848,,1,,
190878,,2,,
190879,,4,,
190922,,,1,
190923,,,1,
191000,,1,,
191042,,2,,
191160,,4,,
191162,,1,,
191257,,1,2,
191411,,2,,
191412,,5,1,
191461,,2,,
191462,,4,,
191477,,,1,
191547,,4,,
191548,,2,,
191549,,8,,
191591,,2,,
191592,,4,,
191633,,2,,
191634,,2,,
191635,,2,,
191679,,1,,
191680,,2,,
191732,,2,,
191734,,2,,
192611,,2,,
192612,,2,,
192631,,2,,
192651,,4,,
192705,,2,,
192838,,2,,
192845,,2,,
192919,,,4,
192948,,4,,
192979,,2,,
193081,,2,,
193091,,2,,
193092,,2,,
193094,,,1,
193095,,,1,
193145,,2,,
193148,,2,,
193154,,2,,
193155,,2,,
193156,,2,,
193157,,2,,
193213,,2,,
193214,,1,,
193261,,2,,
193262,,1,,
193263,,1,,
193264,,1,,
193265,,1,,
193302,,2,,
193303,,1,,
193363,,,4,
193364,,1,,
193365,,,4,
193366,,,4,
193406,,,1,
193473,,2,,
193509,,2,,
193511,,1,,
193519,,2,,
193542,,1,,
193588,,1,,
193814,,2,,
193815,,1,,
193820,,1,,
193861,,2,,
193872,,2,,
193889,,2,,
193890,,2,,
193940,,2,,
193994,,2,,
194124,,2,,
194143,,2,,
194175,,,4,
194189,,2,,
194190,,2,,
194203,,1,2,
194225,,2,,
194297,,2,,
194298,,2,,
194300,,4,,
194331,,,2,
194645,,4,,
194982,,,1,
195087,,4,,
195666,,2,,
195748,,1,,
195773,,3,,
195774,,2,,
195868,,2,,
195880,,1,,
195882,,1,,
195883,,1,,
195884,,2,,
195900,,2,,
195901,,2,,
195902,,2,,
195909,,2,,
195910,,2,,
195976,,5,,
196025,,4,,
196026,,2,,
196148,,1,,
196149,,2,,
196150,,2,,
196159,,2,,
196160,,2,,
196161,,2,,
196162,,2,,
196163,,2,,
196164,,2,,
196186,,8,,
196187,,4,,
196238,,4,,
196280,,2,,
196327,,6,,
196334,,4,,
196371,,2,,
196429,,2,,
196439,,2,,
196466,,1,1,
196467,,1,,
196511,,,2,
196512,,,1,
196595,,1,,
196597,,5,,
196600,,1,,
197077,,4,,
197078,,2,,
197079,,2,,
197080,,1,2,
197081,,1,1,
197088,,1,,
197091,,2,,
197117,,2,,
197118,,2,,
197139,,,1,
197140,,,1,
197146,,1,,
197170,,,1,
197395,,2,,
197396,,2,,
197411,,5,,
197413,,1,,
197557,,2,,
197569,,4,,
197571,,2,,
197572,,2,,
197573,,2,,
197682,,2,,
197684,,1,2,
197685,,1,1,
197756,,1,,
197758,,2,,
197760,,2,,
197792,,6,,
197793,,8,,
197794,,1,,
197795,,6,,
197796,,2,,
197797,,6,,
197798,,2,,
197799,,4,,
197800,,4,,
197802,,2,,
197804,,1,1,
197854,,1,1,
197898,,2,,
197935,,6,,
197936,,1,,
197937,,1,,
197957,,2,,
197973,,1,,
197974,,1,,
197975,,1,,
197976,,1,,
197977,,1,,
197978,,1,,
197979,,1,,
197980,,1,,
198040,,2,,
198053,,2,,
198054,,2,,
198055,,2,,
198056,,2,,
198057,,2,,
198058,,2,,
198059,,2,,
198060,,2,,
198061,,2,,
198062,,2,,
198063,,2,,
198064,,2,,
198065,,2,,
198066,,2,,
198067,,2,,
198068,,2,,
198069,,2,,
198071,,2,,
198100,,,3,
198118,,2,,
198163,,6,,
199035,,5,,
199106,,1,,
199107,,4,,
199386,,,2,
199387,,4,,
199388,,2,,
199443,,,3,
199444,,7,,
199445,,3,,
199447,,,2,
199448,,2,,
199498,,2,,
199506,,4,,
199507,,1,2,
200472,,,1,
200473,,4,,
200526,,,8,
200527,,,8,
200528,,,6,
200530,,,8,
200531,,,8,
200532,,,8,
200533,,,8,
200534,,,12,
200536,,,8,
200537,,,12,
200541,,,8,
200542,,,24,
200543,,,16,
200544,,,12,
200546,,,8,
200547,,,8,
200548,,,8,
200549,,,8,
200550,,,8,
200551,,,8,
200552,,,8,
200553,,,8,
200556,,,8,
200597,,1,,
200687,,2,,
200758,,4,,
200759,,1,2,
200760,,1,3,
200804,,8,14,
200805,,,2,
200807,,,1,
200808,,,2,
200809,,,2,
200810,,,1,
200811,,,4,
200813,,,2,
200814,,,2,
200815,,8,10,
200816,,,4,
200818,,,5,
200821,,,1,
200822,,2,,
200825,,4,,
200827,,10,,
200835,,,4,
200839,,2,,
200841,,2,,
200842,,3,,
200853,,4,,
200854,,4,,
200855,,10,,
200856,,5,,
200858,,2,,
200951,,2,,
200952,,1,2,
201036,,,1,
201039,,2,,
201056,,2,,
201093,,,2,
201096,,2,,
201250,,4,,
201254,,,1,
201255,,,1,
201256,,,1,
201257,,,1,
201258,,,1,
201260,,,1,
201261,,,1,
201262,,,1,
201267,,,1,
201269,,,1,
201270,,,1,
201271,,,1,
201273,,,1,
201275,,,1,
201277,,,1,
201278,,,1,
201279,,,1,
201280,,,1,
201281,,,1,
201282,,,1,
201283,,,1,
201284,,,1,
201285,,,1,
201287,,,1,
201289,,,1,
201290,,,1,
201291,,,1,
201333,,1,,
201337,,2,,
201341,,,1,
201344,,,8,
201345,,,6,
201425,,2,,
201427,,2,,
201428,,2,,
201429,,2,,
201430,,2,,
201431,,2,,
201432,,2,,
201433,,2,,
201434,,4,,
201435,,1,1,
201460,,1,,
201461,,1,2,
201462,,1,3,
201488,,2,,
201491,,2,,
201541,,4,,
201543,,2,,
201544,,1,2,
201552,,2,,
201576,,1,,
201632,,10,,
201634,,1,1,
201643,,,1,
201648,,2,,
201649,,1,,
201650,,4,1,
201651,,1,,
201652,,4,,
201658,,4,,
201659,,2,,
201660,,1,2,
201685,,1,,
201686,,6,,
201690,,2,,
201693,,2,,
201695,,2,,
201701,,3,,
201702,,,1,
201703,,2,,
201704,,2,,
201705,,2,,
201706,,16,,
201707,,2,,
201708,,2,,
201709,,2,,
201710,,2,,
201711,,2,,
201712,,2,,
201713,,4,,
201714,,4,,
201716,,2,,
201717,,1,,
201720,,3,,
201721,,2,,
201723,,12,,
201727,,17,,
201728,,2,,
201729,,2,,
201730,,2,,
201731,,2,,
201733,,2,,
201734,,4,,
201735,,2,,
201737,,2,,
201738,,2,,
201740,,4,,
201744,,1,,
201745,,2,,
201746,,2,,
201747,,2,,
201748,,2,,
201749,,2,,
201750,,2,,
201752,,2,,
201753,,4,,
201754,,2,,
201755,,2,,
201756,,2,,
201785,,8,,
201842,,2,,
201916,,2,,
201917,,8,,
201918,,2,,
202053,,2,,
202054,,2,,
202077,,,1,
202104,,4,,
202105,,2,,
202162,,2,,
202261,,,1,
202309,,2,,
202345,,,1,
202348,,2,,
202349,,2,,
202350,,2,,
202351,,2,,
202454,,2,,
202484,,1,,
202496,,,8,
202497,,2,,
202498,,2,,
202499,,2,,
202500,,2,,
202501,,2,,
202502,,1,,
202504,,4,,
202505,,2,,
202506,,4,,
202508,,2,,
202509,,2,,
202511,,4,,
202565,,7,,
202566,,1,,
202567,,2,,
202568,,2,,
202646,,,8,
202647,,,8,
202648,,,2,
202765,,2,,
202817,,2,,
202818,,,2,
202819,,1,2,
202820,,1,1,
202832,,4,,
202872,,4,,
202874,,2,,
202875,,1,,
202876,,1,1,
202877,,2,,
202878,,2,,
202879,,2,,
202880,,1,,
202927,,4,2,
202929,,,3,
202971,,2,,
202973,,2,,
202974,,4,,
203024,,2,,
203025,,,2,
203093,,2,,
203094,,4,,
203129,,2,,
203141,,4,,
203270,,,12,
203271,,,12,
203272,,,8,
203305,,1,1,
203334,,2,,
203370,,2,,
204317,,2,,
204318,,2,,
204356,,2,,
204357,,2,,
204358,,2,,
204375,,4,,
204385,,2,,
204386,,2,,
204387,,2,,
204402,,2,,
204436,,2,,
204437,,2,,
204439,,2,,
204473,,2,,
204474,,1,,
204524,,1,,
204525,,,4,
204632,,2,,
204633,,2,,
204636,,2,,
204676,,1,,
204687,,2,,
204688,,1,,
204690,,1,1,
204788,,2,,
204889,,,8,
204891,,2,,
204892,,2,,
204893,,2,,
204894,,2,,
204895,,2,,
204896,,2,,
204974,,4,,
204975,,2,,
205006,,2,,
205007,,2,,
205009,,2,,
205010,,2,,
205011,,2,,
205029,,2,,
205030,,4,,
205031,,1,1,
205033,,,1,
205090,,1,1,
205136,,2,,
205138,,1,,
205216,,2,,
205217,,4,,
205262,,2,,
205278,,1,,
205279,,2,,
205280,,2,,
205281,,2,,
205282,,2,,
205283,,2,,
205339,,1,2,
205340,,2,,
205341,,2,,
205342,,2,,
205343,,1,,
205344,,2,,
205345,,2,,
205346,,2,,
205347,,1,,
205348,,1,,
205349,,1,,
205420,,1,,
205623,,4,,
205624,,1,,
205625,,1,,
205674,,1,2,
205692,,2,,
205722,,2,,
205772,,,12,
205862,,2,,
205863,,2,,
205888,,,4,
205889,,1,,
205935,,2,,
205944,,2,,
205945,,2,,
206002,,2,,
206026,,2,,
206043,,2,,
206176,,,12,
206333,,1,,
206334,,2,,
206336,,2,,
206337,,2,,
206345,,1,,
206394,,1,,
206395,,2,,
206484,,2,,
206527,,4,,
206528,,2,,
206679,,,12,
206680,,,4,
206682,,,2,
206683,,,1,
206684,,1,,
206685,,2,,
206686,,2,,
206687,,1,,
206690,,,1,
206691,,8,,
206702,,2,,
206717,,,1,
206718,,,1,
206720,,,1,
206721,,,1,
206722,,,1,
206765,,2,,
206775,,2,,
206776,,1,,
206869,,,1,
206870,,2,,
206938,,2,,
207142,,2,,
207189,,4,,
207201,,,4,
207331,,4,,
207348,,2,,
207374,,,1,
207377,,4,,
207378,,4,,
207379,,1,,
207380,,2,,
207381,,2,,
207382,,8,,
207383,,2,,
207472,,2,,
207473,,2,,
207484,,2,,
207529,,4,,
207530,,2,,
207567,,,8,
207681,,2,,
207682,,2,,
207683,,4,,
207755,,2,,
207847,,2,,
207855,,,6,
207856,,,6,
207857,,,6,
207858,,,6,
207859,,,6,
207860,,,4,
207861,,,6,
207918,,2,,
207919,,2,,
207968,,2,,
207969,,10,,
207970,,2,,
208804,,,2,
208810,,,2,
208823,,6,,
208824,,6,,
208825,,8,,
208826,,2,,
208829,,2,,
208830,,2,,
208831,,2,,
208832,,2,,
208833,,2,,
208841,,3,,
208844,,3,,
208845,,3,,
208847,,2,,
208857,,2,,
209289,,2,,
209292,,1,,
209293,,1,,
209294,,1,,
209296,,1,,
209298,,,2,
209318,,2,,
209319,,2,,
209320,,1,,
209321,,2,,
209322,,6,,
209324,,2,,
209326,,2,,
209327,,2,,
209328,,4,,
209360,,,2,
209364,,3,,
209397,,2,,
209409,,2,,
210154,,8,,
210157,,2,,
210178,,,1,
210181,,,1,
210182,,,1,
210185,,,1,
210186,,,1,
210187,,,1,
210190,,,1,
210191,,,1,
210197,,,2,
210229,,,2,
210230,,6,,
210231,,6,,
210314,,2,,
210325,,2,,
210363,,2,,
210364,,2,,
210365,,2,,
210366,,2,,
210367,,4,,
210368,,2,,
210372,,4,,
210373,,4,,
210380,,4,,
210391,,,2,
210392,,,2,
210395,,,2,
210402,,,2,
210403,,,2,
210404,,,2,
210405,,,2,
210410,,,2,
210415,,2,,
210416,,,2,
210417,,,2,
210486,,1,,
210497,,38,,
210499,,2,,
210504,,2,,
210516,,4,,
210517,,4,,
210538,,18,1,
210542,,2,,
210544,,2,,
210617,,10,,
210637,,2,,
210638,,4,,
210639,,4,,
210640,,4,,
210642,,2,,
211323,,2,,
211591,,2,,
211592,,4,,
211593,,2,,
211594,,2,,
211595,,3,,
211596,,2,,
211598,,2,,NONE
211600,,2,,
211601,,1,,
211608,,1,,
211609,,1,,
211610,,36,,
211632,,2,,
211634,,2,,
211751,,1,,
211752,,3,,
211863,,3,,
211864,,2,,
211934,,,16,
211935,,,6,
211938,,4,,
211939,,,1,
211992,,10,,
211993,,2,,
211994,,2,,
211995,,2,,
212042,,2,,
212043,,2,,
212052,,2,,
212054,,2,,
212055,,2,,
212056,,2,,
212057,,2,,
212059,,2,,
212060,,2,,
212061,,2,,
212088,,2,,
212089,,2,,
212148,,2,,
212149,,2,,
212152,,10,,
212211,,1,,
212245,,1,2,
212246,,2,,
212628,,2,,
212641,,3,,
212723,,2,,
212724,,2,,
212732,,2,,
212733,,1,,
212734,,2,,
212760,,2,,
212930,,1,,
212931,,2,,
212932,,2,,
212933,,2,,
212996,,2,,
212997,,2,,
213029,,1,,
213030,,2,,
213074,,4,,
213164,,,8,
213180,,2,,
213181,,2,,
213182,,2,,
213192,,,1,
213197,,,1,
213209,,1,,
213210,,1,,
213211,,10,,
213212,,2,,
213318,,2,,
213341,,,1,
213342,,,1,
213349,,2,,
213360,,2,,
213441,,4,,
213442,,2,,
213444,,4,,
213503,,2,,
213504,,5,,
213505,,2,,
213506,,8,,
213507,,11,,
213571,,2,,
213572,,1,,
213605,,2,,
213607,,2,,
213677,,2,,
213791,,4,,
213792,,2,,
213853,,1,,
213913,,12,,
214125,,2,,
214128,,2,,
214144,,4,,
214280,,4,,
214317,,2,,
214361,,5,,
214722,,,7,
214769,,2,,
214796,,2,,
214894,,2,,
214895,,2,,
214896,,2,,
214897,,2,,
214898,,2,,
214945,,2,,
214948,,5,,
214959,,2,,
214960,,2,,
214961,,2,,
214990,,2,,
214991,,2,,
215002,,4,,
215016,,2,,
216390,,,6,
216400,,2,,
216415,,2,,
216416,,2,,
216417,,2,,
216418,,2,,
216419,,2,,
216586,,2,,
216587,,2,,
216588,,2,,
216589,,2,,
216590,,2,,
217171,,2,,
217292,,,1,
217336,,2,,
217355,,2,,
217401,,1,,
217402,,2,,
217403,,2,,
217404,,2,,
217406,,2,,
217429,,2,,
217433,,2,,
217458,,1,,
217459,,2,,
218513,,2,,
218533,,2,,
218534,,4,,
218535,,2,,
218858,,1,,
218859,,1,,
218860,,1,,
218862,,1,,
218863,,1,,
218864,,1,,
218865,,1,,
218866,,1,,
218867,,1,,
218868,,1,,
218870,,1,,
218871,,2,,
218872,,1,,
218875,,2,,
218876,,1,,
218877,,1,,
218879,,1,,
218880,,1,,
218881,,1,,
218882,,2,,
218883,,1,,
218884,,1,,
218885,,1,,
218886,,2,,
218887,,1,,
218890,,1,,
218891,,1,,
218892,,1,,
218893,,1,,
218894,,1,,
218896,,2,,
218899,,2,,
218900,,1,,
218902,,2,,
218903,4,2,,
218904,,1,,
218905,,1,2,
218906,,1,,
218907,,1,2,
218908,,1,,
218909,,1,,
218910,,2,,
218911,,2,,NONE
218912,,2,,
218913,,,8,
218993,,,2,
219883,,,4,
220266,,2,,
220267,,1,,
220342,,2,,
220379,,2,,
220399,,2,,
220456,,2,,
220522,,2,,
220523,,2,,
220524,,2,,
220723,,,2,
220725,,,6,
220727,,,2,
220728,,,2,
220730,,,2,
220731,,,4,
220732,,,4,
220733,,,6,
220734,,,4,
220786,,2,,
220917,,4,,
220918,,2,,
220972,,4,,
221008,,1,,
221267,,,1,
221306,,2,,
221307,,1,,
221521,,5,,
221568,,2,,
221593,,1,,
221866,,,6,
221867,,,6,
221868,,,6,
221869,,,6,
221870,,4,,
221871,,2,,
222079,,1,,
222081,,2,,
222142,,2,,
222144,,8,,
222145,,6,,
222201,,2,,
222231,,6,,
222572,,6,,
222888,,1,,
223356,,,1,
223364,,,2,
223366,,,2,
223422,,2,,
223424,,2,,
223425,,2,,
223430,,2,,
223431,,2,,
223432,,2,,
223439,,4,,
223476,,2,,
223523,,2,,
223525,,2,1,
223564,,,1,
223601,,2,,
223619,,,2,
223621,,,2,
223756,,2,,
224185,,,8,
224186,,2,,
224187,,1,,
224189,,2,,
224369,,2,,
224414,,2,,
224515,,4,,
224516,,5,,
224626,,,1,
224661,,,1,
224664,,2,,
225029,,1,,
225030,,1,,
225031,,,12,
225033,,2,,
225036,,4,,
225042,,4,,
225044,,2,,
225046,,2,,
225047,,2,,
225048,,2,,
225049,,2,,
225050,,4,,
225179,,2,,
225241,,2,,
225242,,2,,
225377,,2,,
225399,,1,1,
225447,,1,,
225503,,2,,
225504,,2,,
225507,,4,,
225508,,4,,
225575,,2,,
225589,,2,,
225860,,1,,
225861,,1,,
225862,,1,,
225863,,1,,
225864,,1,,
225865,,1,,
225866,,1,,
225867,,1,,
225868,,1,,
225869,,1,,
225870,,1,,
225871,,1,,
225872,,1,,
225874,,1,,
225875,,1,,
225913,,6,,
225917,,1,,
225990,,1,,
226063,,1,,
226106,,4,,
226123,,,3,
226124,,1,,
226125,,1,,
226126,,2,,
226128,,1,,
226129,,2,,
226130,,2,,
226131,,1,,
226132,,1,,
226133,,1,,
226134,,2,,
226135,,2,,
226136,,1,,
226137,,1,,
226138,,3,,
226139,,1,,
226140,,1,,
226141,,2,,
226142,,2,,
226188,,2,,
226552,,,8,
226553,,,12,
226760,,2,,
226837,,2,,
226838,,2,,
226839,,2,,
226840,,2,,
227109,,,6,
227142,,,1,
227258,,2,,
227316,,1,,
227348,,2,,
227370,,5,,
227445,,1,,
227553,,7,,
227556,,2,,
227608,,2,,
227610,,2,,
227719,,1,,
227782,,2,,
227884,,1,1,
228821,,2,,
228843,,2,,
228844,,2,,
228845,,2,,
228846,,2,,
228889,,5,,
229153,,1,,
229154,,1,,
229157,,1,,
229160,,1,,
229161,,1,,
229162,,1,,
229164,,1,,
229165,,1,,
229166,,1,,
229167,,2,,
229168,,1,,
229169,,1,,
229170,,1,,
229172,,1,,
229173,,1,,
229174,,1,,
229175,,1,,
229177,,4,,
229195,,1,,
229432,,2,,
229441,,2,,
229443,,1,,
229526,,4,,
230732,,2,,
230733,,2,,
230734,,2,,
230762,,4,,
231058,,,1,
231071,,1,,
231072,,1,,
231073,,1,,
231085,,2,,
231086,,2,,
231709,,,8,
231710,,,8,
231824,,2,,
231825,,2,,
231832,,,1,
231833,,,1,
231834,,1,,
231838,,2,,
231839,,2,,
231840,,2,,
231841,,2,,
231842,,2,,
231844,,,1,
231845,,2,,
231846,,2,,
231847,,2,,
231849,,2,,
231850,,2,,
231856,,2,,
231857,,1,,
231858,,2,,
231860,,2,,
231861,,2,,
231863,,2,,
231864,,2,,
231865,,2,,
231869,,1,,
231870,,1,,
231872,,2,,
231873,,2,,
231879,,2,,
231880,,2,,
231882,,2,,
231886,,2,,
231887,,2,,
231888,,2,,
231889,,2,,
231890,,2,,
231894,,1,,
231895,,1,,
231896,,2,,
231897,,1,,
231900,,2,,
231901,,2,,
231902,,2,,
231903,,2,,
231904,,2,,
231905,,2,,
231906,,2,,
231907,,2,,
231908,,2,,
231909,,2,,
231910,,2,,
231911,,2,,
231912,,2,,
231913,,2,,
231914,,2,,
231915,,2,,
231917,,2,,
231918,,2,,
231919,,2,,
231920,,2,,
231921,,2,,
231922,,2,,
231923,,2,,
231924,,2,,
231925,,2,,
231926,,2,,
231929,,2,,
231930,,2,,
231931,,2,,
231932,,,1,
231934,,2,,
231936,,2,,
231937,,2,,
231938,,2,,
231939,,2,,
231940,,2,,
231943,,2,,
231944,,2,,
231945,,2,,
231946,,2,,
231947,,2,,
231949,,2,,
231950,,2,,
231951,,2,,
231953,,2,,
231954,,2,,
231955,,,1,
231956,,2,,
231957,,2,,
231958,,2,,
231959,,2,,
231960,,2,,
231961,,2,,
231962,,2,,
231963,,2,,
231965,,2,,
231966,,2,,
231967,,2,,
231968,,2,,
231969,,2,,
231970,,2,,
231971,,1,,
231972,,2,,
231973,,1,,
231974,,2,,
231976,,2,,
231977,,2,,
231980,,2,,
231981,,2,,
231982,,1,,
231983,,2,,
231985,,2,,
231986,,2,,
231989,,2,,
231990,,2,,
231991,,2,,
231992,,2,,
231993,,2,,
231994,,2,,
231995,,2,,
231996,,1,,
231997,,2,,
231998,,2,,
231999,,2,,
232000,,2,,
232001,,2,,
232003,,2,,
232004,,2,,
232005,,1,,
232006,,1,,
232007,,1,,
232008,,1,,
232009,,2,,
232010,,2,,
232011,,2,,
232012,,2,,
232013,,2,,
232014,,2,,
232015,,2,,
232016,,2,,
232017,,2,,
232018,,2,,
232021,,2,,
232022,,2,,
232024,,2,,
232028,,2,,
232029,,2,,
232030,,2,,
232032,,1,,
232033,,1,,
232039,,2,,
232040,,2,,
232041,,2,,
232043,,2,,
232046,,2,,
232049,,2,,
232050,,2,,
232051,,2,,
232053,,2,,
232054,,2,,
232055,,2,,
232056,,2,,
232057,,2,,
232059,,2,,
232060,,2,,
232061,,2,,
232062,,2,,
232063,,2,,
232064,,2,,
232065,,2,,
232066,,2,,
232067,,2,,
232069,,2,,
232070,,2,,
232071,,2,,
232072,,2,,
232074,,2,,
232075,,,1,
232076,,,1,
232077,,,1,
232078,,2,,
232079,,2,,
232080,,2,,
232081,,2,,
232083,,1,,
232084,,2,,
232085,,2,,
232086,,2,,
232087,,2,,
232088,,2,,
232089,,2,,
232090,,2,,
232093,,2,,
232094,,2,,
232095,,2,,
232096,,2,,
232098,,1,,
232099,,,1,
232101,,2,,
232102,,2,,
232103,,2,,
232105,,2,,
232106,,2,,
232107,,2,,
232108,,2,,
232109,,2,,
232110,,2,,
232111,,1,,
232112,,2,,
232113,,2,,
232114,,2,,
232115,,2,,
232116,,1,,
232118,,1,,
232119,,1,,
232121,,2,,
232122,,2,,
232123,,2,,
232124,,2,,
232125,,2,,
232126,,2,,
232127,,1,,
232128,,1,,
232129,,2,,
232130,,2,,
232131,,2,,
232132,,2,,
232133,,2,,
232134,,2,,
232135,,2,,
232136,,2,,
232137,,2,,
232138,,2,,
232139,,2,,
232140,,2,,
232141,,1,,
232142,,2,,
232143,,2,,
232144,,,1,
232145,,2,,
232146,,2,,
232147,,2,,
232148,,,1,
232150,,2,,
232152,,2,,
232154,,2,,
232157,,1,,
232158,,1,,
232159,,,1,
232161,,,1,
232162,,2,,
232163,,2,,
232164,,,1,
232167,,,1,
232168,,,1,
232171,,2,,
232172,,2,,
232173,,,1,
232174,,2,,
232175,,,1,
232177,,2,,
232178,,,1,
232179,,,1,
232181,,2,,
232183,,2,,
232184,,2,,
232185,,2,,
232186,,2,,
232187,,2,,
232188,,2,,
232189,,2,,
232192,,2,,
232194,,2,,
232195,,2,,
232196,,2,,
232197,,2,,
232198,,2,,
232200,,2,,
232201,,2,,
232202,,2,,
232203,,2,,
232204,,2,,
232205,,2,,
232206,,2,,
232207,,2,,
232208,,2,,
232212,,2,,
232213,,2,,
232214,,2,,
232215,,2,,
232216,,2,,
232217,,2,,
232218,,2,,
232220,,2,,
232221,,2,,
232222,,2,,
232223,,2,,
232225,,2,,
232226,,2,,
232227,,2,,
232228,,2,,
232229,,2,,
232230,,2,,
232231,,2,,
232232,,2,,
232234,,2,,
232237,,2,,
232238,,2,,
232239,,2,,
232240,,2,,
232244,,2,,
232245,,2,,
232246,,2,,
232247,,2,,
232248,,2,,
232249,,2,,
232250,,2,,
232251,,2,,
232252,,2,,
232253,,2,,
232254,,2,,
232255,,2,,
232256,,2,,
232257,,2,,
232258,,2,,
232259,,2,,
232260,,2,,
232261,,2,,
232262,,2,,
232263,,2,,
232264,,2,,
232265,,2,,
232266,,2,,
232267,,,1,
232268,,2,,
232269,,1,,
232270,,2,,
232271,,2,,
232272,,2,,
232273,,1,,
232274,,2,,
232275,,2,,
232276,,,1,
232280,,2,,
232281,,2,,
232282,,,1,
232283,,,1,
232284,,2,,
232285,,2,,
232286,,2,,
232287,,2,,
232289,,,1,
232290,,2,,
232295,,2,,
232298,,2,,
232299,,2,,
232300,,2,,
232301,,2,,
232302,,2,,
232303,,2,,
232304,,2,,
232305,,2,,
232306,,2,,
232307,,2,,
232308,,2,,
232309,,2,,
232310,,2,,
232311,,2,,
232312,,2,,
232313,,2,,
232314,,,1,
232315,,1,,
232316,,2,,
232317,,2,,
232318,,2,,
232319,,2,,
232320,,2,,
232321,,2,,
232322,,,1,
232323,,1,,
232324,,1,,
232325,,1,,
232327,,2,,
232328,,2,,
232329,,2,,
232330,,1,,
232331,,2,,
232332,,2,,
232333,,2,,
232334,,2,,
232335,,2,,
232336,,2,,
232337,,2,,
232338,,2,,
232339,,2,,
232340,,2,,
232342,,2,,
232343,,2,,
232344,,2,,
232345,,2,,
232346,,2,,
232347,,2,,
232348,,2,,
232349,,2,,
232353,,2,,
232354,,1,,
232355,,,1,
232356,,2,,
232357,,2,,
232358,,2,,
232359,,2,,
232361,,2,,
232362,,2,,
232363,,2,,
232367,,2,,
232368,,2,,
232369,,2,,
232370,,2,,
232374,,2,,
232375,,2,,
232376,,2,,
232377,,2,,
232378,,2,,
232379,,2,,
232380,,2,,
232381,,2,,
232382,,1,,
232383,,1,,
232384,,1,,
232385,,2,,
232389,,1,,
232390,,1,,
232391,,1,,
232392,,2,,
232393,,2,,
232394,,1,,
232395,,2,,
232396,,2,,
232397,,2,,
232398,,2,,
232399,,2,,
232400,,2,,
232402,,2,,
232403,,1,,
232404,,2,,
232405,,2,,
232406,,2,,
232407,,2,,
232411,,2,,
232412,,2,,
232415,,1,,
232416,,2,,
232417,,2,,
232418,,2,,
232419,,2,,
232420,,2,,
232421,,2,,
232422,,2,,
232423,,2,,
232424,,2,,
232425,,2,,
232426,,,1,
232427,,2,,
232428,,2,,
232429,,2,,
232430,,2,,
232431,,2,,
232432,,2,,
232433,,,1,
232434,,2,,
232435,,2,,
232436,,2,,
232437,,1,,
232438,,2,,
232439,,1,,
232440,,2,,
232441,,2,,
232442,,2,,
232443,,2,,
232444,,2,,
232445,,2,,
232446,,1,,
232447,,2,,
232448,,2,,
232449,,2,,
232450,,2,,
232451,,2,,
232452,,1,,
232453,,2,,
232454,,2,,
232455,,2,,
232456,,2,,
232457,,2,,
232458,,,1,
232459,,,1,
232460,,2,,
232461,,2,,
232462,,2,,
232463,,2,,
232466,,2,,
232467,,2,,
232469,,2,,
232470,,1,,
232471,,2,,
232472,,2,,
232473,,2,,
232474,,2,,
232475,,2,,
232479,,2,,
232480,,2,,
232482,,2,,
232483,,2,,
232484,,2,,
232485,,2,,
232486,,2,,
232487,,2,,
232488,,2,,
232489,,,1,
232490,,,1,
232491,,2,,
232492,,2,,
232493,,2,,
232495,,2,,
232496,,2,,
232497,,2,,
232498,,2,,
232499,,2,,
232500,,2,,
232501,,2,,
232502,,2,,
232503,,1,,
232504,,2,,
232505,,2,,
232506,,2,,
232507,,2,,
232508,,2,,
232509,,2,,
232510,,2,,
232511,,2,,
232512,,2,,
232513,,2,,
232514,,,1,
232515,,,1,
232516,,2,,
232517,,2,,
232519,,2,,
232520,,2,,
232521,,2,,
232522,,2,,
232523,,2,,
232524,,2,,
232525,,2,,
232526,,2,,
232529,,2,,
232530,,2,,
232531,,2,,
232532,,2,,
232533,,2,,
232534,,2,,
232535,,2,,
232536,,2,,
232537,,2,,
232538,,2,,
232539,,2,,
232540,,2,,
232541,,2,,
232542,,2,,
232543,,2,,
232544,,2,,
232546,,2,,
232547,,1,,
232548,,2,,
232549,,2,,
232550,,2,,
232551,,2,,
232552,,2,,
232553,,2,,
232554,,2,,
232555,,2,,
232556,,2,,
232560,,2,,
232561,,,1,
232562,,,1,
232563,,1,,
232564,,2,,
232565,,2,,
232566,,2,,
232567,,2,,
232569,,2,,
232570,,2,,
232571,,2,,
232572,,2,,
232573,,2,,
232575,,2,,
232576,,2,,
232577,,2,,
232579,,2,,
232581,,2,,
232582,,2,,
232583,,2,,
232585,,2,,
232586,,2,,
232587,,2,,
232588,,2,,
232590,,2,,
232591,,2,,
232592,,2,,
232593,,2,,
232594,,2,,
232595,,2,,
232596,,2,,
232597,,,1,
232598,,,1,
232599,,2,,
232600,,,1,
232602,,2,,
232603,,2,,
232604,,2,,
232605,,2,,
232606,,2,,
232607,,,1,
232608,,,1,
232609,,,1,
232610,,2,,
232612,,2,,
232613,,2,,
232614,,2,,
232615,,2,,
232616,,2,,
232617,,2,,
232618,,2,,
232619,,2,,
232620,,2,,
232621,,2,,
232622,,2,,
232623,,2,,
232625,,2,,
232626,,2,,
232628,,2,,
232629,,2,,
232630,,1,,
232631,,2,,
232632,,2,,
232633,,2,,
232634,,2,,
232635,,2,,
232636,,2,,
232637,,2,,
232638,,2,,
232639,,2,,
232640,,2,,
232641,,2,,
232642,,2,,
232643,,2,,
232644,,2,,
232645,,2,,
232649,,2,,
232650,,2,,
232651,,2,,
232652,,2,,
232653,,2,,
232654,,2,,
232656,,2,,
232657,,2,,
232658,,2,,
232659,,2,,
232660,,2,,
232661,,2,,
232664,,2,,
232665,,2,,
232667,,2,,
232668,,2,,
232670,,2,,
232671,,2,,
232672,,2,,
232673,,2,,
232675,,2,,
232676,,2,,
232677,,,1,
232678,,,1,
232680,,,1,
232681,,2,,
232682,,,1,
232683,,2,,
232684,,2,,
232686,,1,,
232687,,,1,
232688,,,1,
232689,,1,,
232690,,2,,
232691,,2,,
232692,,2,,
232693,,2,,
232694,,2,,
232695,,2,,
232696,,2,,
232697,,2,,
232698,,2,,
232699,,2,,
232700,,2,,
232701,,2,,
232702,,2,,
232703,,2,,
232704,,2,,
232705,,,1,
232706,,1,,
232707,,,1,
232708,,1,,
232709,,,1,
232710,,1,,
232712,,1,,
232715,,2,,
232716,,2,,
232717,,2,,
232719,,,1,
232720,,1,,
232721,,2,,
232722,,2,,
232723,,2,,
232724,,2,,
232725,,2,,
232726,,,1,
232727,,1,,
232728,,2,,
232729,,2,,
232730,,2,,
232731,,2,,
232732,,2,,
232733,,2,,
232734,,2,,
232735,,,1,
232736,,1,,
232737,,,1,
232738,,1,,
232739,,1,,
232740,,2,,
232741,,2,,
232742,,2,,
232743,,2,,
232744,,2,,
232745,,,1,
232747,,2,,
232748,,2,,
232749,,2,,
232750,,2,,
232751,,,1,
232752,,2,,
232753,,2,,
232754,,1,,
232755,,,1,
232766,,2,,
232770,,2,,
232771,,2,,
232774,,,1,
232775,,,1,
232776,,2,,
232778,,,1,
232779,,2,,
232780,,2,,
232781,,2,,
232782,,,1,
232783,,,1,
232784,,,1,
232785,,,1,
232787,,2,,
232788,,,1,
232789,,,1,
232793,,,1,
232794,,,1,
232795,,,1,
232796,,2,,
232797,,2,,
232798,,2,,
232801,,,1,
232802,,,1,
232803,,2,,
232804,,2,,
232807,,,1,
232808,,2,,
232809,,2,,
232811,,2,,
232812,,2,,
232813,,,1,
232814,,,1,
232816,,,1,
232817,,,1,
232818,,2,,
232819,,2,,
232820,,2,,
232821,,2,,
232822,,2,,
232823,,2,,
232825,,2,,
232827,,,1,
232828,,,1,
232829,,2,,
232830,,2,,
232831,,2,,
232832,,1,,
232833,,1,,
232834,,1,,
232835,,1,,
232836,,1,,
232837,,1,,
232838,,1,,
232839,,1,,
232840,,1,,
232841,,2,,
232842,,2,,
232843,,2,,
232844,,1,,
232845,,1,,
232846,,,1,
232847,,,1,
232848,,2,,
232849,,1,,
232850,,1,,
232851,,1,,
232852,,2,,
232853,,2,,
232856,,2,,
232857,,2,,
232860,,,1,
232861,,,1,
232908,,2,,
232909,,2,,
232910,,2,,
232911,,2,,
232912,,,1,
232913,,,1,
232914,,2,,
232916,,2,,
232917,,2,,
232918,,2,,
232919,,2,,
232969,,1,,
232970,,4,,
232971,,2,,
233054,,,8,
233157,,2,,
233158,,2,,
233159,,2,,
233160,,2,,
233161,,2,,
233162,,2,,
233163,,2,,
233164,,2,,
233165,,2,,
233166,,2,,
233167,,2,,
233168,,2,,
233173,,1,,
233174,,4,,
233193,,2,,HYDRO
233197,,4,,HYDRO
233204,,6,,HYDRO
233205,,2,,HYDRO
233208,,4,,HYDRO
233209,,10,,HYDRO
233213,,2,,HYDRO
233215,,2,,HYDRO
233218,,2,,HYDRO
233223,,2,,HYDRO
233226,,2,,HYDRO
233227,,2,,HYDRO
233265,,2,,
233317,,2,,
233319,,4,,
233474,,2,,
233510,,2,,
233512,,2,,
233513,,2,,
234496,,2,,
234557,,2,,
234645,,1,,
234646,,2,,
234647,,2,,
234648,,2,,
234649,,2,,
234650,,2,,
234651,,2,,
234652,,2,,
234653,,2,,
234656,,,2,
234657,,2,,
234658,,12,,
234701,,1,,
234735,,1,,
234736,,2,,
234737,,2,,
234738,,2,,
235010,,2,,
235012,,2,,
235013,,2,,
235014,,2,,
235015,,2,,
235026,,2,,
235027,,2,,
235092,,2,,
235096,,2,,
235097,,6,,
235099,,2,,
235115,,2,,
235116,,2,,
235117,,2,,
235128,,2,,
235267,,2,,
235268,,2,,
235269,,2,,
235270,,2,,
235271,,2,,
235276,,2,,
235277,,2,,
235293,,2,,
235372,,2,,
235374,,2,,
235375,,2,,
235376,,2,,
235377,,2,,
235378,,2,,
235397,,1,,
235454,,2,,
235455,,2,,
235456,,2,,
235457,,1,,
235458,,2,,
235459,,2,,
235520,,2,,
235557,,1,,
235558,,,1,
235627,,2,,
235628,,2,,
235681,,2,,
235682,,2,,
235683,,2,,
235684,,2,,
235685,,2,,
235686,,2,,
235687,,,1,
235693,,2,,
235694,,2,,
235719,,1,,
235754,,2,,
235755,,7,,
235770,,2,,
235771,,2,,
235772,,2,,
235773,,2,,
235794,,2,,
235814,,2,,
235815,,2,,
235816,,2,,
235817,,2,,
235818,,2,,
235819,,2,,
235821,,2,,
235822,,12,,
235823,,2,,
235872,,2,,
235873,,2,,
235874,,1,,
235880,,,4,
235912,,2,,
235913,,2,,
235914,,2,,
235915,,2,,
235918,,2,,
235919,,2,,
235920,,2,,
235921,,2,,
235923,,2,,
235974,,2,,
235976,,2,,
235977,,2,,
235978,,2,,
235979,,2,,
235980,,2,,
235981,,4,,
236029,,,1,
236030,,,1,
236031,,,1,
236032,,,1,
236033,,,1,
236044,,2,,
236076,,,2,
236077,,,2,
236098,,2,,
236162,,2,,
236163,,,1,
236164,,2,,
236168,,8,,
236170,,2,,
236216,,2,,
236240,,2,,
236241,,2,,
236242,,2,,
236243,,2,,
236244,,2,,
236245,,2,,
236246,,2,,
236252,,,2,
236266,,4,,
236270,,,8,
236271,,,8,
236313,,2,,
236317,,2,,
236318,,1,,
236319,,2,,
236320,,2,,
236354,,2,,
236355,,1,,
236356,,2,,
236357,,,1,
236358,,,1,
236359,,2,,
236360,,16,,
236361,,1,,
236362,,1,,
236363,,1,,
236364,,2,,
236385,,2,,
236413,,2,,
236414,,2,,
236415,,2,,
236417,,1,,
236419,,2,,
236420,,2,,
236421,,2,,
236422,,2,,
236423,,2,,
236430,,2,,
236431,,3,,
236491,,2,,
236501,,2,,
236502,,1,,
236503,,2,,
236504,,2,,
236505,,2,,
236506,,2,,
236508,,4,,
236509,,4,,
236510,,2,,
236577,,1,,
236578,,1,,
236579,,2,,
236580,,,1,
236581,,,1,
236583,,2,,
236584,,2,,
236585,,2,,
236586,,2,,
236587,,4,,
236588,,2,,
236602,,2,,
236603,,2,,
236604,,1,,
236605,,2,,
236647,,2,,
236648,,2,,
236658,,8,,
236696,,2,,
236697,,2,,
236700,,4,,
236701,,1,,
236760,,2,,
236762,,,1,
236764,,1,,
236805,,2,,
236806,,2,,
236807,,6,,
236808,,5,,
236809,,4,,
236859,,,8,
236860,,,6,
236861,,,6,
236869,,,6,
236870,,,6,
236908,,2,,
236926,,2,,
236941,,,1,
236942,,2,,
236946,,6,,
236983,,,1,
237022,,,2,
237023,,5,,
237195,,2,,
237196,,2,,
237197,,2,,
237198,,2,,
237200,,2,,
237201,,2,,
237202,,2,,
237203,,2,,
237204,,2,,
237205,,2,,
237206,,2,,
237207,,2,,
237208,,2,,
237209,,4,,
237210,,1,,
237211,,1,,
237242,,2,,
237245,,2,,
237246,,2,,
237247,,2,,
237248,,4,,
237249,,2,,
237333,,2,,
237334,,2,,
237335,,2,,
237336,,2,,
237707,,2,,
237708,,2,,
237709,,2,,
237710,,2,,
237711,,,1,
237712,,2,,
237713,,2,,
237714,,2,,
237716,,,8,
237717,,,12,
237718,,,8,
237720,,,6,
237721,,,4,
237722,,,8,
237723,,,12,
237724,,,8,
237725,,,8,
237726,,,8,
237727,,,8,
237765,,2,,
237766,,2,,
237767,,2,,
237768,,2,,
237769,,2,,
237770,,2,,
237771,,2,,
237772,,2,,
237775,,,2,
237780,,2,,
237792,,2,,
237812,,,1,
237813,,2,,
237814,,2,,
237815,,2,,
237816,,2,,
237818,,2,,
237819,,2,,
237820,,2,,
237821,,6,,
237862,,2,,
237865,,2,,
237866,,2,,
237870,,6,,
237964,,1,,
237965,,2,,
237966,,2,,
237967,,2,,
237968,,2,,
237969,,2,,
237970,,2,,
237971,,2,,
237975,,2,,
237977,,,1,
237978,,1,,
237979,,1,,
237980,,2,,
237981,,2,,
237982,,2,,
237983,,2,,
237984,,2,,
237986,,2,,
237987,,2,,
237988,,2,,
237989,,2,,
237990,,2,,
237991,,2,,
237992,,1,,
237993,,2,,
237994,,2,,
237995,,2,,
238149,,2,,
238150,,2,,
238151,,2,,
238152,,2,,
238154,,2,,
238155,,2,,
238157,,,3,
238158,,4,,
238159,,4,,
238216,,,4,
238217,,,6,
238244,,2,,
238245,,2,,
238252,,2,,
238266,,2,,
238267,,2,,
238271,,2,,
238273,,2,,
238275,,,1,
238352,,1,,
238353,,1,,
238354,,1,,
238355,,1,,
238357,,,1,
238359,,,1,
238450,,2,,
238452,,2,,
238488,,2,,
238489,,2,,
238490,,2,,
238491,,1,,
238492,,2,,
238493,,,1,
238494,,,1,
238495,,,1,
238496,,2,,
238498,,2,,
238500,,1,,
238512,,2,,
238524,,2,,
238525,,2,,
238526,,2,,
238589,,1,,
238590,,2,,
238591,,3,,
238592,,2,,
238594,,1,,
238595,,1,,
238596,,1,,
238597,,1,,
238598,,2,,
238599,,1,,
238600,,3,1,
238601,,1,,
238602,,1,,
238603,,3,,
238604,,2,,
238605,,1,,
238606,,,8,
238607,,,12,
238610,,2,,
238648,,2,,
238652,,2,,
238665,,,1,
238670,,2,,
238671,,2,,
238672,,2,,
238673,,,1,
238675,,,1,
238727,,,1,
238728,,4,,
238729,,5,,
238730,,8,,
238731,,4,,
238733,,2,,
238739,,2,,
238741,,2,,
238742,,,1,
238754,,2,,
238846,,2,,
238847,,2,,
238851,,2,,
238896,,2,,
240731,,,1,
240732,,4,,
240783,,2,,
240838,,3,,
240890,,2,,
240891,,2,,
240893,,2,,
240894,,2,,
240895,,4,,
240896,,1,,
240986,,4,,
240987,,2,,
240988,,2,,
240989,,,2,
241168,,1,,
241170,,1,,
241171,,2,,
241172,,2,,
241173,,2,,
241174,,1,,
241178,,,8,
241273,,2,,
241274,,2,,
241275,,2,,
241276,,2,,
241277,,,4,
241278,,2,,
241282,,1,,
241290,,,1,
249337,,4,,
249356,,4,,
249362,,9,,
249369,,2,,
249371,,4,,
249372,,4,,
249374,,3,,
249375,,4,,
249376,,3,,
249378,,2,,
249384,,1,,
249387,,4,,
249394,,5,,
249396,,1,,
249397,,2,,
249402,,4,,
249409,,4,,
249423,,4,,
249426,,2,,
249435,,4,,
249438,,2,,
249439,,4,,
249440,,8,,
249441,,6,,
249442,,6,,
249443,,5,,
249445,,4,,
249448,,2,,
249449,,2,,
249452,,2,,
249453,,2,,
249456,,2,,
249457,,2,,
249458,,2,,
249460,,2,,
249467,,20,,
249471,,4,,
249486,,1,1,
249506,,1,,
249510,,2,,
249522,,2,,
249524,,2,,
249532,,4,,
249543,,2,,
249544,,2,,
249545,,2,,
249547,,1,,
249559,,3,,
249560,,2,,
249561,,4,,
249583,,4,,
249620,,6,,
249621,,5,,
249626,,2,,
249628,,18,,
249629,,4,,
249630,,2,,
249631,,4,,
249632,,2,,
249633,,4,,
249634,,8,,
249635,,6,,
249636,,8,,
249637,,4,,
249644,,2,,
249649,,1,,
249659,,2,,
249664,,2,1,
249666,,12,,
249667,,12,,
249686,,2,,
249687,,20,1,
249690,,4,,
249691,,2,,
249692,,2,,
249695,,4,,
249698,,4,,
249722,,2,,
249745,,2,,
249753,,4,,
249773,1,1,,
249780,,43,,
249801,,27,,
249825,,2,,
249830,,4,,
249852,,4,,
249853,,2,,
249854,,2,,
249855,,8,,
249860,,2,,
249864,,4,,
249866,,7,,
249870,,9,,
249871,,14,,
249880,,2,1,
249882,,2,,
249883,,2,,
249887,,,7,
249892,,1,,
249896,,2,,
249952,,22,,
249964,,2,,
249971,,1,,
250010,,2,,
250017,,3,,
250055,,2,,
250056,,4,,
250091,,3,,
250103,,2,1,
250136,,1,,
250164,,2,,
250165,,2,,
250166,,2,,
250167,,2,,
250168,,2,,
250169,,2,,
250170,,4,,
250171,,4,,
250172,,2,,
250173,,18,,
250246,,32,,
250253,,6,,
250254,,6,,
250255,,33,,
250256,,4,,
250257,,6,,
250269,,2,,
250291,,7,,
250297,,10,,
250299,,2,,
250315,,4,,
250318,,1,,
250356,,2,,
250357,,2,,
250441,,2,,
250443,,2,,
250444,,2,,
250445,,2,,
250447,,,1,
250448,,10,,
250449,,8,,
250450,,2,,
250513,,1,,
250514,,2,,
250515,,2,,
250516,,2,,
250517,,2,,
250569,,2,,
250590,,2,,
250591,,2,,
250592,,2,,
250593,,2,,
250594,,2,,
250595,,2,,
250599,,2,,
250613,,,1,
250614,,2,3,
250671,,2,,
250672,,2,,
250673,,2,,
250674,,2,,
250675,,2,,
250676,,2,,
250677,,2,,
250678,,2,,
250679,,2,,
250748,,2,,
250749,,4,,
250750,,5,,
250751,,,4,
250752,,,1,
250753,,,8,
250783,,9,2,
250784,,2,,
250785,,4,,
250812,,8,,
250813,,20,,
250815,,2,,
250836,,8,,
250843,,2,,
250847,,1,,
250851,,1,,
250853,,2,,
250855,,2,,
250856,,3,,
250860,,2,,
250862,,1,,
250864,,4,,
250865,,5,,
250869,,12,,
250880,,1,,
250881,,4,,
250882,,1,,
250890,,1,,
250925,,1,,
250930,,1,,
250931,,6,,
250932,,4,,
250933,,6,,
250934,,8,,
250935,,8,,
250936,,6,,
250938,,4,,
250939,,8,,
250940,,4,,
250941,,4,,
250942,,6,,
250943,,2,,
250968,,4,,
250969,,6,,
250978,,4,,
250983,,2,,
251002,,3,,
251003,,1,,
251028,,8,,
251038,,2,,
251041,,2,,
251051,,2,,
251054,,4,,
251055,,4,,
251057,,4,,
251059,,4,,
251060,,4,,
251061,,2,,
251067,,4,,
251071,,2,,
251072,,4,,
251074,,4,,
251077,,8,,
251150,,,6,
251151,,,6,
251152,,,12,
251154,,,8,
251155,,,4,
251157,,,8,
251717,,4,,
251719,,,1,
251721,,,1,
251722,,,8,
251724,,2,,
251726,,2,,
251729,,,1,
251731,,1,,
251760,,1,,
251840,,2,,
251977,,2,,
251981,,1,,
251982,,2,,
251983,,2,,
251984,,1,,
252042,,2,,
252046,,2,,
252047,,2,,
252048,,2,,
252049,,2,,
252050,,2,,
252051,,2,,
252052,,2,,
252053,,2,,
252054,,2,,
252056,,2,,
252057,,2,,
252058,,2,,
252059,,2,,
252060,,2,,
252061,,2,,
252062,,2,,
252063,,2,,
252064,,2,,
252065,,2,,
252066,,2,,
252067,,2,,
252068,,2,,
252069,,2,,
252070,,2,,
252071,,2,,
252072,,2,,
252073,,2,,
252074,,2,,
252075,,1,,
252076,,1,,
252077,,1,,
252078,,2,,
252079,,2,,
252081,,1,,
252082,,2,,
252083,,1,,
252084,,2,,
252085,,2,,
252086,,2,,
252087,,1,,
252089,,2,,
252090,,2,,
252091,,2,,
252092,,2,,
252093,,2,,
252094,,2,,
252095,,2,,
252096,,2,,
252097,,2,,
252098,,2,,
252102,,2,,
252104,,2,,
252106,,2,,
252107,,1,,
252108,,2,,
252109,,2,,
252110,,1,,
252112,,2,,
252113,,2,,
252116,,,1,
252118,,,1,
252185,,2,,
252186,,1,,
252187,,1,,
252188,,2,,
252189,,2,,
252195,,10,,
252537,,,8,
252556,,2,,
252557,,2,,
252558,,2,,
252559,,2,,
252560,,2,,
252561,,2,,
252605,,2,,
252607,,1,,
252608,,4,,
252661,,,1,
252662,,2,,
252663,,2,,
252664,,2,,
252665,,2,,
252666,,,1,
252667,,,1,
252669,,2,,
252670,,,1,
252671,,2,,
252672,,,1,
252775,,2,,
252777,,2,,
252778,,10,,
252779,,,1,
252780,,3,,
252781,,4,,
252782,,3,,
252783,,1,,
252786,,14,,
252945,,2,,
252963,,2,,
252964,,2,,
252965,,2,,
252967,,2,,
252968,,3,,
252969,,1,,
252970,,2,,
252971,,2,,
252972,,2,,
252973,,4,,
252975,,4,,
252976,,2,,
253041,,2,,
253042,,2,,
253043,,2,,
253045,,3,,
253046,,1,,
253052,,,1,
253053,,6,,
253352,,2,,
253353,,2,,
253354,,2,,
253357,,4,,
253359,,2,,
253386,,,1,
253399,,2,,
253441,,,1,
253442,,2,,
253443,,2,,
253446,,,1,
253447,,4,,
253458,,,2,
253459,,,1,
253474,,2,,
253475,,2,,
253491,,,1,
253492,,2,,
253493,,2,,
253494,,2,,
253495,,2,,
253496,,2,,
253497,,3,,
253498,,,2,
253499,,1,,
253500,,2,,
253727,,2,,
253728,,2,,
253733,,1,,
253734,,,1,
253744,,,8,
253792,,,20,
253793,,,6,
253794,,2,,
253795,,,2,
253809,,2,,
253810,,2,,
253817,,,2,
253818,,2,,
253819,,2,,
253820,,1,,
253863,,2,,
253864,,2,,
253867,,,1,
253886,,2,,
253887,,1,,
253888,,,1,
253933,,2,,
253934,,2,,
253935,,2,,
253938,,,1,
253946,,,1,
253986,,2,,
253987,,2,,
253988,,2,,
253989,,2,,
254002,,2,,
254004,,2,,
254060,,2,,
254065,,2,,
254066,,2,,
254067,,2,,
254086,,2,,
254134,,2,,
254135,,2,,
254136,,2,,
254137,,2,,
254138,,4,,
254139,,1,,
254210,,2,,
254211,,2,,
254212,,2,,
254216,,2,,
254217,,2,,
254218,,2,,
254219,,2,,
254220,,2,,
254221,,2,,
254222,,2,,
254224,,2,,
254226,,,1,
254228,,2,,
254244,,2,,
254245,,1,,
254291,,1,,
254292,,1,,
254293,,1,,
254294,,2,,
254322,,2,,
254329,,2,,
254375,,2,,
254376,,2,,
254377,,1,,
254378,,1,,
254379,,2,,
254381,,10,,
254383,,2,,
254460,,2,,
254534,,2,,
254535,,2,,
254536,,2,,
254537,,2,,
254538,,2,,
254540,,2,,
254541,,2,,
254543,,2,,
254544,,10,,
254545,,2,,
254573,,6,,
254574,,4,4,
254948,,,4,
254951,,,4,
254952,,,4,
254953,,,4,
254956,,,4,
254957,,,2,
254958,,1,1,
254960,,,4,
254963,,2,4,
255016,,4,,
255030,,,4,
255052,,,6,
255055,,,6,
255068,,,2,
255257,,,1,
255258,,,2,
255259,,,2,
255260,,2,,
255327,,2,,
255328,,2,,
255333,,4,,
255335,,3,,
255337,,2,,
255377,,2,,
255378,,2,,
255379,,2,,
255380,,2,,
255381,,2,,
255382,,2,,
255388,,2,,
255389,,2,,
255394,,2,,
255395,,2,,
255396,,2,,
255397,,2,,
255398,,2,,
255406,,2,,
255408,,2,,
255409,,2,,
255412,,3,,
255413,,2,,
255466,,2,,
255467,,2,,
255468,,2,,
255469,,2,,
255470,,2,,
255472,,1,,
255475,,2,,
255482,,3,,
255484,,2,,
255494,,1,,
255503,,2,,
255541,,1,,
255542,,2,,
255546,,1,,
255593,,2,,
255597,,2,,
255602,,2,,
255632,,2,,
255633,,2,,
255704,,1,,
255710,,2,,
256129,,,6,
256130,,,8,
256131,,,16,
256189,,2,,
256190,,2,,
256191,,2,,
256193,,,2,
256194,,2,,
256195,,6,,
256233,,2,,
256234,,2,,
256235,,4,,
256236,,,3,
256237,,,3,
256292,,2,,
256295,,10,,
256296,,1,,
256297,,2,,
256298,,6,,
256406,,2,,
256410,,1,,
256411,,4,,
256412,,1,,
256413,,1,,
256414,,2,,
256415,,1,,
256416,,1,,
256417,,7,,
256461,,1,,
256462,,2,,
256463,,2,,
256464,,2,,
256466,,,1,
256467,,,1,
256468,,,2,
256470,,2,,
256472,,,1,
256475,,,2,
256477,,,2,
256478,,,2,
256479,,2,,
256480,,,1,
256481,,,1,
256482,,,1,
256483,,,2,
256484,,,1,
256485,,,4,
256486,,,2,
256487,,,2,
256488,,,1,
256490,,,1,
256491,,,1,
256492,,,2,
256493,,,1,
256494,,,1,
256495,,,2,
256496,,,2,
256505,,2,,
256653,,2,,
256654,,2,,
256656,,1,,
256657,,1,,
256658,,1,,
256659,,1,,
256660,,1,,
256661,,1,,
256662,,1,,
256663,,1,,
256664,,1,,
256665,,1,,
256666,,1,,
256704,,2,,
256706,,2,,
256708,,2,,
256709,,1,,
256711,,,1,
256712,,2,,
256748,,14,,
256789,,1,,
256790,,1,,
256791,,1,,
256792,,1,,
256803,,,1,
256804,,3,,
256805,,1,,
256806,,1,,
256807,,2,,
256808,,1,,
256809,,2,,
256820,,,2,
256821,,2,,
256822,,4,,
256824,,2,,
256825,,2,,
256895,,2,,
256910,,2,,
256913,,2,,
256915,,2,,
256916,,2,,
256917,,2,,
256918,,2,,
256989,,5,,
256991,,2,,
257042,,2,,
257045,,1,,
257046,,2,,
257047,,2,,
257048,,1,,
257049,,2,,
257051,,2,,
257052,,2,,
257053,,1,,
257054,,3,,
257065,,,4,
257075,,,8,
257108,,2,,
257109,,2,,
257110,,2,,
257111,,2,,
257112,,2,,
257113,,2,,
257115,,2,,
257116,,2,,
257139,,2,,
257186,,2,,
257187,,2,,
257189,,2,,
257190,,2,,
257266,,2,,
257267,,1,,
257268,,2,,
257280,,,2,
257281,,,10,
257288,,,10,
257294,,,2,
257351,,2,,
257352,,2,,
257353,,,1,
257354,,,1,
257355,,,1,
257356,,2,,
257357,,2,,
257358,,2,,
257359,,4,,
257360,,2,,
257361,,2,,
257384,,8,,
257385,,1,,
257582,,2,,
257583,,2,,
257584,,2,,
257591,,,1,
257592,,3,,
257593,,,2,
257595,,2,,
257596,,4,,
257597,,2,,
257744,,2,,
257745,,1,,
257746,,1,,
257748,,1,,
257749,,11,,
257801,,2,,
257802,,3,,
257803,,,2,
257805,,2,,
257862,,2,,
257863,,2,,
257864,,2,,
257866,,,1,
257868,,2,,
257908,,2,,
257913,,1,1,
257942,,2,,
257943,,2,,
257953,,2,,
257954,,2,,
257955,,2,,
257956,,2,,
257957,,2,,
257958,,2,,
257961,,2,,
257962,,2,,
257963,,1,,
257965,,3,,
257966,,1,,
257967,,2,,
257971,,1,1,
258232,,2,,
258233,,2,,
258234,,2,,
258249,,2,,
258250,,2,,
258251,,2,,
258252,,2,,
258253,,2,,
258256,,,2,
258272,,1,,
258273,,,12,
258274,,,16,
258295,,2,,
258296,,2,,
258297,,2,,
258298,,2,,
258299,,2,,
258301,,3,,
258312,,,4,
258537,,21,,
258538,,1,,
258539,,1,,
258540,,4,,
258541,,1,,
258542,,15,,
258543,,7,,
258544,,11,,
258546,,2,,
258547,,6,,
258548,,6,,
258550,,1,,
258551,,2,,
258555,,13,,
258562,,2,,
258563,,4,,
258564,,3,,
258568,,1,,
258572,,6,,
258575,,2,,
258576,,1,,
258578,,4,,
258590,,2,,
258591,,1,,
258592,,2,,
258593,,1,,
258595,,1,,
258598,,18,,
258600,,2,,
258601,,4,,
258603,,2,,
258609,,2,,
258614,,6,,
258616,,11,,
258618,,2,,
258622,,2,,
258630,,2,,
258638,,2,,
258639,,4,,
258640,,2,,
258643,,2,,
258654,,2,,
258658,,2,,
258660,,4,,
258663,,1,,
258667,,6,,
258671,,4,,
258673,,8,,
258674,,1,,
258682,,4,,
258683,,4,,
258686,,2,,
258700,,16,,
258707,,2,,
258709,,1,,
258711,,15,,
258713,,6,,
258715,,3,,
258718,,2,,
258719,,1,,
258720,,1,,
258721,,4,,
258742,,4,,
258743,,2,,
258744,,4,,
258750,,10,,
258758,,1,,
258760,,38,,
258762,,1,,
258776,,2,,
258777,,2,,
258778,,2,,
258780,,4,,
258789,,1,,
258926,,,2,
258927,,,2,
258929,,,1,
258930,,,1,
258965,,2,,
258966,,2,,
258967,,1,,
259013,,2,,
259014,,2,,
259015,,2,,
259016,,,1,
259017,,,1,
259018,,1,,
259031,,6,,
259267,,,1,
259268,,,1,
259269,,,1,
259270,,1,,
259271,,2,,
259272,,7,,
259348,,1,,
259478,,2,,
259479,,2,,
259480,,2,,
259481,,2,,
259482,,2,,
259483,,2,,
259484,,2,,
259495,,2,,
259496,,2,,
259530,,2,,
259531,,,1,
259532,,2,,
259572,,2,,
259573,,2,,
259574,,2,,
259575,,2,,
259576,,2,,
259578,,4,,
259586,,4,,
259635,,2,,
259636,,2,,
259648,,4,,
259699,,,1,
259700,,2,,
259738,,,1,
259771,,2,,
259845,,2,,
259846,,2,,
259847,,2,,
259849,,,1,
259850,,2,,
259851,,2,,
259852,,2,,
259853,,2,,
259854,,2,,
259855,,2,,
259856,,2,,
259857,,2,,
259859,,2,,
259861,,4,,
259862,,2,,
259902,,2,,
259903,,2,,
259906,,1,,
259907,,2,,
259908,,6,,
259915,,,2,
259916,,,2,
259917,,,2,
259957,,2,,
259958,,2,,
259959,,2,,
259960,,2,,
260016,,1,,
260019,,1,,
260041,,2,,
260042,,2,,
260043,,,1,
260045,,,12,
260046,,,8,
260047,,,8,
260048,,2,,
260122,,2,,
260123,,2,,
260124,,2,,
260125,,2,,
260126,,2,,
260127,,2,,
260128,,4,,
260129,,2,,
260130,,6,,
260193,,2,,
260196,,3,,
260197,,8,,
260198,,4,,
260233,,2,,
260234,,,1,
260235,,2,,
260282,,2,,
260283,,2,,
260284,,2,,
260285,,2,,
260286,,2,,
260287,,4,,
260288,,4,,
260290,,3,,
260291,,4,,
260303,,2,1,
260304,,2,1,
260306,,2,,
260308,,2,,
260309,,2,,
260311,,,1,
260430,,2,,
260431,,2,,
260432,,2,,
260433,,2,,
260434,,2,,
260435,,2,,
260436,,2,,
260437,,2,,
260438,,,1,
260439,,2,,
260440,,2,,
260441,,2,,
260442,,2,,
260444,,2,,
260499,,2,,
260500,,2,,
260503,,1,,
260504,,2,,
260505,,2,,
260506,,1,,
260507,,4,,
260584,,1,,
260585,,2,,
260589,,1,,
260594,,1,,
260659,,2,,
260660,,2,,
260734,,2,,
260735,,2,,
260736,,2,,
260737,,2,,
260738,,2,,
260739,,2,,
260742,,2,,
260743,,2,,
260744,,4,,
260745,,2,,
260746,,,2,
260747,,1,,
260802,,1,,
260803,,1,,
260804,,1,,
260805,,1,,
260806,,2,,
260807,,,1,
260824,,2,,
260869,,4,,
260870,,2,,
260932,,2,,
260933,,2,,
260934,,2,,
261025,,2,,
261026,,2,,
261027,,2,,
261028,,4,,
261041,,4,,
261074,,2,,
261075,,2,,
261076,,2,,
261077,,,2,
261079,,2,,
261080,,2,,
261120,,2,,
261121,,2,,
261122,,2,,
261123,,2,,
261125,,2,,
261126,,,2,
261127,,1,,
261132,,2,,
261151,,1,,
261152,,2,,
261153,,2,,
261154,,2,,
261155,,1,,
261156,,2,,
261157,,2,,
261158,,2,,
261159,,2,,
261160,,2,,
261161,,2,,
261162,,2,,
261163,,1,,
261164,,2,,
261165,,2,,
261166,,2,,
261167,,1,,
261168,,1,,
261169,,2,,
261170,,2,,
261222,,2,,
261224,,1,,
261299,,4,,
261301,,1,2,
261303,,2,,
261366,,2,,
261367,,2,,
261368,,2,,
261369,,2,,
261371,,6,,
261411,,2,,
261417,,2,,
261418,,1,,
261419,,1,,
261421,,2,,
261422,,1,,
261484,,,2,
261485,,,2,
261486,,,2,
261487,,,8,
261488,,,6,
261533,,2,,
261534,,2,,
261535,,2,,
261536,,2,,
261539,,2,,
261542,,2,,
261543,,2,,
261544,,2,,
261545,,1,,
261546,,4,,
261548,,2,,
261550,,2,,
261573,,2,,
261588,,4,,
261608,,2,,
261649,,2,,
261650,,2,,
261651,,2,,
261652,,2,,
261655,,2,,
261657,,,2,
261658,,1,,
261659,,1,,
261665,,1,1,
261735,,,8,
261747,,2,,
261807,,4,,
261808,,2,,
261809,,1,,
261869,,1,,
261870,,1,,
261871,,9,,
261872,,2,,
261873,,3,,
261888,,2,,
262233,,2,,
262234,,2,,
262246,,2,,
262248,,2,,
262249,,2,,
262250,,2,,
262323,,2,,
262324,,2,,
262327,,2,,
262328,,2,,
262330,,20,,
262378,,2,,
262403,,4,,
262405,,4,,
262406,,2,,
262407,,3,,
262408,,4,,
262409,,4,,
262506,,,4,
262507,,1,,
262508,,2,,
262509,,2,,
262510,,4,,
262536,,1,,
262539,,,1,
262540,,3,,
262541,,2,,
262542,,2,,
262611,,2,,
262612,,4,,
262613,,2,,
262616,,3,,
262617,,14,,
262676,,1,,
262687,,2,,
262688,,2,,
262689,,2,,
262690,,2,,
262697,,1,1,
262702,,,4,
262703,,,4,
262748,,2,,
262749,,2,,
262751,,2,,
262752,,1,2,
262803,,2,,
262804,,2,,
262805,,2,,
262807,,3,,
262808,,2,,
262810,,2,,
262811,,2,,
262813,,8,,
262839,,2,,
262843,,2,,
262844,,,1,
262862,,4,,
262863,,4,,
262864,,6,,
262883,,33,,
262889,,4,,
262890,,4,,
262891,,2,,
262898,,2,,
262899,,2,,
262900,,2,,
262904,,2,,
262905,,2,,
262906,,2,,
262907,,2,,
262908,,2,,
262930,,2,,
262931,,2,,
262932,,2,,
262933,,,1,
262934,,2,,
262935,,,1,
262936,,2,,
262937,,1,,
263027,,2,,
263028,,2,,
263029,,,1,
263030,,2,,
263031,,2,,
279568,,,4,
279569,,,4,
279572,,,6,
279573,,,6,
279574,,,6,
279575,,,4,
279576,,,8,
279577,,,8,
279578,,,6,
279579,,,6,
279580,,,6,
279581,,,6,
279582,,,4,
279583,,,6,
279584,,7,,
279585,,2,,
279593,,2,,
296670,,4,,
296766,,,8,
296788,,,4,
297304,,4,,
297305,,3,,
297306,,6,,
297307,,3,,
297319,,4,,
298600,,,1,
298651,,,4,
300529,,1,,
300773,,,1,
300774,,,1,
300777,,2,,
300778,,2,,
300797,,,1,
300959,,2,,
300988,,2,,
300989,,2,,
300991,,2,,
300993,,2,,
300994,,2,,
300995,,2,,
300996,,,1,
301040,,2,,
301041,,2,,
301441,,2,,
301477,,2,,
301503,,2,,
301512,,,1,
301634,,2,,
301635,,2,,
301636,,2,,
301637,,2,,
301655,,2,,
301656,,9,,
301658,,2,,
301673,,1,,HYDRO
301704,,2,,
301706,,3,,
301707,,2,,
301743,,,1,
301744,,2,,NONE
301745,,1,,
301747,,1,,
301748,,2,,
301749,,4,,
301750,,,12,
301752,,1,,
301830,,2,,
301851,,,1,
301852,,,1,
301853,,,1,
301856,,3,,
301857,,4,,
301858,,10,,
301859,,4,,
301860,,6,,
301976,,2,,
301977,,4,,
301979,,4,,
301980,,4,,
301981,,1,,
301982,,2,,
301983,,2,,
301993,,1,,
301994,,1,,
301996,,1,,
301998,,,1,
301999,,3,,
302047,,2,,
302050,,2,,
302051,,2,,
302181,,,1,
302182,,2,,
302183,,2,,
302184,,4,,
302185,,2,,
302186,,,3,
302189,,1,1,
302215,,,12,
302255,,2,,
302304,,1,,
302305,,1,,
302306,,,2,
302308,,2,,
302318,,,4,
302354,,2,,
302356,,2,,
302357,,2,,
302361,,2,,
302362,,4,,
302425,,2,,
302426,,4,,
302428,,2,,
302430,,4,,
302431,,2,,
302432,,1,,
302443,,,1,
302526,,2,,
302527,,2,,
302534,,,12,
302589,,2,,
302590,,2,,
302598,,2,,
302634,,2,,
302635,,2,,
302639,,8,,
302659,,,1,
302662,,2,,
302663,,2,,
302671,,8,4,
302673,,1,,
302746,,2,,
302749,,2,,
302750,,4,,
302751,,,1,
302752,,,8,
302753,,,2,
302833,,2,,
302840,,,2,
302921,,2,,
302927,,1,,
303018,,2,,
303020,,2,,
303021,,2,,
303022,,2,,
303038,,2,,
303039,,2,,
303040,,4,,
303043,,8,,
303044,,4,,
303097,,2,,
303098,,2,,
303099,,2,,
303100,,2,,
303101,,2,,
303102,,1,,
303103,,2,,
303104,,1,,
303105,,5,,
303106,,4,,
303107,,4,,
303108,,1,,
303110,,2,,
303114,,1,,
303180,,2,,
303181,,2,,
303182,,2,,
303183,,2,,
303194,,2,,
303195,,4,,
303197,,2,,
303199,,1,,
303325,,6,,
303327,,4,,
303329,,1,,
303334,,2,,
303335,,3,,
303338,,4,,
303339,,2,,
303340,,2,,
303343,,4,,
303350,,2,,
303355,,2,,
303356,,6,,
303359,,1,,
303361,,2,,
303363,,2,,
303370,,3,,
303373,,2,,
303376,,2,,
303378,,4,,
303385,,2,,
303388,,4,,
303390,,4,,
303396,,4,,
303401,,2,,
303403,,2,,
303405,,2,,
303406,,1,,
303408,,2,,
303411,,4,,
303416,,2,,
303420,,4,,
303422,,1,,
303425,,4,,
303427,,4,,
303540,,,1,
303541,,1,,
303542,,2,,
303543,,2,,
303544,,2,,
303604,,2,,
303606,,2,,
303607,,2,,
303612,,4,,
303613,,6,,
303662,,,1,
303680,,2,,
303681,,2,,
303682,,2,,
303683,,1,,
303684,,2,,
303685,,2,,
303686,,2,,
303687,,2,,
303688,,2,,
303689,,2,,
303695,,3,,
303696,,2,,
303697,,4,,
303698,,2,,
303699,,2,,
303784,,2,,
303794,,,1,
303795,,4,,
303796,,,1,
303797,,2,,
303798,,4,,
303876,,2,,
303877,,2,,
303885,,,1,
303886,,1,,
303887,,4,,
303888,,4,,
303889,,4,,
303897,,2,,
303898,,2,,
303899,,2,,
303900,,2,,
303901,,2,,
303902,,2,,
303907,,2,,
303908,,2,,
303961,,2,,
303969,,3,,
303970,,2,,
303971,,2,,
303983,,,2,
303985,,1,,
303986,,2,,
303987,,2,,
303988,,2,,
303989,,4,,
303990,,8,,
303991,,2,,
303992,,2,,
303993,,4,,
303994,,2,,
303995,,2,,
303996,,2,,
303997,,2,,
303998,,2,,
303999,,2,,
304000,,4,,
304001,,2,,
304002,,2,,
304003,,2,,
304004,,2,,
304005,,2,,
304006,,2,,
304007,,2,,
304008,,2,,
304009,,1,,
304010,,1,,
304011,,2,,
304012,,2,,
304013,,2,,
304015,,2,,
304017,,4,,
304018,,2,,
304019,,4,,
304020,,2,,
304021,,4,,
304022,,2,,
304023,,2,,
304024,,2,,
304025,,2,,
304026,,2,,
304027,,2,,
304028,,2,,
304029,,4,,
304030,,2,,
304031,,2,,
304032,,4,,
304033,,4,,
304034,,2,,
304035,,2,,
304036,,2,,
304037,,2,,
304038,,2,,
304039,,2,,
304040,,4,,
304041,,2,,
304042,,1,,
304043,,3,,
304044,,2,,
304045,,2,,
304046,,2,,
304047,,2,,
304048,,2,,
304049,,2,,
304050,,2,,
304051,,4,,
304052,,2,,
304053,,2,,
304054,,2,,
304056,,1,,
304057,,4,,
304058,,2,,
304059,,2,,
304060,,2,,
304061,,4,,
304062,,2,,
304063,,4,,
304064,,4,,
304065,,3,,
304066,,1,,
304068,,4,,
304069,,4,,
304070,,4,,
304071,,2,,
304072,,4,,
304073,,4,,
304074,,4,,
304075,,4,,
304076,,4,,
304077,,4,,
304078,,2,,
304079,,4,,
304080,,4,,
304081,,2,,
304082,,2,,
304083,,2,,
304084,,2,,
304085,,4,,
304086,,2,,
304087,,2,,
304088,,2,,
304089,,2,,
304090,,2,,
304091,,2,,
304092,,2,,
304093,,2,,
304094,,2,,
304095,,2,,
304096,,2,,
304097,,4,,
304098,,2,,
304099,,2,,
304100,,4,,
304101,,2,,
304102,,2,,
304103,,2,,
304104,,4,,
304105,,1,,
304106,,4,,
304107,,2,,
304108,,2,,
304109,,5,,
304110,,2,,
304111,,1,,
304112,,2,,
304113,,2,,
304114,,2,,
304115,,2,,
304116,,2,,
304117,,2,,
304118,,2,,
304119,,2,,
304120,,2,,
304121,,2,,
304122,,2,,
304123,,2,,
304124,,2,,
304125,,2,,
304126,,4,,
304127,,2,,
304128,,4,,
304129,,2,,
304130,,4,,
304131,,2,,
304132,,2,,
304133,,2,,
304134,,2,,
304135,,1,,
304136,,2,,
304137,,2,,
304138,,2,,
304139,,2,,
304140,,4,,
304141,,2,,
304142,,2,,
304143,,4,,
304144,,4,,
304145,,2,,
304146,,2,,
304147,,2,,
304148,,1,,
304149,,3,,
304150,,2,,
304151,,2,,
304154,,2,,
304155,,4,,
304156,,2,,
304157,,2,,
304158,,2,,
304159,,4,,
304160,,4,5,
304161,,2,,
304162,,4,,
304163,,2,,
304164,,2,,
304165,,2,,
304167,,2,,
304168,,2,,
304169,,4,,
304170,,2,,
304171,,4,,
304172,,2,,
304173,,2,,
304174,,2,,
304175,,2,,
304176,,2,,
304177,,4,,
304178,,2,,
304179,,4,,
304180,,2,,
304181,,2,,
304182,,1,,
304183,,2,,
304184,,2,,
304185,,2,,
304186,,1,,
304187,,2,,
304188,,4,,
304189,,2,,
304190,,4,,
304191,,2,,
304192,,1,,
304193,,2,,
304194,,2,,
304195,,2,,
304196,,2,,
304197,,2,,
304198,,2,,
304199,,2,,
304200,,2,,
304202,,2,,
304203,,2,,
304204,,2,,
304205,,2,,
304206,,2,,
304207,,2,,
304208,,2,,
304209,,2,,
304210,,2,,
304211,,2,,
304212,,2,,
304213,,2,,
304214,,4,,
304215,,2,,
304216,,3,,
304217,,2,,
304218,,2,,
304219,,2,,
304220,,2,,
304221,,2,,
304222,,2,,
304223,,2,,
304224,,2,,
304225,,2,,
304226,,2,,
304227,,2,,
304228,,2,,
304229,,2,,
304230,,2,,
304231,,2,,
304232,,4,,
304233,,2,,
304234,,2,,
304235,,2,,
304236,,2,,
304237,,2,,
304238,,2,,
304239,,2,,
304240,,2,,
304241,,4,,
304242,,2,,
304243,,4,,
304244,,2,,
304245,,2,,
304246,,2,,
304247,,2,,
304248,,2,,
304249,,2,,
304250,,2,,
304251,,2,,
304252,,4,,
304253,,2,,
304254,,4,,
304255,,2,,
304256,,1,,
304257,,6,,
304258,,1,,
304259,,4,,
304260,,4,,
304261,,4,,
304262,,4,,
304263,,4,,
304264,,2,,
304265,,2,,
304266,,2,,
304267,,2,,
304268,,2,,
304269,,2,,
304270,,2,,
304271,,2,,
304272,,2,,
304274,,2,,
304275,,2,,
304276,,2,,
304277,,2,,
304278,,2,,
304279,,2,,
304280,,2,,
304281,,2,,
304282,,2,,
304283,,2,,
304284,,2,,
304285,,2,,
304286,,2,,
304287,,4,,
304288,,2,,
304289,,2,,
304290,,2,,
304291,,2,,
304292,,2,,
304293,,2,,
304294,,2,,
304295,,2,,
304296,,2,,
304297,,2,,
304298,,2,,
304299,,2,,
304300,,2,,
304301,,2,,
304302,,2,,
304303,,2,,
304304,,2,,
304305,,2,,
304306,,2,,
304307,,4,,
304308,,2,,
304309,,2,,
304310,,2,,
304311,,2,,
304312,,2,,
304313,,2,,
304314,,2,,
304316,,2,,
304317,,2,,
304318,,2,,
304319,,2,,
304320,,4,,
304321,,2,,
304322,,2,,
304323,,2,,
304324,,2,,
304325,,4,,
304326,,2,,
304327,,2,,
304328,,4,,
304329,,4,,
304330,,4,,
304331,,2,,
304332,,4,,
304333,,1,,
304334,,2,,
304335,,2,,
304337,,2,,
304338,,2,,
304340,,2,,
304341,,2,,
304342,,2,,
304343,,2,,
304344,,2,,
304345,,2,,
304346,,2,,
304347,,4,,
304348,,2,,
304349,,2,,
304350,,2,,
304351,,4,,
304352,,2,,
304354,,2,,
304356,,2,,
304357,,2,,
304358,,2,,
304359,,2,,
304360,,2,,
304361,,2,,
304362,,2,,
304363,,2,,
304364,,2,,
304365,,4,,
304366,,2,,
304367,,2,,
304368,,2,,
304369,,2,,
304370,,2,,
304371,,2,,
304372,,2,,
304373,,2,,
304374,,2,,
304375,,2,,
304376,,2,,
304377,,2,,
304378,,2,,
304379,,4,,
304380,,4,,
304381,,2,,
304382,,1,,
304383,,6,,
304385,,2,,
304386,,2,,
304387,,2,,
304388,,2,,
304389,,2,,
304390,,2,,
304391,,2,,
304392,,2,,
304393,,2,,
304394,,2,,
304395,,2,,
304396,,2,,
304397,,2,,
304398,,2,,
304399,,2,,
304400,,2,,
304401,,2,,
304402,,2,,
304403,,2,,
304404,,2,,
304406,,2,,
304407,,,2,
304408,,2,,
304409,,2,,
304410,,2,,
304411,,2,,
304412,,2,,
304413,,2,,
304414,,2,,
304415,,2,,
304416,,2,,
304417,,2,,
304418,,2,,
304419,,2,,
304421,,1,,
304422,,1,,
304424,,4,,
304425,,2,,
304426,,4,,
304427,,4,,
304428,,2,,
304430,,4,,
304431,,4,,
304432,,4,,
304434,,4,,
304435,,2,,
304436,,4,,
304439,,4,,
304440,,2,,
304441,,2,,
304442,,2,,
304443,,2,,
304445,,2,,
304446,,2,,
304447,,2,,
304448,,4,,
304449,,2,,
304450,,2,,
304451,,2,,
304452,,2,,
304453,,2,,
304454,,2,,
304455,,2,,
304456,,2,,
304457,,4,,
304459,,2,,
304461,,2,,
304462,,2,,
304463,,2,,
304464,,2,,
304465,,2,,
304466,,2,,
304467,,2,,
304468,,2,,
304469,,2,,
304470,,2,,
304471,,4,,
304473,,2,,
304474,,2,,
304475,,4,,
304477,,2,,
304479,,2,,
304480,,2,,
304481,,2,,
304482,,4,,
304483,,4,,
304484,,4,,
304485,,4,,
304486,,2,,
304487,,4,,
304488,,1,,
304491,,2,,
304492,,2,,
304493,,4,,
304494,,2,,
304495,,4,,
304497,,2,,
304498,,2,,
304499,,2,,
304500,,2,,
304501,,2,,
304503,,4,,
304504,,2,,
304505,,2,,
304506,,2,,
304507,,2,,
304508,,4,,
304509,,2,,
304510,,4,,
304511,,2,,
304512,,2,,
304513,,2,,
304514,,2,,
304515,,4,,
304516,,2,,
304517,,2,,
304518,,2,,
304519,,2,,
304520,,2,,
304521,,2,,
304523,,2,,
304524,,2,,
304525,,2,,
304526,,2,,
304527,,2,,
304528,,2,,
304529,,2,,
304530,,2,,
304531,,2,,
304532,,2,,
304533,,2,,
304534,,2,,
304535,,2,,
304536,,4,,
304537,,4,,
304538,,2,,
304539,,2,,
304540,,2,,
304541,,2,,
304542,,2,,
304543,,1,,
304545,,2,,
304546,,2,,
304548,,4,,
304549,,2,,
304551,,2,,
304552,,4,,
304553,,2,,
304554,,2,,
304555,,2,,
304556,,2,,
304557,,2,,
304558,,2,,
304559,,2,,
304560,,2,,
304561,,2,,
304563,,2,,
304564,,2,,
304566,,2,,
304567,,2,,
304568,,2,,
304570,,2,,
304572,,2,,
304573,,4,,
304574,,4,,
304575,,4,,
304576,,2,,
304577,,2,,
304579,,2,,
304580,,2,,
304582,,2,,
304584,,2,,
304587,,2,,
304588,,2,,
304589,,2,,
304590,,2,,
304591,,2,,
304592,,2,,
304593,,2,,
304594,,2,,
304595,,2,,
304596,,4,,
304597,,2,,
304598,,4,,
304599,,2,,
304600,,2,,
304601,,2,,
304602,,2,,
304604,,2,,
304605,,4,,
304606,,2,,
304607,,2,,
304608,,2,,
304609,,4,,
304610,,2,,
304611,,2,,
304612,,2,,
304614,,4,,
304617,,,2,
304619,,2,,
304620,,1,,
304621,,2,,
304623,,4,,
304624,,2,,
304625,,2,,
304626,,2,,
304627,,2,,
304628,,1,,
304629,,1,,
304630,,2,,
304631,,2,,
304632,,4,,
304633,,2,,
304634,,1,,
304635,,1,,
304636,,2,,
304637,,1,,
304638,,2,,
304639,,1,,
304640,,1,,
304641,,2,,
304643,,1,,
304645,,10,,
304647,,2,2,
304648,,2,1,
304649,,,2,
304650,,,1,
304651,,,1,
304652,,1,2,
304653,,1,2,
304654,,1,1,
304655,,,2,
304656,,,2,
304657,,,1,
304658,,,2,
304659,,,2,
304660,,,13,
304661,,,5,
304662,,,2,
304663,,2,,
304664,,,2,
304665,,,2,
304666,,,2,
304667,,,4,
304668,,,2,
304669,,1,2,
304670,,,2,
304671,,,2,
304672,,,2,
304673,,,2,
304674,,,2,
304675,,,6,
304676,,,2,
304677,,,2,
304678,,,2,
304679,,,2,
304680,,,2,
304681,,,2,
304683,,,2,
304684,,,4,
304685,,,1,
304686,,,2,
304687,,,2,
304688,,,2,
304690,,2,,
304691,,,2,
304692,,,2,
304693,,,6,
304694,,4,1,
304695,,,1,
304696,,,1,
304697,,,2,
304698,,,1,
304700,,,2,
304702,,,2,
304703,,,1,
304704,,,2,
304705,,,2,
304706,,,2,
304707,,,2,
304708,,,2,
304709,,,1,
304710,,,4,
304711,,,2,
304712,,,1,
304713,,,2,
304714,,,2,
304715,,,1,
304716,,,5,
304717,,1,2,
304718,,,2,
304719,,,2,
304720,,,3,
304721,,,4,
304723,,,1,
304724,,1,,
304725,,1,,
304726,,,2,
304727,,,2,
304728,,,1,
304729,,,2,
304730,,,1,
304731,,,2,
304732,,1,,
304733,,,1,
304734,,,2,
304735,,,2,
304736,,1,1,
304737,,,2,
304738,,,2,
304739,,,2,
304740,,,2,
304741,,,2,
304742,,,2,
304743,,,2,
304744,,,16,
304745,,,2,
304746,,,2,
304747,,,4,
304748,,,2,
304749,,,2,
304750,,,4,
304751,,,1,
304752,,,3,
304754,,,2,
304755,,,2,
304756,,,2,
304758,,,2,
304759,,,3,
304760,,,3,
304761,,,2,
304762,,,2,
304763,,,2,
304764,,,1,
304765,,,2,
304766,,,2,
304767,,,1,
304768,,2,4,
304769,,,2,
304770,,,4,
304771,,,4,
304772,,,4,
304773,,,2,
304774,,,2,
304775,,,4,
304776,,,5,
304777,,,2,
304778,,2,,
304779,,,6,
304780,,2,,
304781,,,4,
304782,,,2,
304783,,,20,
304784,,,2,
304785,,2,,
304786,,,1,
304787,,,2,
304788,,,2,
304789,,,1,
304790,,,1,
304791,,2,2,
304792,,,4,
304793,,,2,
304794,,1,1,
304795,,,2,
304796,,,2,
304797,,,4,
304798,,,1,
304799,,1,4,
304800,,1,2,
304801,,1,1,
304802,,,8,
304803,,,2,
304804,,,1,
304805,,1,6,
304806,,,2,
304807,,,2,
304808,,,2,
304809,,,2,
304810,,,2,
304811,,,2,
304812,,,1,
304813,,,4,
304814,,,2,
304815,,,2,
304816,,,4,
304817,,,6,
304818,,,1,
304819,,,5,
304820,,,3,
304821,,,5,
304822,,,2,
304823,,,3,
304824,,,1,
304825,,,1,
304826,,,2,
304827,,,2,
304828,,,2,
304829,,1,2,
304831,,,6,
304832,,,2,
304833,,1,,
304834,,,2,
304835,,1,,
304836,,,2,
304837,,,2,
304838,,1,1,
304839,,,1,
304840,,,2,
304841,,,1,
304842,,,6,
304843,,,2,
304844,,,2,
304845,,,9,
304846,,,6,
304847,,2,3,
304848,,,2,
304849,,,1,
304850,,,2,
304851,,,2,
304852,,,4,
304853,,,6,
304854,,,2,
304855,,,3,
304856,,,2,
304857,,,4,
304858,,,2,
304859,,,2,
304860,,,2,
304861,,1,,
304862,,,2,
304863,,,2,
304864,,,2,
304865,,,6,
304866,,,2,
304867,,,2,
304868,,,2,
304869,,,2,
304870,,,2,
304871,,,2,
304872,,,2,
304873,,,2,
304874,,,2,
304875,,,1,
304876,,,6,
304877,,,2,
304878,,,1,
304879,,,2,
304880,,1,,
304881,,,2,
304882,,1,,
304883,,,8,
304884,,,2,
304885,,,4,
304886,,,4,
304887,,,4,
304888,,8,,
304889,,,7,
304890,,,4,
304891,,,2,
304892,,,24,
304893,,,5,
304894,,,2,
304895,,,14,
304896,,,1,
304897,,,2,
304898,,,2,
304899,,,2,
304900,,,2,
304901,,,2,
304902,,,2,
304903,,,2,
304904,,,6,
304905,,,2,
304906,,,2,
304907,,,1,
304908,,,2,
304909,,,2,
304910,,,2,
304911,,,1,
304912,,1,,
304913,,,2,
304914,,,2,
304915,,,4,
304916,,,2,
304917,,,2,
304918,,,6,
304919,,,4,
304920,,,6,
304921,,,5,
304922,,,2,
304923,,,2,
304924,,,2,
304925,,,2,
304926,,1,,
304927,,,1,
304928,,,7,
304929,,,3,
304930,,2,,
304931,,,3,
304932,,,2,
304933,,,4,
304934,,1,2,
304936,,1,1,
304937,,,1,
304938,,1,,
304939,,,2,
304940,,,3,
304941,,,5,
304942,,,2,
304943,,,2,
304944,,,2,
304945,,,2,
304946,,,3,
304947,,,2,
304948,,,2,
304949,,,4,
304950,,,1,
304951,,,6,
304952,,,2,
304953,,,4,
304954,,,2,
304955,,,4,
304956,,,2,
304957,,,2,
304958,,,4,
304959,,,2,
304960,,,2,
304961,,,2,
304962,,,2,
304963,,,1,
304964,,,2,
304965,,,4,
304966,,,2,
304967,,1,,
304968,,,3,
304969,,,4,
304971,,1,2,
304972,,,4,
304973,,,2,
304975,,,2,
304976,,,2,
304977,,,2,
304978,,,2,
304979,,,2,
304980,,,4,
304982,,,1,
304983,,2,2,
304984,,,1,
304985,,,2,
304986,,,1,
304987,,,2,
304988,,,2,
304989,,,2,
304990,,,4,
304991,,1,,
304992,,,1,
304993,,,1,
304994,,,3,
304995,,,1,
304996,,,2,
304998,,,1,
304999,,1,1,
305000,,,1,
305001,,,1,
305003,,1,,
305004,,,1,
305005,,,1,
305006,,,5,
305007,,2,1,
305008,,,1,
305009,,1,1,
305010,,,2,
305011,,,2,
305012,,,4,
305013,,,2,
305014,,,2,
305015,,,2,
305016,,1,1,
305017,,,4,
305018,,,1,
305019,,2,,
305020,,1,,
305021,,1,,
305022,,2,,
305023,,1,,
305024,,2,,
305025,,1,,
305027,,2,,
305028,,4,,
305029,,1,,
305030,,1,,
305031,,2,,
305032,,1,,
305033,,1,,
305034,,2,,
305035,,2,,
305036,,1,,
305037,,1,,
305038,,4,,
305039,,6,,
305040,,2,,
305041,,2,,
305042,,2,,
305043,,2,,
305044,,4,,
305045,,1,,
305046,,1,,
305047,,4,,
305048,,1,,
305049,,1,,
305050,,2,,
305051,,2,,
305052,,1,,
305053,,1,,
305054,,1,,
305055,,1,,
305056,,1,,
305057,,1,,
305058,,1,,
305059,,1,,
305060,,2,,
305061,,3,,
305063,,2,,
305064,,1,,
305065,,1,,
305067,,1,,
305069,,1,,
305071,,3,,
305072,,2,,
305073,,2,,
305074,,2,,
305075,,2,,
305076,,4,,
305077,,2,,
305078,,1,,
305079,,2,,
305080,,2,,
305081,,2,,
305082,,2,,
305083,,2,,
305084,,1,,
305086,,1,,
305087,,1,,
305088,,1,,
305089,,1,,
305091,,2,,
305092,,1,,
305093,,1,,
305094,,1,,
305095,,2,,
305096,,2,,
305097,,4,,
305098,,2,,
305099,,2,,
305100,,2,,
305101,,2,,
305102,,4,,
305103,,1,,
305104,,2,,
305105,,2,,
305106,,5,,
305107,,1,,
305108,,2,,
305109,,2,,
305110,,1,,
305111,,1,,
305112,,1,,
305113,,1,,
305114,,1,,
305115,,1,,
305117,,2,,
305118,,2,,
305119,,1,,
305120,,4,,
305121,,2,,
305122,,4,,
305123,,1,,
305124,,2,,
305125,,1,,
305126,,5,,
305127,,1,,
305128,,1,,
305129,,1,,
305130,,4,,
305131,,1,,
305132,,2,,
305134,,1,,
305135,,1,,
305136,,2,,
305137,,1,,
305138,,2,,
305139,,1,,
305140,,2,,
305141,,6,,
305142,,2,,
305143,,2,,
305144,,2,,
305145,,5,,
305146,,2,,
305148,,1,,
305149,,2,,
305150,,2,,
305151,,1,,
305152,,2,,
305153,,4,,
305154,,1,,
305155,,1,,
305156,,2,,
305158,,8,,
305159,,4,,
305160,,4,,
305161,,1,,
305162,,1,,
305163,,2,,
305164,,2,,
305165,,8,,
305166,,1,,
305167,,1,,
305168,,4,,
305169,,1,,
305170,,4,,
305171,,1,,
305172,,1,,
305173,,2,,
305174,,2,,
305175,,2,,
305176,,2,,
305177,,2,,
305178,,4,,
305179,,1,,
305180,,1,,
305181,,1,,
305182,,2,,
305183,,4,,
305184,,1,,
305185,,,1,
305186,,1,1,
305187,,1,1,
305188,,2,1,
305189,,,1,
305190,,2,1,
305191,,2,2,
305193,,,1,
305194,,,1,
305195,,,1,
305196,,34,,
305198,,1,,
305199,,2,,
305200,,2,,
305201,,2,,
305202,,1,,
305203,,1,,
305204,,1,,
305205,,6,,
305208,,1,,
305209,,1,,
305210,,1,,
305211,,2,,
305212,,2,,
305213,,1,,
305214,,1,,
305215,,1,,
305216,,2,,
305217,,1,,
305218,,1,,
305219,,2,,
305220,,1,,
305221,,1,,
305223,,1,,
305224,,1,,
305225,,1,,
305226,,1,,
305227,,1,,
305229,,1,,
305230,,1,,
305231,,1,,
305232,,1,,
305233,,1,,
305234,,1,,
305235,,1,,
305236,,1,,
305237,,1,,
305238,,1,,
305239,,1,,
305240,,1,,
305241,,1,,
305242,,1,,
305243,,1,,
305244,,1,,
305245,,1,,
305246,,1,,
305247,,1,,
305248,,1,,
305249,,1,,
305251,,1,,
305252,,1,,
305253,,1,,
305254,,1,,
305255,,1,,
305256,,1,,
305257,,1,,
305258,,1,,
305259,,1,,
305260,,1,,
305261,,1,,
305262,,1,,
305263,,1,,
305264,,1,,
305265,,1,,
305266,,1,,
305267,,1,,
305268,,1,,
305269,,1,,
305270,,1,,
305271,,1,,
305272,,1,,
305273,,1,,
305274,,1,,
305275,,1,,
305276,,1,,
305277,,1,,
305279,,1,,
305280,,1,,
305281,,1,,
305282,,1,,
305283,,1,,
305285,,1,,
305286,,1,,
305287,,1,,
305288,,1,,
305290,,1,,
305291,,1,,
305292,,1,,
305293,,1,,
305294,,1,,
305295,,1,,
305296,,1,,
305297,,2,,
305298,,2,,
305299,,1,,
305300,,2,,
305301,,1,,
305302,,1,,
305303,,1,,
305305,,2,,
305306,,1,,
305308,,1,,
305309,,1,,
305310,,1,,
305311,,1,,
305312,,1,,
305313,,1,,
305314,,1,,
305315,,1,,
305316,,1,,
305317,,1,,
305318,,1,,
305319,,1,,
305320,,3,,
305321,,1,,
305322,,1,,
305323,,1,,
305324,,1,,
305325,,1,,
305326,,1,,
305327,,1,,
305329,,1,,
305330,,1,,
305331,,1,,
305332,,2,,
305333,,1,,
305334,,1,,
305335,,1,,
305336,,1,,
305337,,1,,
305338,,1,,
305339,,1,,
305340,,1,,
305341,,1,,
305342,,1,,
305343,,1,,
305344,,1,,
305345,,2,,
305346,,4,,
305347,,1,,
305353,,1,,
305354,,1,,
305355,,4,,
305356,,1,,
305357,,1,,
305358,,4,,
305359,,5,,
305360,,3,,
305361,,1,,
305363,,1,,
305364,,1,,
305365,,2,,
305366,,1,,
305367,,4,,
305368,,2,,
305369,,2,,
305370,,2,,
305372,,2,,
305373,,2,,
305374,,2,,
305375,,2,,
305376,,2,,
305377,,2,,
305378,,2,,
305379,,2,,
305380,,2,,
305381,,2,,
305382,,1,,
305383,,2,,
305384,,1,,
305385,,12,,
305386,,5,,
305387,,2,,
305388,,1,,
305389,,4,,
305390,,1,,
305391,,2,,
305392,,3,,
305393,,1,,
305394,,1,,
305395,,1,,
305397,,1,,
305398,,1,,
305399,,1,,
305400,,1,,
305401,,1,,
305403,,2,,
305404,,1,,
305405,,5,,
305406,,4,,
305407,,2,,
305408,,1,,
305409,,2,,
305410,,2,,
305412,,5,,
305413,,2,,
305414,,1,,
305415,,1,,
305416,,2,,
305417,,1,,
305418,,2,,
305419,,4,,
305420,,1,,
305421,,1,,
305422,,2,,
305423,,4,,
305424,,2,,
305425,,1,,
305426,,2,,
305427,,2,,
305428,,1,,
305429,,1,,
305431,,2,,
305432,,2,,
305433,,1,,
305434,,1,,
305435,,2,,
305436,,8,,
305437,,3,,
305440,,2,,
305441,,2,,
305445,,2,,
305446,,2,,
305447,,1,,
305448,,1,,
305449,,1,,
305452,,1,,
305453,,2,,
305455,,4,,
305457,,1,,
305458,,2,,
305459,,1,,
305460,,4,,
305461,,1,,
305462,,7,,
305463,,8,,
305464,,2,,
305465,,2,,
305466,,1,,
305467,,2,,
305468,,2,,
305469,,2,,
305470,,1,,
305471,,1,,
305472,,1,,
305473,,1,,
305474,,1,,
305475,,1,,
305477,,2,,
305479,,2,,
305480,,2,,
305481,,2,,
305482,,2,,
305483,,2,,
305485,,2,,
305486,,1,,
305488,,3,,
305489,,2,,
305490,,2,,
305491,,4,,
305493,,4,,
305494,,2,,
305495,,2,,
305497,,4,,
305498,,2,,
305500,,2,,
305501,,4,,
305502,,2,,
305503,,1,,
305505,,2,,
305506,,2,,
305507,,2,,
305508,,2,,
305509,,2,,
305510,,1,,
305511,,2,,
305512,,2,,
305513,,2,,
305514,,2,,
305515,,2,,
305516,,2,,
305518,,1,,
305520,,1,,
305521,,1,,
305522,,1,,
305523,,1,,
305524,,1,,
305525,,1,,
305526,,1,,
305527,,1,,
305530,,1,,
305531,,2,,
305532,,2,,
305533,,2,,
305534,,2,,
305535,,1,,
305536,,1,,
305537,,1,,
305538,,4,,
305539,,2,,
305540,,2,,
305541,,1,,
305542,,5,,
305543,,2,,
305544,,1,,
305545,,1,,
305547,,2,,
305548,,1,,
305549,,1,,
305550,,2,,
305551,,1,,
305552,,4,,
305553,,1,,
305554,,2,,
305555,,1,,
305556,,1,,
305557,,1,,
305558,,2,,
305559,,2,,
305560,,1,,
305561,,1,,
305562,,1,,
305563,,1,,
305565,,2,,
305566,,1,,
305567,,1,,
305568,,2,,
305569,,1,,
305570,,2,,
305571,,2,,
305572,,1,,
305573,,1,,
305574,,1,,
305575,,1,,
305576,,1,,
305577,,1,,
305578,,1,,
305580,,1,,
305581,,1,,
305583,,1,,
305584,,1,,
305585,,1,,
305587,,1,,
305588,,2,,
305589,,2,,
305590,,1,,
305591,,2,,
305592,,1,,
305593,,1,,
305594,,1,,
305595,,1,,
305596,,2,,
305597,,1,,
305598,,1,,
305599,,4,,
305600,,1,,
305601,,1,,
305602,,1,,
305603,,2,,
305604,,1,,
305605,,1,,
305606,,3,,
305607,,1,,
305609,,2,,
305610,,1,,
305611,,1,,
305612,,2,,
305613,,1,,
305614,,2,,
305615,,2,,
305616,,2,,
305617,,1,,
305618,,2,,
305619,,1,,
305620,,2,,
305622,,1,,
305623,,1,,
305625,,1,,
305626,,1,,
305627,,1,,
305628,,1,,
305629,,1,,
305630,,4,,
305631,,2,,
305632,,1,,
305633,,1,,
305634,,2,,
305635,,1,,
305636,,1,,
305637,,1,,
305638,,1,,
305640,,1,,
305641,,4,,
305642,,4,,
305643,,1,,
305644,,4,,
305645,,1,,
305646,,1,,
305647,,4,,
305648,,4,,
305650,,2,,
305651,,2,,
305652,,1,,
305653,,2,,
305654,,2,,
305655,,1,,
305656,,2,,
305657,,1,,
305658,,1,,
305659,,1,,
305660,,1,,
305661,,2,,
305662,,1,,
305663,,1,,
305664,,1,,
305665,,1,,
305666,,2,,
305668,,4,,
305669,,2,,
305670,,1,,
305671,,1,,
305672,,2,,
305674,,1,,
305675,,2,,
305676,,1,,
305677,,1,,
305678,,2,,
305679,,2,,
305680,,1,,
305681,,2,,
305682,,2,,
305683,,2,,
305684,,2,,
305685,,1,,
305686,,1,,
305687,,1,,
305688,,2,,
305689,,2,,
305690,,1,,
305691,,1,,
305693,,2,,
305694,,1,,
305695,,2,,
305696,,1,,
305697,,1,,
305698,,1,,
305699,,1,,
305700,,2,,
305701,,2,,
305702,,2,,
305703,,1,,
305704,,2,,
305706,,2,,
305707,,2,,
305708,,2,,
305709,,1,,
305710,,1,,
305712,,1,,
305713,,1,,
305714,,8,,
305715,,2,,
305716,,2,,
305717,,6,,
305718,,5,,
305719,,1,,
305720,,1,,
305721,,1,,
305724,,4,,
305725,,1,,
305727,,1,,
305728,,4,,
305729,,1,,
305730,,1,,
305731,,3,,
305732,,1,,
305733,,1,,
305734,,60,,
305735,,4,,
305736,,10,,
305737,,10,,
305738,,6,,
305739,,1,,
305740,,2,,
305741,,2,,
305742,,2,,
305743,,2,,
305744,,2,,
305745,,1,,
305746,,2,,
305748,,2,,
305749,,1,,
305750,,1,,
305751,,1,,
305752,,2,,
305753,,1,,
305754,,4,,
305755,,2,,
305756,,2,,
305757,,2,,
305758,,2,,
305759,,4,,
305760,,1,,
305761,,2,3,
305762,,1,,
305763,,1,,
305766,,4,,
305767,,1,,
305768,,1,,
305770,,1,,
305771,,1,,
305772,,2,,
305773,,1,,
305774,,1,,
305775,,1,,
305776,,2,,
305777,,2,,
305778,,6,,
305779,,4,,
305780,,2,,
305781,,2,,
305782,,1,,
305783,,2,,
305784,,2,,
305785,,1,,
305786,,2,,
305788,,2,,
305789,,2,,
305790,,6,,
305791,,6,,
305792,,4,,
305793,,1,,
305794,,1,,
305795,,1,,
305796,,1,,
305797,,3,,
305798,,2,,
305799,,2,,
305800,,2,,
305801,,2,,
305804,,1,,
305805,,3,,
305806,,1,,
305807,,1,,
305808,,2,,
305809,,4,,
305810,,1,,
305811,,1,,
305812,,1,,
305813,,2,,
305814,,2,,
305815,,1,,
305816,,1,,
305817,,1,,
305818,,5,,
305819,,4,,
305820,,4,,
305821,,1,,
305822,,1,,
305823,,1,,
305824,,2,,
305825,,1,,
305826,,1,,
305827,,9,,
305828,,2,,
305829,,1,,
305830,,1,,
305831,,1,,
305832,,2,,
305833,,1,,
305834,,1,,
305835,,2,,
305836,,1,,
305837,,1,,
305838,,1,,
305841,,1,,
305842,,1,,
305843,,1,,
305844,,1,,
305845,,1,,
305846,,1,,
305847,,2,,
305848,,1,,
305849,,2,,
305850,,2,,
305853,,2,,
305855,,6,,
305856,,6,,
305860,,1,,
305862,,1,,
305863,,2,,
305864,,1,,
305865,,2,,
305866,,2,,
305867,,2,,
305868,,2,,
305869,,1,,
305870,,2,,
305872,,1,,
305873,,1,,
305874,,1,,
305875,,1,,
305876,,1,,
305877,,2,,
305878,,1,,
305879,,1,,
305880,,1,,
305881,,1,,
305887,,1,,
305888,,1,,
305889,,1,,
305892,,1,,
305894,,1,,
305895,,1,,
305896,,1,,
305899,,1,,
305900,,1,,
305902,,1,,
305905,,1,,
305907,,1,,
305908,,1,,
305909,,1,,
305911,,1,,
305912,,1,,
305918,,1,,
305921,,1,,
305922,,1,,
305923,,1,,
305926,,2,,
305929,,1,,
305930,,1,,
305932,,1,,
305933,,1,,
305934,,1,,
305937,,1,,
305938,,1,,
305939,,2,,
305940,,1,,
305941,,1,,
305943,,1,,
305944,,1,,
305945,,1,,
305946,,1,,
305947,,1,,
305948,,2,,
305949,,1,,
305952,,1,,
305953,,2,,
305954,,1,,
305955,,1,,
305957,,1,,
305958,,2,,
305959,,1,,
305960,,1,,
305961,,1,,
305962,,16,,
305963,,4,,
305964,,3,,
305965,,1,,
305966,,6,,
305967,,2,,
305968,,4,,
305969,,4,,
305970,,2,,
305971,,2,,
305972,,2,,
305973,,4,,
305974,,4,,
305975,,2,,
305976,,4,,
305977,,1,,
305978,,2,,
305979,,2,,
305980,,1,,
305981,,2,,
305982,,1,,
305983,,1,,
305984,,2,,
305985,,2,,
305987,,2,,
305988,,2,,
305989,,4,,
305990,,2,,
305994,,1,,
305995,,5,,
305997,,2,,
305998,,5,,
305999,,2,,
306001,,1,,
306002,,1,,
306003,,1,,
306004,,1,,
306005,,2,,
306006,,1,,
306007,,1,,
306008,,2,,
306009,,2,,
306012,,2,,
306013,,2,,
306014,,2,,
306015,,2,,
306016,,2,,
306017,,1,,
306018,,1,,
306019,,2,,
306020,,2,,
306021,,4,,
306022,,7,,
306023,,2,,
306024,,4,,
306025,,2,,
306026,,2,,
306027,,2,,
306028,,2,,
306029,,2,,
306030,,2,,
306031,,1,,
306032,,1,,
306033,,2,,
306034,,2,,
306035,,1,,
306036,,1,,
306037,,1,,
306039,,1,,
306040,,4,,
306042,,1,,
306043,,1,,
306044,,1,,
306045,,1,,
306046,,2,,
306047,,1,,
306049,,4,,
306050,,1,,
306051,,4,,
306052,,4,,
306053,,10,,
306054,,2,,
306055,,2,,
306056,,2,,
306057,,4,,
306058,,4,,
306059,,2,,
306060,,1,,
306061,,4,,
306062,,1,,
306063,,1,,
306065,,2,,
306066,,2,,
306067,,2,,
306068,,1,,
306069,,1,,
306070,,4,,
306071,,4,,
306072,,4,,
306073,,4,,
306074,,4,,
306075,,4,,
306076,,4,,
306077,,2,,
306079,,4,,
306080,,2,,
306081,,1,,
306083,,4,,
306084,,1,,
306085,,2,,
306086,,2,,
306087,,1,,
306088,,1,,
306089,,1,,
306090,,2,,
306091,,1,,
306092,,4,,
306093,,5,,
306094,,2,,
306095,,1,,
306096,,2,,
306097,,1,,
306098,,4,,
306099,,1,,
306101,,4,,
306102,,4,,
306103,,4,,
306104,,1,,
306105,,1,,
306107,,1,,
306108,,4,,
306109,,1,,
306110,,1,,
306111,,2,,
306112,,2,,
306113,,2,,
306115,,2,,
306116,,2,,
306117,,1,,
306118,,2,,
306119,,2,,
306120,,2,,
306121,,1,,
306122,,4,,
306123,,1,,
306124,,1,,
306125,,2,,
306126,,2,,
306127,,2,,
306128,,2,,
306129,,1,,
306130,,2,,
306132,,1,,
306133,,1,,
306134,,2,,
306135,,4,,
306136,,1,2,
306137,,1,,
306138,,1,,
306139,,2,,
306140,,2,,
306141,,2,,
306142,,2,,
306143,,2,,
306144,,4,,
306145,,1,,
306146,,1,,
306147,,2,,
306148,,1,,
306149,,4,,
306150,,2,,
306151,,2,,
306152,,1,,
306153,,4,,
306154,,1,,
306155,,2,,
306156,,2,,
306157,,2,,
306158,,2,,
306159,,1,,
306160,,2,,
306161,,1,,
306162,,1,,
306163,,2,,
306164,,2,,
306165,,2,,
306167,,2,,
306168,,2,,
306169,,4,,
306170,,2,,
306171,,2,,
306172,,4,,
306173,,1,,
306174,,1,,
306175,,1,,
306176,,2,,
306177,,2,,
306178,,2,,
306179,,4,,
306180,,2,,
306181,,1,,
306182,,2,,
306183,,2,,
306184,,4,,
306186,,1,,
306187,,2,,
306188,,1,,
306189,,1,,
306190,,2,,
306191,,2,,
306192,,2,,
306193,,2,,
306194,,2,,
306195,,2,,
306196,,2,,
306197,,2,,
306198,,8,,
306199,,10,,
306200,,2,,
306201,,6,,
306202,,1,,
306208,,1,,
306313,,2,,
306314,,,8,
306372,,1,,
306374,,2,,
306375,,1,,
306378,,2,,
306379,,2,,
306380,,2,,
306381,,2,,
306382,,2,,
306383,,2,,
306384,,2,,
306385,,2,,
306386,,2,,
306387,,2,,
306388,,2,,
306397,,2,,
306399,,1,,
306453,,2,,
306465,,4,,
306476,,2,,
306534,,2,,
306537,,2,,
306538,,2,,
306540,,1,,
306599,,2,,
306612,,,1,
306613,,,2,
306615,,18,,
306616,,4,,
306617,,1,,
306692,,2,,
306693,,2,,
306694,,2,,
306697,,2,,
306707,,1,,
306708,,2,,
306709,,4,,
306710,,2,,
306816,,1,,
306823,,2,,
306824,,2,,
306853,,2,,
306854,,1,,
306855,,1,,
306856,,4,,
306857,,1,,
306871,,,6,
306923,,5,,
306924,,1,,
306926,,1,,
306927,,4,,
307033,,4,,
307034,,1,,
307036,,2,,
307038,,1,,
307039,,2,,
307130,,,1,
307131,,,1,
307374,,2,,
307376,,2,,
307377,,2,,
307378,,2,,
307379,,2,,
307380,,2,,
307381,,2,,
307388,,2,,
307389,,2,,
307390,,2,,
307400,,8,,
307403,,,1,
307404,,,1,
307405,,,4,
307407,,,4,
307456,,2,,
307465,,5,,
307467,,1,,
307468,,4,,
307537,,2,,
307560,,1,,NONE
307593,,2,,
307601,,,1,
307674,,2,,
307684,,4,,
307685,,2,,
307687,,2,,
307688,,4,,
307731,,2,,
307732,,2,,
307733,,2,,
307734,,2,,
307735,,2,,
307736,,2,,
307737,,2,,
307738,,2,,
307773,,2,,
307775,,3,,
307776,,2,,
307777,,2,,
307779,,8,,
307780,,2,,
307781,,5,,
307850,,2,,
307896,,2,,
307897,,1,,
307899,,2,,
307976,,,1,
307977,,2,,
307985,,2,,
307986,,2,,
307988,,,1,
307990,,2,,
308052,,2,,
308072,,10,,
308073,,2,,
308074,,2,,
308112,,2,,
308113,,1,,
308115,,2,,
308116,,4,,
308117,,2,,
308118,,4,,
308245,,1,,
308246,,2,,
308248,,2,,
308249,,2,,
308250,,2,,
308251,,2,,
308252,,2,,
308253,,2,,
308254,,2,,
308255,,2,,
308256,,2,,
308257,,2,,
308258,,,1,
308266,,2,,
308385,,2,,
308386,,2,,
308389,,3,,
308401,,16,,
308404,,7,,
308406,,2,,
308407,,2,,
308408,,4,,
308496,,2,,
308497,,2,,
308498,,2,,
308499,,,1,
308510,,2,,
308512,,6,,
308513,,,8,
308514,,,12,
308518,,2,,
308604,,2,,
308605,,2,,
308606,,2,,
308607,,4,,
308611,,,2,
308665,,2,,
308666,,2,,
308667,,2,,
308668,,2,,
308709,,2,,
308710,,2,,
308711,,2,,
308712,,2,,
308713,,2,,
308714,,2,,
308715,,2,,
308716,,2,,
308717,,2,,
308718,,2,,
308719,,2,,
308720,,2,,
308721,,2,,
308722,,2,,
308723,,2,,
308724,,2,,
308725,,2,,
308726,,2,,
308727,,2,,
308728,,2,,
308729,,2,,
308730,,2,,
308733,,2,,
308734,,2,,
308739,,10,,
308741,,2,,
308742,,2,,
308744,,6,,
308745,,1,,
308824,,2,,
308828,,,2,
308836,,4,,
308837,,2,,
308839,,,1,
308840,,,1,
308841,,4,,
308842,,,1,
308843,,,2,
308845,,2,,
310503,,2,,
310504,,2,,
310505,,2,,
310506,,2,,
310511,,2,,
310512,,2,,
310513,,1,,
310514,,4,,
310531,,4,,
310543,,,4,
310645,,2,,
310646,,2,,
310647,,2,,
310648,,2,,
310649,,2,,
310650,,2,,
310651,,2,,
310652,,,1,
310657,,2,,
310658,,4,,
310660,,,4,
310661,,4,,
310766,,2,,
310773,,1,,
310774,,4,,
310864,,,1,
310865,,14,,
310866,,4,,
310868,,2,,
310972,,2,,
310974,,2,,
310975,,2,,
310976,,2,,
310996,,4,,
310998,,4,,
311000,,2,,
311002,,2,,
311003,,2,,
311004,,4,,
311006,,4,,
311008,,2,,
311009,,,12,
311010,,1,,
311011,,4,,
311012,,4,,
311115,,2,,
311116,,2,,
311124,,3,,
311126,,1,,
311192,,2,,
311193,,2,,
311194,,2,,
311195,,2,,
311197,,2,,
311198,,2,,
311199,,2,,
311200,,2,,
311201,,2,,
311202,,2,,
311203,,2,,
311213,,1,,
311214,,,1,
311216,,,1,
311217,,1,,
311255,,,8,
311256,,,12,
311332,,2,,
311334,,2,,
311337,,2,,
311338,,2,,
311339,,2,,
311364,,2,,
311370,,3,,
311499,,2,,
311516,,2,,
311517,,2,,
311518,,4,,
311524,,,4,
311528,,1,,
311529,,1,,
311530,,1,,
311616,,2,,
311617,,2,,
311629,,2,,
311630,,4,,
311631,,4,,
311632,,1,,
311655,,9,,
311656,,6,,
311805,,2,,
311807,,2,,
311808,,,2,
311809,,2,,
311810,,2,,
311828,,1,,
311830,,,2,
311831,,3,,
311833,,2,,
311838,,4,,
311840,,4,,
311842,,1,,
311843,,4,,
311844,,4,,
311938,,,1,
311939,,,2,
311940,,2,,
311942,,,1,
311943,,4,,
311944,,,12,
312128,,2,,
312129,,2,,
312130,,2,,
312131,,2,,
312132,,2,,
312133,,2,,
312134,,2,,
312138,,1,,
312140,,2,,
312141,,4,,
312142,,,1,
312144,,6,,
312145,,2,,
312146,,4,,
312210,,2,,
312211,,2,,
312212,,,1,
312225,,2,,
312226,,2,,
312228,,4,,
312286,,2,,
312287,,2,,
312293,,,1,
312354,,2,,
312375,,2,,
312376,,2,,
312380,,1,,
312381,,4,,
312383,,4,,
312509,,2,,
312524,,,40,
312525,,,8,
312591,,2,,
312620,,2,,
312621,,,4,
312741,,2,,
312742,,2,,
312743,,2,,
312754,,2,,
312755,,,8,
312757,,4,,
312760,,2,,
312761,,2,,
312762,,2,,
312763,,4,,
312764,,4,,
312765,,4,,
312766,,4,,
312783,,2,,
312785,,8,,
312786,,3,,
312976,,2,,
312977,,2,,
312987,,4,,
312994,,2,,
313062,,2,,
313063,,2,,
313064,,2,,
313075,,1,,
313102,,3,,
313104,,1,1,
313506,,2,,
313510,,6,,
313515,,2,,
313517,,2,,
313523,,2,,
313550,,4,,
313551,,1,,
313552,,4,,
313553,,2,,
313554,,2,,
313555,,3,,
313556,,4,,
313557,,4,,
313559,,25,,
313561,,2,,
313562,,10,,
313564,,2,,
313565,,6,,
313566,,20,,
313568,,2,,
313569,,,2,
313571,,2,,
313572,,1,,
313573,,1,,
313574,,4,,
313575,,4,,
313577,,2,,
313580,,1,,
313583,,4,,
313585,,1,,
313586,,10,,
313587,,4,,
313588,,4,,
313589,,10,,
313591,,4,,
313593,,4,,
313594,,7,,
313596,,6,,
313597,,4,,
313598,,1,,
313599,,8,,
313600,,,2,
313608,,4,,
313706,,,1,
313707,,,1,
313708,,,1,
313716,,2,,
313718,,2,,
313719,,,2,
313720,,4,,
313731,,1,,
313732,,1,,
313802,,2,,
313803,,2,,
313804,,2,,
313805,,2,,
313808,,2,,
313816,,4,,
313817,,4,,
314078,,2,,
314079,,2,,
314080,,,1,
314081,,,1,
314092,,4,,
314093,,8,,
314095,,4,,
314189,,2,,
314190,,2,,
314251,,2,,
314254,,4,,
314255,,4,,
314256,,4,,
314257,,4,,
314552,,,1,
314553,,2,,
314556,,1,,
314557,,2,,
314558,,,1,
314732,,4,,
314740,,1,,
314741,,2,,
314742,,1,,
314746,,2,,
314747,,2,,
314748,,2,,
314750,,1,,
314751,,1,,
314766,,2,,
315085,,4,,
315086,,5,,
315088,,8,2,
315175,,66,1,
315196,,8,,
315278,,2,1,
315283,,3,,
315299,,4,,
315309,,1,1,
315521,,,2,
315708,,2,,
315709,,2,,
315710,,2,,
315711,,2,,
315712,,2,,
315734,,9,,
315736,,1,,
315809,,2,,
315819,,,1,
315820,,4,,
315821,,2,,
315822,,4,,
315824,,1,,
315829,,2,,
315853,,6,,
315855,,,4,
315883,,1,,
315884,,,2,
315885,,2,,
315886,,8,,
315887,,,1,
315888,,4,,
315889,,2,,
315890,,4,,
315892,,4,,
315893,,1,,
315894,,4,,
315895,,4,,
315896,,10,,
315897,,8,,
315898,,2,,
315899,,4,,
315900,,,1,
315901,,6,,
315902,,2,,
315903,,8,,
315904,,2,,
315905,,2,,
315906,,,2,
315907,,12,,
315908,,3,,
315909,,2,,
315911,,2,,
315912,,2,,
315913,,8,,
315914,,2,,
315915,,4,,
315916,,,5,
315917,,11,,
315918,,2,,
315919,,,1,
315920,,,1,
315921,,4,,
315922,,6,,
315923,,,1,
315924,,,1,
315925,,,1,
315926,,4,,
315927,,2,,
315928,,9,,
315929,,4,1,
315931,,2,,
315932,,16,,
315933,,2,,
315934,,2,,
315935,,4,,
315936,,3,,
315937,,,1,
315938,,1,,
315940,,2,,
315941,,4,,
315942,,,1,
315943,,2,,
315944,,1,,
315945,,,4,
315946,,2,,
315947,,3,,
315948,,2,,
315949,,1,,
315950,,2,,
315951,,2,,
315952,,1,,
315953,,,1,
315954,,5,,
315955,,1,,
315956,,1,,
315957,,2,,
315958,,5,,
315959,,2,,
315960,,2,,
315961,,2,,
315962,,2,,
315963,,8,,
315964,,,1,
315965,,,1,
315967,,1,,
315968,,4,,
315969,,2,,
315970,,1,,
315971,,9,,
315972,,6,,
315973,,2,,
315974,,2,,
315975,,3,,
315976,,2,,
315978,,11,,
315979,,,2,
315980,,5,,
315981,,4,,
315982,,1,,
315983,,1,,
315984,,2,,
315985,,1,,
315986,,1,,
315988,,3,,
315989,,4,,
315990,,4,,
315992,,2,,
315993,,4,,
315994,,,2,
315995,,8,,
315996,,6,,
315998,,8,,
315999,,4,,
316000,,2,,
316001,,,2,
316002,,1,,
316003,,12,,
316004,,1,,
316005,,1,,
316006,,2,,
316007,,2,,
316008,,,2,
316009,,2,,
316010,,4,,
316011,,2,,
316012,,4,,
316015,,2,,
316016,,,1,
316017,,,1,
316018,,,1,
316019,,2,,
316021,,4,,
316022,,2,,
316023,,5,,
316024,,2,,
316025,,5,,
316026,,4,,
316027,,2,,
316028,,2,,
316029,,4,,
316030,,4,,
316031,,5,,
316032,,4,,
316033,,4,,
316035,,2,,
316036,,6,,
316037,,2,,
316038,,2,,
316039,,2,,
316040,,2,,
316042,,2,,
316043,,,1,
316132,,2,,
316133,,2,,
316134,,,1,
316135,,2,,
316136,,2,,
316137,,1,,
316138,,2,,
316139,,2,,
316140,,,1,
316141,,,1,
316154,,2,,
316155,,2,,
316156,,4,,
316157,,2,,
316158,,1,,
316159,,2,,
316255,,2,,
316256,,2,,
316257,,2,,
316290,,1,1,
316291,,1,,
316298,,2,,
316308,,2,1,
316346,,1,,
316347,,1,,
316348,,1,,
316349,,1,,
316350,,1,,
316351,,1,,
316352,,,1,
316353,,6,,
316360,,,2,
316361,,2,,
316362,,2,,
316363,,4,,
316364,,4,,
316455,,2,,
316456,,4,,
316466,,2,,
316467,,12,,
316468,,2,,
316469,,2,,
316471,,1,1,HYDRO
316538,,2,,
316539,,4,,
316540,,2,,
316541,,10,,
316542,,4,,
316543,,4,,
316544,,4,,
316545,,4,,
316546,,4,,
316547,,2,,
316548,,1,,
316636,,1,,
316637,,4,,
316638,,4,,
316730,,2,,
316731,,2,,
316738,,2,,
316745,,2,,
316746,,8,,
316747,,4,,
316758,,,1,
316759,,,1,
316761,,1,,
316845,,,1,
316848,,,1,
316854,,2,,
316915,,2,,
316916,,1,1,
316917,,1,,
316918,,2,,
316958,,1,,
316959,,2,,
316974,,2,,
316976,,1,,
316977,,1,,
316978,,2,,
316979,,2,,
316980,,1,,
316981,,2,,
316982,,2,,
316983,,4,,
316984,,2,,
316985,,4,,
316986,,2,,
316987,,4,,
316988,,2,,
316989,,2,,
317065,,1,,
317067,,2,,
317076,,2,,
317077,,2,,
317079,,2,,
317080,,2,,
317081,,2,,
317082,,2,,
317083,,2,,
317084,,2,,
317085,,2,,
317088,,,2,
317092,,2,,
317094,,4,,
317095,,4,,
318043,,2,,
318044,,2,,
318045,,2,,
318046,,2,,
318048,,,6,
318049,,,6,
318055,,3,,
318057,,,1,
318058,,,1,
318059,,6,,
318061,,4,,
318205,,,16,
318206,,,8,
319556,,2,,
319557,,2,,
319558,,1,,
319634,,2,,
319635,,2,,
319641,,1,,
319642,,,2,
319643,,2,,
319645,,4,,
319666,,,1,
319668,,6,,
319822,,2,,
319823,,2,,
319824,,2,,
319840,,3,,
319841,,2,,
319914,,2,,
319915,,2,,
319916,,2,,
319939,,2,,
319941,,4,,
319942,,4,,
319950,,6,,
320033,,,1,
320040,,4,,
320185,,1,,
320186,,,2,
320187,,2,,
320188,,4,,
320190,,1,1,
320192,,1,,
320193,,2,,
320194,,1,,
320195,,4,,
320196,,2,,
320198,,1,,
320199,,1,,
320200,,3,,
320201,,2,,
320202,,2,,
320203,,,1,
320204,,,8,
320264,,2,,
320265,,2,,
320266,,2,,
320267,,2,,
320268,,2,,
320269,,2,,
320270,,2,,
320271,,2,,
320283,,4,,
320284,,1,,
320285,,8,,
320286,,2,,
320288,,,2,
320293,,,1,
320294,,,1,
320382,,6,,
320383,,,6,
320384,,1,,
320461,,2,,
320462,,2,,
320463,,2,,
320477,,2,,
320478,,1,,
320479,,,1,
320480,,1,,
320481,,4,,
320482,,2,,
320485,,2,,
320486,,4,,
320546,,2,,
320549,,1,,
320550,,5,,
320551,,3,,
320552,,6,,
320553,,2,,
320554,,4,,
320555,,2,,
320557,,3,,
320558,,2,,
320559,,4,,
320561,,4,,
320580,,1,,
320581,,1,,
320582,,1,,
320583,,1,,
320588,,2,,
320589,,,1,
320590,,2,,
320591,,6,,
320592,,,1,
320667,,3,,
320668,,1,,
320669,,,1,
320671,,2,,
320672,,2,,
320674,,4,,
320678,,,2,
320679,,2,,
320683,,,1,
320758,,,1,
320762,,2,,
320764,,2,,
320765,,2,,
320766,,2,,
320767,,2,,
320768,,2,,
320770,,2,,
320771,,2,,
320773,,3,,
320774,,2,,
320777,,2,,
320778,,,1,
320859,,2,,
320863,,2,,
320871,,1,,
320872,,3,,
320873,,1,,
320874,,2,,
320875,,1,,
320876,,2,,
320877,,2,,
320878,,2,,
320879,,1,,
320880,,1,,
320882,,2,,
320883,,1,,
320884,,4,,
320885,,2,,
320886,,4,,
320887,,4,,
320888,,4,,
320889,,4,,
320891,,2,,
320892,,1,,
320893,,1,,
321052,,1,,
321053,,2,,
321054,,,1,
321055,,,1,
321056,,,1,
321057,,,1,
321058,,2,,
321069,,2,,
321070,,1,,
321071,,,2,
321073,,3,,
321074,,2,,
321075,,2,,
321076,,4,,
321077,,2,,
321179,,,16,
321180,,,32,
321233,,2,,
321235,,2,,
321236,,2,,
321242,,2,,
321243,,2,,
321247,,,8,
321248,,,1,
321249,,1,,
321250,,4,,
321251,,,2,
321252,,,1,
321253,,,1,
321314,,,1,
321315,,,1,
321316,,,2,
321317,,2,,
321318,,2,,
321319,,4,,
321320,,2,,
321321,,4,,
321322,,2,,
321327,,,1,
321391,,2,,
321392,,2,,
321393,,2,,
321394,,2,,
321395,,2,,
321396,,2,,
321397,,2,,
321403,,4,,
321501,,2,,
321503,,,1,
321526,,4,,
321527,,,1,
321528,,1,,
321529,,1,,
321530,,2,,
321531,,2,,
321532,,2,,
321534,,2,,
321535,,2,,
321822,,,1,
321823,,,2,
321951,,,2,
321954,,19,,
321976,,,1,
321981,,,4,
322046,,,1,
322123,,,2,
322236,,1,,
322237,,1,,
322238,,1,,
322239,,1,,
322240,,1,,
322241,,1,,
322242,,1,,
322243,,2,,
322244,,2,,
322245,,2,,
322246,,2,,
322247,,2,,
322248,,2,,
322249,,2,,
322250,,2,,
322251,,2,,
322252,,2,,
322254,,2,,
322255,,2,,
322256,,2,,
322309,,,6,
322349,,2,,
322359,,8,,
322360,,2,,
322361,,2,,
322363,,4,,
322364,,1,,
322435,,2,,
322437,,2,,
322440,,2,,
322441,,2,,
322462,,2,,
322463,,2,4,
322476,,6,,
322541,,7,,
322542,,1,,
322543,,6,,
322544,,2,,
322545,,4,,
322546,,2,,
322547,,2,,
322600,,2,,
322602,,2,,
322603,,2,,
322619,,2,,
322620,,1,,
322621,,4,,
322622,,2,,
322624,,2,,
322720,,2,,
322721,,,1,
322722,,2,,
322723,,2,,
322724,,2,,
322725,,2,,
322726,,,1,
322727,,,1,
322728,,,1,
322729,,,1,
322730,,,1,
322731,,,1,
322747,,,1,
322749,,4,,
322804,,2,,
322811,,2,,
322812,,2,,
322814,,,1,
322815,,,1,
322821,,,1,
322822,,4,,
322823,,,1,
322824,,2,,
322825,,2,,
322826,,2,,
322830,,,2,
322831,,2,,
322851,,,8,
322895,,,1,
322897,,3,,
322898,,2,,
322901,,4,,
322902,,4,,
322912,,2,,
322913,,2,,
322985,,2,,
322989,,2,,
323001,,3,,
323002,,8,,
323004,,4,,
323005,,2,,
323006,,2,,
323007,,2,,
323008,,2,,
323083,,2,,
323084,,2,,
323085,,2,,
323086,,2,,
323087,,2,,
323095,,,1,
323102,,2,,
323103,,20,,
323104,,6,,
323105,,4,,
323107,,4,,
323108,,4,,
323153,,2,,
323154,,2,,
323155,,2,,
323156,,2,,
323157,,2,,
323158,,2,,
323160,,2,,
323165,,,1,
323171,,2,,
323172,,1,,
323173,,2,,
323175,,2,,
323176,,,1,
323177,,2,,
323279,,,16,
323280,,,6,
323364,,2,,
323365,,,1,
323366,,2,,
323367,,2,,
323368,,2,,
323372,,2,,
323374,,2,,
323375,,2,,
323376,,2,,
323377,,2,,
323378,,,1,
323379,,2,,
323391,,2,,
323392,,2,,
323393,,2,,
323394,,,1,
323395,,,2,
323397,,1,,
323398,,4,,
323448,,2,,
323449,,2,,
323450,,2,,
323451,,2,,
323452,,2,,
323453,,2,,
323454,,2,,
323455,,2,,
323456,,2,,
323457,,2,,
323458,,2,,
323459,,2,,
323460,,2,,
323461,,2,,
323462,,2,,
323469,,6,,
323471,,4,,
323472,,4,,
323473,,2,,
323487,,2,,
323513,,2,,
323519,,2,,
323520,,20,,
323521,,20,,
323552,,,1,
323553,,2,,
323554,,4,,
323555,,2,,
323556,,1,,
323596,,2,,
323597,,2,,
323599,,1,1,
323622,,2,,
323623,,8,,
323624,,10,,
323625,,2,,
323627,,4,,
323628,,4,,
323629,,4,,
323660,,2,,
323661,,2,,
323685,,2,,
323711,,,8,
323766,,2,,
323873,,,1,
323874,,2,,
323992,,,2,
323993,,2,,
324308,,2,,
324309,,2,,
324310,,2,,
324312,,2,,
324313,,2,,
324314,,2,,
324315,,2,,
324327,,1,,
324338,,,1,
324340,,2,,
324413,,2,,
324414,,2,,
324415,,2,,
324416,,2,,
324417,,2,,
324418,,2,,
324419,,2,,
324420,,2,,
324425,,2,,
324426,,2,,
324430,,1,2,
325008,,2,,
325009,,2,,
325010,,2,,
325011,,2,,
325012,,2,,
325013,,,1,
325014,,,1,
325015,,,1,
325026,,4,1,
325028,,2,,
325085,,2,,
325101,,4,,
325102,,3,,
325103,,2,,
325340,,2,,
325341,,2,,
325342,,2,,
325343,,2,,
325344,,2,,
325345,,,1,
325351,,1,,
325357,,1,,
325358,,1,,
325359,,2,,
325360,,2,,
325406,,2,,
325410,,2,,
325411,,2,,
325412,,2,,
325420,,2,,
325421,,2,,
325435,,4,,
325437,,2,,
325453,,2,,
325457,,2,,
325459,,2,,
325499,,2,,
325514,,4,,
325515,,4,,
325517,,4,,
325518,,8,,
325519,,2,,
325520,,2,,
325596,,2,,
325597,,2,,
325603,,1,,
325604,,3,,
325607,,2,,
325766,,4,,
325767,,6,,
325768,,8,,
325769,,4,,
325771,,4,,
325773,,2,,
325782,,2,,
325783,,1,,
325784,,4,,
325785,,4,,
325786,,2,,
325789,,2,,
325790,,2,,
325791,,4,,
325794,,2,,
325796,,2,,
325798,,4,,
325801,,4,,
325805,,2,,
325808,,,2,
325811,,4,,
325813,,3,,
325814,,4,,
325819,,,2,
325820,,4,,
325824,,4,,
325829,,2,,
325831,,4,,
325832,,1,,
325833,,2,,
325834,,2,,
325839,,8,,
325840,,6,,
325841,,4,,
325844,,4,,
325847,,2,,
325849,,1,,
325852,,10,,
325853,,6,,
325856,,2,,
325858,,6,,
325860,,10,,
325861,,6,,
325862,,2,,
325863,,4,,
325864,,4,,
325865,,2,,
325866,,4,,
325869,,2,,
325870,,2,,
325871,,6,,
325874,,1,,
325875,,2,,
325876,,2,,
325878,,1,,
325880,,4,,
325881,,2,,
325882,,2,,
325884,,2,,
325885,,2,,
326079,,2,,
326081,,2,,
326088,,4,,
326279,,3,,
326280,,,6,
326281,,2,,
326282,,2,,
326314,,2,,
326326,,2,,
326327,,2,,
326328,,8,,
326491,,,1,
326494,,26,,
326499,,2,,
326500,,2,,
326501,,2,,
326502,,10,,
326503,,5,,
326504,,2,,
326581,,2,,
326584,,2,,
326585,,2,,
326586,,2,,
326587,,2,,
326607,,4,,
326609,,2,,
326743,,2,,
326744,,2,,
326745,,2,,
326746,,2,,
326748,,2,,
326749,,,1,
326750,,,1,
326758,,,1,
326759,,,1,
326760,,2,,
326761,,3,,
326762,,,1,
326763,,2,,
326832,,2,,
326875,,2,,
326876,,2,,
326877,,,1,
326880,,1,,
326881,,4,,
326882,,4,,
326883,,4,,
326884,,4,,
326885,,4,,
326887,,4,,
326888,,4,,
326890,,2,,
326893,,4,,
326894,,,2,
326895,,2,,
326896,,2,,
326897,,4,,
326898,,4,,
326899,,2,,
326900,,2,,
326901,,1,,
326902,,4,,
326903,,,4,
326910,,,1,
326911,,,1,
326915,,4,,
326916,,4,,
326920,,,1,
326921,,3,,
326922,,2,,
326923,,2,,
327014,,2,,
327015,,2,,
327030,,4,,
327125,,4,,
327131,,2,,
327235,,,1,
327236,,,1,
327255,,2,,
327256,,2,,
327257,,2,,
327260,,6,,
327387,,2,,
327388,,2,,
327389,,,1,
327390,,,1,
327392,,2,,
327393,,,1,
327397,,5,,
327398,,1,,
327401,,,2,
327402,,2,,
327403,,,2,
327499,,2,,
327500,,2,,
327507,,5,,
327508,,2,,
327509,,2,,
327519,,4,,
327575,,2,,
327576,,2,,
327577,,2,,
327578,,2,,
327579,,2,,
327581,,2,,
327582,,2,,
327585,,1,,
327590,,1,,
327591,,4,,
327592,,2,,
327663,,1,,
327664,,1,,
327665,,1,,
327666,,1,,
327667,,1,,
327668,,1,,
327669,,1,,
327670,,1,,
327671,,1,,
327672,,1,,
327673,,2,,
327674,,2,,
327675,,2,,
327676,,2,,
327677,,1,,
327678,,1,,
327679,,1,,
327680,,1,,
327681,,1,,
327682,,1,,
327683,,1,,
327684,,1,,
327685,,1,,
327686,,,1,
327738,,,1,
327739,,,1,
327752,,2,,
327912,,2,,
327922,,,2,
327923,,4,,
327924,,4,,
328009,,2,,
328010,,2,,
328011,,2,,
328012,,2,,
328013,,2,,
328014,,2,,
328015,,2,,
328016,,2,,
328017,,2,,
328018,,2,,
328019,,2,,
328020,,2,,
328024,,4,,
328026,,2,,
328027,,,1,
328165,,1,,
328166,,2,,
328167,,2,,
328168,,2,,
328169,,2,,
328182,,5,,
328183,,6,,
328184,,2,,
328185,,4,,
328186,,2,,
328187,,8,,
328197,,2,,
328246,,2,,
328252,,2,,
328316,,2,,
328317,,1,,
328332,,8,,
328333,,4,,
328340,,3,,
328342,,1,,
328498,,2,,
328499,,2,,
328507,,2,,
328616,,2,,
328617,,2,,
328631,,,4,
328632,,,8,
328633,,,4,
328680,,2,,
328684,,2,,
328685,,2,,
328690,,2,,
328692,,4,,
328694,,4,,
328699,,4,,
328700,,1,,
328701,,2,,
328702,,4,,
328703,,8,,
328704,,4,,
328705,,4,,
328706,,4,,
328707,,1,,
328708,,4,,
328709,,,5,
328711,,2,,
328713,,2,,
328714,,4,,
328715,,4,,
328716,,4,,
328717,,16,,
328771,,2,,
328773,,2,,
328774,,2,,
328775,,2,,
328878,,1,,
328879,,,2,
328880,,,3,
328881,,1,,
328956,,,1,
328957,,2,,
328959,,2,,
328960,,2,,
328961,,2,,
328978,,2,,
328987,,2,,
328988,,2,,
328990,,4,,
328991,,4,,
329043,,1,,
329044,,,1,
329068,,,1,
329098,,,1,
329151,,,1,
329160,,,7,
329174,,2,,
329175,,4,,
329176,,2,,
329260,,2,,
329275,,2,,
329276,,2,,
329277,,2,,
329282,,,1,
329361,,,1,
329369,,2,,
329370,,1,,
329372,,4,,
329373,,1,,
329463,,2,,
329464,,2,,
329465,,2,,
329470,,1,,
329471,,1,,
329472,,1,,
329473,,1,,
329482,,20,,
329484,,2,,
329485,,2,,
329486,,,8,
329487,,,8,
329562,,2,,
329564,,2,,
329565,,2,,
329566,,2,,
329567,,2,,
329568,,2,,
329569,,2,,
329571,,1,,
329572,,1,,
329591,,6,,
329592,,1,,
329593,,2,,
329594,,2,,
329595,,4,,
329596,,6,,
329658,,2,,
329661,,2,,
329662,,2,,
329664,,2,,
329666,,2,,
329677,,2,,
329678,,4,,
329679,,4,,
329680,,8,,
329681,,4,,
329682,,2,,
329683,,4,,
329684,,4,,
329771,,,8,
329772,,,12,
329822,,2,,
329823,,2,,
329824,,2,,
329828,,2,,
329829,,2,,
329858,,,2,
329928,,2,,
329929,,2,,
329930,,2,,
329931,,2,,
329932,,2,,
329933,,2,,
329941,,4,,
330015,,2,,
330016,,2,,
330017,,2,,
330018,,2,,
330025,,2,,
330026,,,1,
330027,,,3,
330028,,3,,
330080,,2,,
330081,,2,,
330082,,1,,
330083,,1,,
330084,,1,,
330085,,2,,
330086,,2,,
330087,,1,,
330089,,,1,
330096,,,1,
330097,,,1,
330098,,,1,
330099,,,2,
330101,,2,,
330111,,,8,
330158,,2,,
330163,,2,,
330165,,2,,
330166,,,1,
330167,,,1,
330169,,,1,
330172,,3,,
330198,,,8,
330199,,,4,
330200,,,8,
330204,,6,,
330208,,6,,
330209,,,3,
330211,,4,,
330212,,4,,
330213,,4,,
330214,,2,,
330215,,4,,
330216,,4,,
330353,,2,,
330354,,2,,
330366,,2,,
330367,,2,,
330368,,1,,
330369,,4,,
330370,,2,,
330506,,2,,
330507,,2,,
330508,,2,,
330529,,2,,
330530,,,1,
330531,,5,,
330532,,4,,
330533,,,1,
330534,,2,,
330646,,,1,
330676,,4,,
330739,,2,,
330740,,2,,
330741,,2,,
330742,,2,,
330755,,,1,
330756,,,1,
330757,,8,,
330758,,1,,
330759,,1,,
330760,,1,,
330761,,2,,
330780,,2,,
330781,,2,,
330786,,1,,
330787,,2,,
330788,,2,,
330789,,2,,
330790,,2,,
330791,,1,,
330792,,2,,
330793,,2,,
330794,,4,,
330863,,,1,
330864,,2,,
330874,,1,,
330875,,2,,
330914,,,1,
330916,,2,,
330917,,2,,
330918,,2,,
330919,,2,,
330920,,2,,
330921,,2,,
330922,,2,,
330923,,2,,
330924,,2,,
330925,,2,,
330926,,2,,
330927,,2,,
330928,,2,,
330929,,2,,
330930,,2,,
330931,,2,,
330932,,2,,
330933,,2,,
330934,,2,,
330935,,2,,
330936,,2,,
330937,,2,,
330951,,,1,
330952,,2,,
330953,,2,,
330954,,1,,
330955,,2,,
330956,,2,,
330957,,2,,
330959,,2,,
330989,,,12,
331043,,2,,
331044,,6,,
331083,,2,,
331084,,2,,
331085,,2,,
331087,,4,,
331092,,5,,
331127,,2,,
331128,,,1,
331129,,,1,
331132,,14,,
331133,,9,,
331134,,4,,
331135,,4,,
331136,,4,,
331137,,2,,
331138,,2,2,
331139,,4,,
331140,,6,,
331141,,4,,
331182,,,1,
331183,,2,,
331184,,2,,
331185,,2,,
331186,,2,,
331187,,2,,
331188,,2,,
331189,,2,,
331190,,2,,
331199,,2,,
331200,,,2,
331201,,2,,
331250,,2,,
331251,,2,,
331252,,2,,
331253,,2,,
331264,,,1,
331265,,,1,
331266,,2,,
331267,,2,,
331268,,1,,
331269,,2,,
331270,,,1,
331272,,2,,
331298,,,2,
331299,,,1,
331300,,,1,
331304,,2,,
331305,,2,,
331306,,2,,
331307,,2,,
331308,,2,,
331309,,1,,
331310,,2,,
331311,,2,,
331313,,2,,
331317,,2,,
331319,,2,,
331325,,2,,
331343,,1,,
331344,,2,,
331367,,4,,
331368,,,4,
331369,,4,,
331370,,4,,
331371,,2,,
331372,,2,,
331373,,,6,
331469,,2,,
331483,,2,,
331484,,4,,
331485,,2,,
331486,,,1,
331487,,6,,
331488,,2,,
331489,,1,,
331490,,1,,
331491,,3,,
331492,,2,,
331525,,2,,
331526,,2,,
331579,,1,,
331580,,,1,
331591,,1,,
331592,,2,,
331593,,2,,
331594,,4,,
331595,,,2,
331599,,1,,
331665,,,1,
331666,,2,,
331671,,4,,
331672,,4,,
331787,,1,,
331788,,2,,
331789,,2,,
331790,,,1,
331794,,4,,
331795,,4,,
331796,,,1,
331797,,20,,
331798,,13,,
331799,,16,,
331800,,2,,
331801,,,8,
331835,,,20,
331875,,2,,
331876,,1,,
331880,,1,1,
331882,,1,,
331883,,,2,
331885,,2,,
331886,,,2,
331887,,5,,
331889,,6,,
332072,,2,,
332073,,2,,
332074,,,2,
332075,,2,,
332076,,2,,
332131,,2,,
332133,,,1,
332134,,2,,
332137,,2,,
332138,,2,,
332139,,2,,
332140,,2,,
332141,,2,,
332146,,2,,
332147,,2,,
332148,,2,,
332149,,1,,
332162,,4,,
332165,,,4,
332166,,,4,
332298,,4,,
332299,,3,,
332334,,2,,
332335,,1,,
332336,,4,,
332357,,3,,
332493,,3,,
332494,,4,,
332496,,2,,
332497,,2,,
332498,,1,,
332499,,2,,
332577,,2,,
332591,,1,,
332592,,,4,
332593,,4,,
332669,,2,,
332670,,,1,
332671,,4,,
332672,,4,,
332673,,4,,
332674,,2,,
332675,,4,,
332714,,2,,
332715,,1,,
332716,,1,,
332717,,1,,
332718,,1,,
332723,,,1,
333367,,2,,
333370,,1,,
333371,,2,,
333439,,2,,
333441,,3,,
333446,,2,,
333447,,,3,
333448,,,3,
333451,,2,,
333516,,,2,
333517,,,2,
333518,,,2,
333519,,,2,
333520,,,1,
333521,,,1,
333522,,,1,
333528,,2,,
333529,,2,,
333530,,,2,
333581,,3,,
333582,,12,,
333583,,4,,
333584,,2,,
333585,,2,,
333587,,2,,
333588,,6,,
333589,,7,,
333590,,2,,
333591,,2,,
333592,,1,,
333595,,1,,
333596,,6,,
333638,,2,,
333639,,2,,
333640,,,1,
333648,,2,,
333650,,4,,
333651,,4,,
333695,,2,,
333696,,,1,
333699,,2,,
333700,,2,,
334210,,6,,
334285,,1,,
334286,,2,,
334287,,2,,
334288,,2,,
334290,,2,,
334300,,2,,
334301,,3,,
334380,,2,,
334394,,,4,
334397,,4,,
334398,,4,,
334399,,4,,
334400,,4,,
334578,,2,,
334595,,4,,
334596,,1,,
334597,,5,,
334611,,4,,
334613,,4,,
334614,,4,,
335519,,2,,
335520,,2,,
335528,,2,,
335532,,4,,
335566,,,1,
335702,,2,,
335703,,2,,
335704,,2,,
335710,,,1,
335711,,,3,
335715,,4,,
335758,,2,,
335759,,,1,
335760,,1,,
335761,,1,,
335763,,2,,
335766,,1,,
341916,,2,,
341917,,2,,
341918,,2,,
341919,,2,,
341922,,,1,
341927,,4,,
341928,,3,,
345178,,2,,
345179,,6,,
345183,,4,,
345184,,1,,
345187,,2,,
345188,,3,,
345189,,5,,
345191,,2,,
345192,,4,,
345193,,2,,
345195,,2,,
345196,,3,,
345201,,5,,
345202,,2,,
345203,,2,,
345205,,2,,
345206,,2,,
345209,,4,,
345211,,4,,
345212,,6,,
345218,,2,,
345226,,4,,
345227,,4,,
345228,,2,,
345231,,5,,
345233,,3,,
345236,,,6,
345237,,2,,
345241,,2,,
345242,,1,,
345245,,10,,
345247,,10,,
345249,,,2,
345250,,2,,
345253,,1,,
345256,,2,,
345257,,7,,
345258,,,8,
345262,,8,,
345263,,2,,
345264,,2,,
345270,,1,,
345271,,2,,
345724,,2,,
345728,,2,,
345734,,6,,
345738,,3,,
345741,,1,,
345745,,4,,
345746,,8,,
345759,,2,,
345760,,18,,
345761,,2,,
345763,,2,,
345767,,4,,
345772,,6,,
345775,,4,,
345778,,4,,
345779,,2,,
345783,,4,,
345784,,10,,
345786,,6,,
345787,,4,,
345789,,4,,
345794,,2,,
345799,,4,,
345802,,4,,
345805,,2,,
345807,,28,,
345814,,4,,
345815,,2,,
345817,,1,,
345820,,3,,
345822,,2,,
345824,,,6,
345829,,2,,
345830,,2,,
345834,,2,,
345840,,2,,
345846,,8,,
345848,,4,,
345851,,8,,
345853,,12,,
345857,,2,,
345859,,4,,
345866,,3,,
345870,,4,,
345872,,50,,
345873,,6,,
345875,,6,,
345876,,4,,
345878,,2,,
345880,,2,,
345885,,2,,
345887,,2,,
345888,,2,,
345889,,3,,
345892,,8,,
345897,,2,,
345905,,2,,
345906,,1,,
345910,,2,,
345911,,4,,
345912,,3,,
345913,,2,,
345917,,4,,
345920,,6,,
345922,,3,,
345923,,2,,
345925,,6,,
345926,,4,,
345928,,,6,
345936,,4,,
345938,,4,,
345939,,2,,
345944,,2,,
345946,,2,,
345947,,8,,
345949,,2,,
345954,,2,,
345957,,4,,
345961,,2,,
345963,,2,,
345964,,6,,
345973,,4,,
345974,,4,,
345976,,3,,
345979,,1,,
345986,,2,,
345989,,2,,
345990,,1,,
345991,,4,,
346032,,2,,
346033,,1,,
346034,,,2,
346036,,,1,
346048,,1,,
346049,,2,,
346050,,4,,
346095,,2,,
346096,,2,,
346097,,2,,
346098,,2,,
346188,,2,,
346189,,2,,
346190,,2,,
346191,,2,,
346192,,2,,
346193,,2,,
346245,,2,,
346246,,2,,
346247,,2,,
346248,,2,,
346249,,2,,
346250,,2,,
346251,,2,,
346258,,1,1,
346266,,4,,
346268,,1,,SOLAR
346274,,2,,
346314,,18,,
346377,,2,,
346378,,2,,
346379,,1,,
346380,,4,,
346438,,2,,
346440,,4,,
346529,,4,,
346533,,2,,
346534,,4,,
346535,,2,,
346654,,2,,
346655,,2,,
346661,,1,,
346667,,2,,
346729,,1,,
346732,,1,,
346733,,,4,
346749,,,4,
346750,,,4,
346751,,,8,
346752,,,8,
346793,,1,,
346794,,2,,
346795,,2,,
346796,,2,,
346797,,2,,
346799,,2,,
346800,,2,,
346807,,4,,
346808,,2,,
346809,,2,,
346810,,,8,
346811,,4,,
346832,,2,,
346833,,1,,
346834,,1,,
346836,,,4,
346884,,2,,
346887,,2,,
346888,,2,,
346902,,2,,
346903,,2,,
346907,,6,,
346908,,2,,
346910,,4,,
346911,,4,,
346912,,4,,
346913,,4,,
346971,,1,,
346972,,,1,
346973,,,1,
346974,,2,,
346979,,2,,
346980,,2,,
346981,,2,,
346982,,4,,
346983,,4,,
347194,,2,,
347195,,2,,
347233,,6,,HYDRO
347290,,5,,
347291,,,1,
347292,,4,,
347294,,4,,
347295,,4,,
347296,,,4,
347305,,2,,HYDRO
347334,,2,,
347338,,2,,
347339,,1,,
347340,,2,,
347342,,4,,
347343,,2,,
347346,,4,,
347347,,4,,
347427,,2,,
347428,,,1,
347429,,4,,
347433,,1,,
347434,,4,,
347435,,2,,
347514,,2,,
347515,,1,,
347572,,2,,
347573,,2,,
347574,,2,,
347575,,2,,
347584,,1,,
347585,,2,,
347591,,4,,
347593,,4,,
347594,,4,,
347597,,2,,
347600,,4,,
347601,,,8,
347632,,2,,
347659,,,8,
347868,,2,,
347870,,,1,
347871,,2,,
347873,,2,,
347874,,2,,
347876,,2,,
347877,,2,,
347878,,2,,
347879,,,1,
347880,,2,,
347881,,2,,
347905,,2,2,
347922,,1,,
347924,,4,,
347925,,4,,
347926,,1,,
347927,,,1,
347928,,2,,
347929,,1,,
347930,,2,,
347932,,1,,
347933,,2,,
347934,,4,,
347935,,9,,
347936,,,1,
347937,,2,,
347950,,,2,
347952,,6,,
347953,,,6,
347954,,,4,
347955,,,2,
347956,,,4,
347957,,,4,
347998,,2,,
348017,,,4,
348018,,1,,
348019,,4,,
348020,,2,,
348022,,4,,
348023,,4,,
348063,,1,,
348072,,4,,
348073,,,1,
348078,,4,,
348079,,2,,
348081,,3,,
348128,,2,,
348129,,2,,
348130,,1,,
348131,,2,,
348132,,2,,
348133,,2,,
348134,,2,,
348150,,,1,
348191,,2,,
348199,,2,,
348200,,8,,
348201,,2,,
348943,,2,,
348944,,2,,
348981,,,2,
348983,,,6,
348986,,4,,
348987,,,4,
349058,,1,,
349059,,2,,
349060,,2,,
349061,,1,,
349065,,,4,
349072,,2,,
349156,,3,,
349194,,2,,
349195,,,1,
349196,,2,,
349206,,2,,
349207,,4,,
349217,,4,,
349401,,,2,
349404,,,12,
349439,,,4,
349502,,2,,
349560,,,12,
349588,,4,,
349591,,4,,
349595,,7,,
349634,,2,,
349635,,4,,
349638,,1,,
349642,,6,,
349752,,,1,
349753,,,1,
349760,,,1,
349761,,2,,
349762,,4,,
349763,,4,,
349841,,1,,
349905,,2,,
349906,,2,,
349993,,,1,
349998,,1,,
349999,,,1,
350000,,,1,
350022,,4,,
350023,,2,,
350024,,2,,
350025,,,1,
350043,,,1,
350044,,2,,
350048,,1,,
350049,,,1,
350050,,4,,
350051,,5,,
350097,,1,,
350098,,1,,
350187,,3,,
350188,,2,,
350189,,10,,
350190,,6,,
350191,,12,,
350282,,,1,
350358,,,1,
350382,,,2,
350383,,,6,
350384,,,4,
350385,,4,,
350386,,2,,
350387,,2,,
350388,,5,,
350389,,4,,
350390,,4,,
350391,,2,,
350439,,2,,
350539,,2,,
350546,,4,,
350547,,1,,
350548,,2,,
350557,,2,,
350590,,2,,
350591,,2,,
350592,,2,,
350593,,2,,
350599,,,3,
350600,,4,,
350661,,1,,
350662,,2,,
350665,,,1,
350666,,2,,
350670,,,3,
350714,,2,,
350730,,,4,
350734,,1,,
350771,,2,,
350787,,,1,
350797,,2,,
350800,,2,,
350801,,,4,
350803,,2,,
350911,,8,,
350912,,2,,
350914,,,1,
350926,,,4,
350927,,2,,
351347,,1,,
351348,,2,,
351349,,,1,
351353,,1,,
351354,,2,,
351355,,4,,
351358,,4,,
351360,,4,,
351361,,4,,
351362,,4,,
351405,,2,,
351406,,2,,
351407,,2,,
351408,,2,,
351417,,,1,
351419,,4,,
351425,,4,,
351426,,2,,
351503,,2,,
351504,,2,,
351505,,2,,
351506,,,1,
351507,,,1,
351508,,2,,
351509,,2,,
351510,,2,,
351511,,2,,
351512,,2,,
351513,,,2,
351523,,4,,
351528,,2,,
351529,,2,,
351530,,2,,
351579,,2,,
351583,,4,,
351585,,2,,
351586,,1,,
351592,,4,,
351593,,4,,
351594,,4,,
351595,,4,,
351597,,2,,
351654,,,2,
351655,,,2,
351656,,,2,
351660,,2,,
351662,,,2,
351669,,4,,
351753,,2,,
351773,,1,,
351774,,4,,
351775,,1,,
351776,,6,,
351780,,2,,
351789,,4,,
351881,,,1,
351882,,,1,
351883,,,1,
351884,,2,,
351885,,,1,
351893,,2,,
351895,,,1,
351896,,2,,
351901,,1,,
351929,,2,,
351938,,4,,
351939,,1,,
351940,,2,,
352037,,4,,
352038,,,1,
352039,,2,,
352077,,4,,
352106,,2,,
352121,,1,,
352174,,1,,
352215,,2,,
352216,,2,,
352217,,2,,
352218,,2,,
352219,,2,,
352220,,2,,
352233,,,1,
352234,,2,,
352235,,2,,
352298,,,1,
352325,,,4,
352326,,2,,
352327,,4,,
352330,,4,,
352412,,2,,
352413,,2,,
352418,,2,,
352419,,2,,
352420,,2,,
352421,,2,,
352423,,2,,
352424,,2,,
352436,,5,,
352467,,2,,
352468,,2,,
352469,,2,,
352470,,2,,
352471,,,1,
352472,,,1,
352473,,,1,
352477,,2,,
352483,,4,,
352523,,2,,
352604,,2,,
352605,,2,,
352625,,,8,
352627,,,12,
352676,,2,,
352677,,2,,
352678,,2,,
352679,,2,,
352680,,2,,
352681,,2,,
352682,,2,,
352699,,,2,
352700,,4,,
352705,,,5,
352706,,,8,
352707,,,3,
352708,,,2,
352709,,2,,
352710,,2,,
352712,,1,,
352940,,4,,
353025,,2,,
353027,,2,,
353028,,2,,
353029,,2,,
353030,,2,,
353031,,2,,
353038,,2,,
353039,,1,,
353040,,2,,
353041,,,1,
353042,,,1,
353043,,,1,
353044,,1,,
353048,,4,,
353092,,1,,
353093,,2,,
353097,,2,,
353098,,2,,
353099,,2,,
353100,,1,1,
353101,,1,1,
353102,,1,1,
353103,,1,1,
353104,,1,1,
353105,,1,1,
353106,,1,1,
353107,,1,1,
353108,,1,1,
353109,,1,1,
353110,,1,1,
353111,,1,1,
353112,,1,1,
353113,,1,1,
353114,,1,1,
353115,,1,1,
353116,,1,1,
353117,,1,1,
353118,,2,,
353119,,1,1,
353120,,1,1,
353121,,2,,
353128,,2,,
353129,,4,,
353130,,4,,
353132,,3,,
353171,,2,,
353424,,2,,
353425,,1,,
353426,,2,,
353427,,2,,
353428,,3,,
353429,,3,,
353434,,2,,
353475,,,1,
353496,,2,,
353497,,2,,
353548,,2,,
353739,,2,,
353854,,,20,
353855,,,8,
353856,,,4,
353857,,,4,
353913,,2,,
353914,,,1,
353917,,2,,
353919,,2,,
353999,,2,,
354000,,2,,
354001,,2,,
354002,,2,,
354003,,2,,
354004,,4,,
354005,,2,,
354006,,2,,
354011,,,2,
354012,,4,,
354292,,2,,
354395,,,1,
354405,,2,,
354406,,2,,
354407,,2,,
354439,,,2,
354655,,1,,
354656,,3,,
354657,,2,,
354658,,,1,
354740,,1,,
354795,,2,,
354803,,1,,
354842,,2,,
355031,,,1,
355032,,4,,
355033,,2,,
355034,,2,,
355035,,4,,
355063,,,16,
355090,,1,,
355091,,2,,
355105,,6,,
355106,,2,,
355107,,4,,
355108,,2,,
355109,,2,,
355110,,2,,
355111,,1,,
355112,,4,,
355113,,12,,
355114,,2,,
355115,,8,,
355116,,5,,
355117,,4,,
355118,,3,,
355120,,2,,
355121,,4,,
355123,,2,,
355126,,6,,
355127,,7,,
355128,,6,,
355129,,2,,
355130,,,1,
355133,,2,,
355175,,2,,
355180,,4,2,
355181,,2,,
355182,,2,,
355184,,4,,
355185,,,5,
355186,,4,,
355234,,2,,
355237,,2,,
355238,,4,,
355245,,2,,
355246,,8,,
355249,,2,,
355283,,2,,
355284,,2,,
355285,,2,,
355286,,2,,
355287,,2,,
355288,,2,,
355289,,2,,
355465,,4,,
355466,,2,,
355535,,2,,
355536,,2,,
355539,,2,,
355557,,,12,
355594,,2,,
355595,,2,,
355664,,6,,
355666,,4,,
355667,,,1,
355691,,1,,
355729,,2,,
355730,,6,,
355731,,2,,
355732,,2,,
355733,,,1,
355734,,1,,
355740,,4,,
355741,,1,,
355802,,2,,
355803,,,2,
355804,,1,,
355866,,2,,
355871,,1,,
355877,,1,,
355980,,1,1,
355981,,2,,
355982,,2,,
355988,,4,,
356038,,2,,
356049,,2,,
356050,,2,,
356053,,4,,
356054,,4,,
356056,,2,,
356071,,,5,
356072,,,4,
356126,,,4,
356182,,,2,
356183,,2,1,
356184,,2,1,
356185,,2,1,
356186,,,5,
356187,,,12,
356188,,,4,
356189,,1,1,
356190,,,5,
356191,,,3,
356192,,,4,
356193,,,8,
356194,,,3,
356195,,,4,
356196,,2,1,
356197,,,4,
356198,,,4,
356199,,,4,
356200,,,4,
356201,,,4,
356202,,,2,
356203,,,2,
356204,,,2,
356205,,,2,
356206,,,1,
356280,,2,,
356281,,2,,
356282,,2,,
356283,,2,,
356284,,2,,
356288,,2,,
356289,,2,,
356290,,,1,
356291,,,2,
356299,,4,,
356378,,3,,
356379,,2,,
357162,,2,,
357163,,2,,
357164,,2,,
357177,,6,,
357178,,,1,
357179,,,2,
357180,,,1,
357240,,2,,
357241,,,1,
357243,,,1,
357244,,2,,
357245,,4,,
357246,,4,,
357247,,4,,
357253,,,6,
357256,,2,,
357257,,,1,
357258,,1,,
357259,,2,,
357260,,3,,
357288,,2,1,
357290,,,1,
357291,,,2,
357299,,2,,HYDRO
357382,,2,,
357383,,2,,
357384,,2,,
357385,,2,,
357386,,2,,
357387,,2,,
357388,,2,,
357389,,2,,
357390,,2,,
357391,,2,,
357400,,4,,
357401,,7,,
357402,,3,,
357434,,4,,
357435,,2,,
357438,,1,1,
357439,,1,1,
357440,,2,,
357441,,,2,
357450,,1,,
357518,,2,,
357519,,2,,
357520,,2,,
357521,,2,,
357522,,2,,
357523,,2,,
357539,,,1,
357540,,,1,
357541,,2,,
357542,,2,,
357544,,2,,
357545,,4,,
357546,,1,,
357547,,,4,
357548,,4,,
357550,,,1,
357583,,2,,
357584,,2,,
357585,,2,,
357595,,2,,
357596,,,1,
357597,,3,,
357616,,4,,
357618,,,8,
357670,,2,,
357671,,2,,
357672,,2,,
357673,,2,,
357674,,2,,
357675,,2,,
357676,,2,,
357678,,2,,
357679,,14,,
357680,,2,,
357682,,4,,
357683,,4,,
357684,,2,,
357717,,2,,
357721,,4,,
357722,,1,,
357728,,,4,
357729,,4,,
357730,,2,,
357731,,4,,
357732,,16,,
357734,,4,,
357785,,2,,
357814,,1,,
357819,,2,,
357888,,,4,
357902,,,4,
357903,,,2,
357906,,,2,
357907,,,4,
357908,,,2,
357909,,,4,
357910,,,4,
357912,,,4,
357944,,2,,
357953,,3,,
357959,,4,,
357960,,2,,
358496,,4,,
358503,,2,,
358504,,1,,
358509,,4,,
358527,,1,,
358553,,4,,
358562,,4,,
358574,,2,,
358581,,6,,
358685,,5,,
358695,,4,,
358758,,1,,
358762,,4,,
358836,,4,,
358847,,3,,
358911,,4,,
358919,,10,,
358937,,2,,
358948,,1,,
358984,,22,,
359019,,7,,
359069,,1,,
359127,,2,,
359180,,1,,
359235,,6,,
359274,,1,,
359281,,6,,
359338,,2,,
359356,,4,,
359461,,2,,
359530,,2,,
359541,,1,,
359546,,8,,
359560,,4,,
359566,,3,,
359574,,1,,
359575,,2,,
359586,,6,,
359615,,4,,
359658,,3,,
359669,,2,,
359761,,3,,
359818,,10,,
359898,,2,,
359954,,2,,
359966,,1,,
359967,,10,,
359968,,,1,
359969,,16,,
359974,,2,,
359979,,,4,
359981,,,1,
359988,,,2,
359997,,8,,
359999,,2,,
360002,,4,,
360004,,39,,
360010,,18,,
360013,,8,,
360015,,2,,
360020,,2,,
360023,,6,,
360028,,30,,
360029,,5,,
360030,,,5,
360031,,6,,
360045,,5,,
360046,,2,,
360048,,2,,
360051,,2,,
360052,,2,,
360053,,2,,
360055,,2,,
360061,,22,,
360062,,8,,
360063,,2,,
360064,,4,,
360066,,54,,
360072,,12,,
360073,,10,,
360081,,2,,
360082,,2,,
360083,,4,,
360086,,2,,
360092,,,6,
360094,,,4,
360095,,4,,
360096,,,4,
360103,,1,,
360110,,4,,
360112,,6,,
360115,,8,,
360116,,1,,
360117,,1,,
360122,,2,,
360123,,4,,
360124,,8,,
360125,,2,,
360131,,4,,
360132,,4,,
360133,,4,,
360134,,1,,
360138,,2,,
360150,,2,,
360151,,1,,
360158,,1,,
360167,,2,,
360170,,1,,
360182,,2,1,
360183,,7,,
360189,,6,,
360190,,8,,
360194,,2,,
360199,,3,,
360205,,2,,
360206,,2,,
360210,,2,,
360228,,1,,
360265,,2,,
360266,,2,,
360267,,2,,
360268,,2,,
360276,,2,,
360301,,,8,
360302,,,20,
360303,,1,,
360334,,2,,
360335,,1,,
360336,,1,,
360338,,2,,
360339,,2,,
360340,,2,,
360341,,2,,
360342,,2,,
360358,,3,,
360485,,,1,
360496,,,2,
360586,,2,,
360587,,2,,
360588,,2,,
360594,,2,,
360613,,4,,
360614,,,2,
360615,,2,,
360616,,4,,
360617,,4,,
360619,,4,,
360674,,2,,
360686,,,2,
360687,,2,,
360688,,2,,
360691,,36,,
360692,,4,,
360722,,,1,
360723,,2,,
360728,,3,,
360729,,3,,
360730,,4,,
360731,,2,,
360732,,,2,
360733,,2,,
360763,,,16,
360764,,,12,
360852,,2,,
360853,,2,,
360854,,2,,
360855,,2,,
360860,,,1,
360861,,3,,
360862,,2,,
360863,,,2,
360866,,2,,
360867,,2,,
360868,,2,,
360869,,9,1,
360871,,2,,
360872,,2,,
360873,,2,,
360874,,2,,
360875,,10,8,
360923,,2,,
360929,,2,,
361038,,2,,
361047,,4,,
361048,,4,,
361049,,2,,
361051,,4,,
361052,,2,,
361054,,4,,
361055,,4,,
361097,,2,,
361098,,,1,
361108,,1,,
361109,,2,,
361190,,2,,
361191,,2,,
361210,,,4,
361211,,2,,
361212,,1,,
361221,,1,,
361224,,2,,
361258,,,8,
361266,,1,,
361312,,2,,
361314,,2,,
361319,,1,,
361730,,2,,
361731,,2,,
361732,,2,,
361733,,2,,
361734,,2,,
361741,,3,,
361742,,,1,
361753,,6,2,
361754,,4,,
361756,,5,,
361757,,2,2,
361818,,6,,
361819,,2,,
361837,,2,,
367639,,2,,
367640,,2,,
367648,,,1,
367649,,2,,
367657,,4,,
367721,,2,,
367725,,,1,
367809,,2,,
367825,,2,,
367826,,2,,
367827,,,1,
367829,,10,,
367849,,,1,
367851,,4,,
367877,,2,,
367878,,2,,
367879,,2,,
367895,,8,,
367896,,2,,
367937,,2,,
367938,,2,,
368265,,,6,
371366,,4,,
371367,,2,,
371369,,2,,
371370,,6,,
371371,,2,,
371453,,2,,
371454,,2,,
371455,,,2,
371457,,,2,
371469,,,1,
371470,,2,,
371471,,2,,
371472,,2,,
371473,,2,,
371474,,2,,
371482,,2,,
371487,,2,,
371488,,4,,
371489,,2,,
371493,,2,,
371555,,2,,
371556,,2,,
371557,,2,,
371558,,2,,
371570,,1,,
371675,,2,,
371689,,4,,
371694,,,2,
371763,,2,,
371764,,2,,
371765,,2,,
371766,,2,,
371767,,2,,
371768,,2,,
371779,,8,,
371811,,2,,
371812,,2,,
371813,,2,,
371814,,2,,
371825,,,4,
371827,,2,,
371847,,,16,
371881,,,1,
371888,,1,,
371889,,4,,
371890,,1,,
371891,,1,,
371895,,,2,
371897,,4,,
371938,,2,,
371962,,4,,
372027,,2,,
372035,,2,,
372036,,4,,
372037,,2,,
372042,,2,,
372044,,2,,
372100,,,1,
372101,,2,,
372102,,,1,
372111,,1,,
372123,,1,,
372124,,,2,
372125,,,2,
372128,,4,,
372129,,6,,
372130,,,1,
372131,,,1,
372132,,2,,
372133,,2,,
372134,,2,,
372135,,2,,
372138,,4,,
372217,,2,,
372219,,2,,
372220,,2,,
372221,,2,,
372222,,6,,
372223,,,1,
372224,,2,,
372225,,5,,
372226,,6,,
372230,,4,18,
372231,,4,,
372232,,4,,
372233,,4,,
372235,,6,,
372238,,4,,
372239,,2,,
372240,,8,,
372241,,,1,
372243,,2,,
372258,,2,,
372273,,2,,
372274,,,1,
372275,,2,,
372276,,2,,
372296,,3,,
372298,,6,,
372312,,6,,
372315,,4,,
372316,,4,,
372453,,2,,
372454,,,1,
372455,,,2,
372457,,1,,
372458,,,2,
372460,,2,,
372461,,2,,
372473,,2,,
372474,,4,,
372475,,2,,
372480,,2,,
372481,,4,,
372482,,4,,
372484,,6,,
372485,,4,,
372572,,2,,
372580,,,2,
372581,,1,,
372582,,2,,
372583,,2,,
372589,,2,,
372590,,4,,
372591,,4,,
372593,,4,,
372594,,4,,
372595,,4,,
372652,,4,,
372653,,4,,
372654,,,2,
372655,,,2,
372656,,2,,
372657,,4,,
372703,,2,,
372704,,2,,
372705,,2,,
372706,,2,,
372707,,2,,
372708,,2,,
372709,,2,,
372710,,2,,
372711,,2,,
372712,,2,,
372723,,4,,
372724,,4,,
372725,,,4,
372730,,2,,
372731,,1,,
372762,,,1,
372763,,,1,
372764,,2,,
372765,,2,,
372766,,2,,
372767,,2,,
372768,,2,,
372769,,2,,
372791,,2,,
372797,,,4,
372798,,,4,
372799,,4,,
372800,,4,,
372801,,2,,
372838,,2,,
372839,,2,,
372848,,4,,
372849,,1,,
372850,,,2,
372851,,2,,
372855,,,2,
372911,,2,,
372912,,,2,
372913,,2,,
372931,,17,,
372932,,19,,
372933,,4,,
372934,,,1,
372935,,1,,
372942,,,10,
372943,,4,,
372944,,4,,
372954,,,8,
373008,,2,,
373011,,19,,
373012,,6,,
373013,,4,,
373014,,2,,
373015,,2,,
373019,,,4,
373150,,2,,
373944,,2,,
373945,,2,,
373946,,2,,
373947,,2,,
373948,,2,,
373949,,2,,
373950,,2,,
373951,,,1,
373952,,,1,
373953,,,2,
373955,,2,,
373956,,2,,
373957,,2,,
373958,,2,,
373962,,1,,
373963,,2,,
373964,,1,,
373965,,,2,
373966,,4,,
373967,,,4,
373968,,2,2,
373969,,4,,
373970,,4,,
374030,,2,,
374031,,2,,
374032,,2,,
374043,,,1,
374044,,14,,
374045,,16,,
374046,,2,,
374047,,2,,
374052,,2,,
374053,,4,,
374054,,4,,
374055,,4,,
374057,,4,,
374185,,18,,
374186,,,2,
374187,,1,,
374193,,,4,
374250,,,2,
374251,,,2,
374252,,2,,
374253,,2,,
374254,,2,,
374255,,1,,
374256,,2,,
374257,,2,,
374291,,14,,
374292,,14,,
374293,,10,,
374294,,,2,
374296,,,4,
374297,,,8,
374298,,4,,
374300,,4,,
374354,,,6,
374355,,,8,
374470,,1,1,
374473,,2,,
374474,,2,,
374475,,2,,
374476,,,1,
374477,,,3,
374478,,4,,
374479,,4,,
374512,,4,,
374513,,2,,
374555,,2,,
374556,,2,,
374558,,2,,
374559,,2,,
374560,,2,,
374565,,4,,
374610,,2,,
374611,,2,,
374651,,2,,
374729,,,1,
374730,,2,,
374777,,2,,
374923,,2,,
374924,,,2,
374929,,2,,
374931,,1,,
374932,,2,,
374941,,2,,
374942,,2,,
374994,,,20,
374995,,,20,
375144,,2,,
375145,,2,,
375146,,2,,
375147,,2,,
375157,,,4,
375158,,4,,
375159,,4,,
375242,,1,,
375244,,2,,
375311,,2,,
375312,,2,,
375313,,2,,
375314,,1,,
375315,,1,,
375316,,1,,
375317,,1,,
375318,,1,,
375319,,1,,
375320,,1,,
375321,,1,,
375322,,1,,
375323,,1,,
375324,,1,,
375325,,1,,
375326,,2,,
375327,,2,,
375332,,6,,
375334,,4,,
375335,,2,,
375336,,4,,
375339,,4,,
375340,,2,,
375388,,2,,
375389,,2,,
375390,,2,,
375392,,2,,
375416,,6,,
375421,,,8,
375467,,1,,
375474,,,2,
375475,,,2,
375541,,1,,
375542,,2,,
375549,,5,,
375552,,,4,
375631,,4,,
375632,,4,,
375633,,4,,
375634,,4,,
375635,,,2,
375636,,,2,
375638,,2,,
375737,,2,,
375738,,2,,
375739,,2,,
375740,,2,,
375744,,4,,
375745,,,2,
375746,,,2,
375795,,2,,
375796,,2,,
375797,,2,,
375798,,2,,
375799,,2,,
375800,,2,,
375801,,2,,
375808,,4,,
375809,,1,,
375810,,2,,
375811,,,2,
375812,,2,,
375851,,,16,
375852,,4,,
375892,,2,,
375893,,1,,
375894,,2,,
375895,,2,,
375896,,1,,
375898,,2,,
375899,,2,,
375910,,1,,
375912,,4,,
375913,,2,,
375914,,,1,
375917,,12,8,
375918,,2,,
375919,,4,,
375920,,,1,
375947,,,2,
375949,,2,,
375950,,2,,
375951,,4,,
375952,,4,,
375953,,4,,
375954,,4,,
375955,,4,,
376034,,2,,
376035,,2,,
376036,,2,,
376037,,2,,
376038,,2,,
376039,,2,,
376040,,2,,
376041,,2,,
376042,,2,,
376043,,2,,
376044,,2,,
376045,,2,,
376069,,4,,
376070,,4,,
376073,,2,,
376074,,1,,
376129,,2,,
376130,,2,,
376131,,2,,
376132,,2,,
376146,,4,,
376204,,2,,
376205,,2,,
376206,,1,,
376207,,1,,
376210,,2,,
376254,,,4,
376300,,2,,
376301,,2,,
376302,,2,,
376303,,2,,
376304,,2,,
376313,,,2,
376315,,,4,
376321,,2,,
376322,,,2,
376323,,4,,
376324,,,2,
376326,,6,,
376375,,,1,
376376,,2,,
376377,,2,,
376385,,4,,
376475,,2,,
376481,,3,,
376498,,10,,
376500,,8,,
376551,,2,,
376582,,3,,
376598,,4,,
376656,,,2,
376657,,,2,
376658,,,2,
376659,,2,,
376660,,2,,
376664,,4,,
376668,,,12,
376669,,4,,
376670,,4,,
376671,,4,,
377465,,2,,
377466,,,1,
377469,,4,,
377470,,4,,
377478,,4,,
377479,,1,,
377505,,1,,
377507,,,1,
377508,,2,,
377522,,4,,
377523,,,5,
377524,,4,,
377562,,2,,
377563,,2,,
377564,,2,,
377565,,2,,
377577,,4,4,
377578,,2,,
377579,,4,,
377580,,2,,
377581,,4,,
377587,,2,,
377617,,2,,
377620,,,16,
377622,,3,,
377623,,,2,
377624,,,6,
377820,,,4,
377821,,,2,
377822,,,10,
377823,,,2,
377824,,,2,
377825,,,15,
377826,,,6,
377827,,,2,
377828,,,2,
377829,,,1,
377830,,,7,
377831,,,2,
377832,,,1,
377833,,,1,
377834,,,7,
377835,,,3,
377836,,,2,
377837,,,4,
377838,,,2,
377839,,2,2,
377840,,,2,
377841,,,5,
377842,,,4,
377843,,3,2,
377844,,1,2,
377845,,1,2,
377846,,2,4,
377847,,1,2,
377848,,1,2,
377849,,1,2,
377850,,1,2,
377851,,2,4,
377852,,1,2,
377853,,1,,
377854,,1,2,
377855,,1,2,
377856,,,3,
377857,,,2,
377858,,,2,
377859,,,2,
377860,,2,2,
377861,,1,2,
377862,,1,2,
377863,,,1,
377864,,,2,
377865,,2,4,
377866,,1,2,
377867,,1,2,
377868,,2,4,
377869,,,2,
377870,,1,2,
377871,,2,1,
377872,,,2,
377873,,1,2,
377874,,1,2,
377875,,1,2,
377876,,1,2,
377877,,1,2,
377878,,1,2,
377879,,,2,
377880,,1,2,
377881,,,2,
377882,,1,2,
377883,,1,2,
377884,,,2,
377885,,1,2,
377886,,1,2,
377887,,1,,
377888,,1,2,
377889,,1,2,
377890,,1,,
377891,,1,,
377892,,,2,
377893,,,4,
377894,,1,2,
377895,,1,2,
377896,,1,2,
377897,,,4,
377898,,1,,
377899,,1,2,
377900,,1,,
377901,,1,,
377902,,1,2,
377903,,,2,
377904,,2,4,
377905,,1,2,
377906,,1,,
377907,,,2,
377908,,1,2,
377909,,1,2,
377910,,1,4,
377911,,2,,
377912,,,2,
377913,,,2,
377914,,,2,
377915,,,2,
377916,,,2,
377917,,,2,
377918,,,2,
377919,,,1,
377920,,,2,
377921,,,2,
377922,,2,2,
377923,,1,,
377924,,1,2,
377925,,,1,
377926,,,1,
377927,,,4,
377976,,1,,
377977,,4,,
377978,,,1,
377979,,2,,
378037,,1,,
378038,,2,,
378086,,,2,
378087,,2,,
378088,,2,,
378089,,2,,
378090,,,2,
378095,,4,,
378096,,4,,
378098,,5,,
378099,,1,,
378100,,1,,
378101,,4,,
383735,,1,,
383736,,4,,
383737,,2,,
383738,,5,,
383739,,4,,
383743,,,16,
383857,,2,,
383858,,2,,
383859,,2,,
383860,,2,,
383861,,2,,
383862,,2,,
383863,,2,,
383864,,,2,
383877,,6,,
383878,,5,,
383879,,2,,
383889,,4,,
383907,,5,,
383909,,1,,
383910,,,2,
384083,,2,,
384088,,2,,
384089,,2,,
384090,,2,,
384091,,2,,
384092,,2,,
384093,,2,,
384097,,1,,
384103,,2,,
384105,,2,,
384106,,4,,
384107,,4,,
384108,,4,,
384109,,4,,
384397,,2,,
384400,,,1,
384401,,4,,
384402,,,1,
384403,,4,,
384404,,2,,
384405,,4,,
384408,,,2,
384409,,4,,
384410,,4,,
384411,,2,,
384442,,1,,
384444,,4,,
384452,,8,,
384454,,4,,
384455,,6,,
384456,,4,,
384457,,4,,
384503,,,2,
384505,,2,,
384506,,1,,
384507,,1,,
384508,,4,,
384509,,4,,
384510,,4,,
384511,,4,,
384512,,2,,
384547,,2,,
384548,,2,,
384549,,2,,
384550,,2,,
384551,,2,,
384552,,2,,
384553,,,1,
384554,,,1,
384555,,,1,
384556,,,1,
384557,,,1,
384562,,1,,
384563,,1,,
384564,,1,,
384565,,4,,
384566,,1,,
384567,,2,,
384570,,2,,
384571,,,1,
384656,,2,,
384657,,2,,
384658,,2,,
384659,,2,,
384660,,2,,
384661,,2,,
384668,,6,,
384670,,1,,
384822,,2,,
384827,,,2,
384829,,,2,
384831,,2,,
384832,,2,,
384833,,2,,
384834,,2,,
384844,,,1,
384845,,,1,
384846,,4,,
384851,,4,,
384852,,2,,
384930,,4,,
384931,,2,,
384932,,8,,
384933,,8,,
384934,,9,,
384935,,4,,
384936,,9,,
384937,,8,,
384938,,8,,
384939,,4,,
384940,,1,,
384950,,2,,
384951,,2,,
384952,,4,,
384953,,4,,
386446,,4,,
386448,,2,,
386449,,4,,
386451,,2,,
386452,,2,,
386454,,2,,
386458,,6,,
386459,,2,,
386462,,2,,
386463,,2,1,
386464,,2,1,
386465,,4,,
386466,,1,,
386467,,2,,
386468,,4,,
386477,,5,,
386478,,4,,
386479,,2,,
386480,,1,,
386481,,1,,
386482,,4,,
386483,,4,,
386484,,1,,
386485,,1,,
386486,,2,,
386487,,1,,
386490,,2,,
386492,,1,,
386500,,4,,
386503,,4,,
386511,,4,,
386513,,1,,
386514,,4,,
386515,,4,,
386516,,2,,
386517,,4,,
386521,,4,,
386522,,2,,
386523,,2,,
386524,,4,,
386525,,4,,
386527,,1,,
386528,,4,,
386533,,3,,
386534,,2,,
386535,,2,,
386536,,10,,
386542,,2,,
386543,,4,,
386544,,2,,
386548,,1,,
386550,,2,,
386552,,4,,
386553,,20,,
386554,,2,,
386555,,2,,
386556,,4,,
386557,,8,,
386559,,4,,
386560,,2,,
386562,,4,,
386564,,4,,
386565,,4,,
386566,,4,,
386567,,4,,
386568,,4,,
386569,,4,,
386570,,4,,
386571,,4,,
386573,,2,,
386578,,2,,
386581,,4,4,
386583,,4,,
386584,,2,,
386585,,2,,
386587,,4,,
386588,,1,,
386589,,1,,
386590,,1,,
386591,,1,,
386593,,30,,
386594,,3,,
386595,,2,,
386596,,2,,
386597,,6,2,
386599,,10,,
386600,,10,,
386601,,4,,
386602,,2,,
386603,,4,,
386604,,2,,
386605,,2,,
386606,,4,,
386608,,2,,
386609,,5,,
386610,,8,,
386611,,6,,
386612,,6,,
386614,,2,,
386615,,1,,
386616,,2,,
386617,,3,,
386619,,2,,
386620,,4,,
386622,,2,,
386623,,2,,
386625,,3,,
386626,,2,,
386631,,3,,
386632,,2,,
386633,,2,,
386634,,2,,
386635,,2,,
386637,,4,,
386638,,2,,
386639,,2,,
386641,,2,,
386647,,2,,
386648,,2,,
386649,,8,,
386652,,2,,
386653,,2,,
386654,,12,,
386655,,12,,
386656,,6,,
386663,,4,,
386664,,,1,
386817,,,4,
386821,,,2,
386823,,,2,
386824,,,2,
386829,,,2,
386832,,,1,
386833,,,2,
386839,,,2,
386840,,1,3,
386841,,,4,
386843,,,2,
386886,,2,,
386887,,2,,
386888,,2,,
386889,,2,,
386890,,2,,
386891,,1,,
386896,,9,2,
386900,,,4,
386901,,4,,
387009,,4,,
387116,,,1,
387118,,2,,
387119,,2,,
387125,,,4,
387126,,1,,
387127,,1,1,
387131,,5,8,
387132,,9,,
387133,,,8,
387144,,1,,
387203,,2,2,
387206,,,2,
387207,,,1,
387208,,,1,
387209,,4,,
387210,,4,,
387211,,5,,
387213,,,12,
387252,,1,,
387306,,2,,
387323,,,4,
387403,,,1,
387424,,2,,
387425,,2,,
387495,,,6,
387536,,,1,
387537,,,1,
387548,,3,,
387550,,3,,
387551,,,1,
387555,,2,,
387556,,4,,
387589,,2,,
387658,,2,,
387659,,2,,
387660,,2,,
387661,,2,,
387662,,2,,
387663,,2,,
387664,,2,,
387665,,2,,
387666,,2,,
387667,,2,,
387668,,2,,
387669,,1,,
387670,,2,,
387671,,2,,
387672,,2,,
387673,,2,,
387681,,,1,
387687,,1,,
387723,,2,,
387725,,,2,
387732,,,2,
387733,,2,,
387734,,2,,
387735,,,1,
387736,,,1,
387786,,,2,
387793,,,2,
387800,,,8,
387823,,2,,
387824,,2,,
387826,,2,,
387832,,4,,
387833,,,1,
387834,,,1,
387835,,1,,
387836,,1,,
387839,,,4,
387843,,2,,
387941,,2,,
387942,,,2,
387952,,,1,
387953,,1,,
387954,,2,,
387955,,,2,
387956,,,1,
387957,,1,,
387958,,1,,
387959,,,1,
387960,,2,,
388043,,2,,
388044,,2,,
388045,,2,,
388046,,2,,
388047,,2,,
388048,,2,,
388049,,2,,
388050,,2,,
388055,,,1,
388056,,13,,
388057,,4,,
388058,,,1,
388059,,,1,
388060,,2,,
388066,,4,,
388131,,2,,
388132,,2,,
388133,,1,,
388134,,1,,
388135,,1,,
388136,,1,,
388149,,,1,
388150,,8,,
388151,,,2,
388152,,,2,
388154,,2,,
388224,,2,,
388235,,1,,
388236,,2,,
388237,,,2,
388238,,2,,
388239,,1,,
388248,,4,,
388249,,,6,
388307,,2,,
388318,,4,,
388319,,4,,
388320,,6,,
388329,,5,8,
388632,,,1,
388633,,4,,
388634,,4,,
388635,,1,,
388636,,,1,
388637,,,1,
388638,,,1,
388639,,,2,
388640,,2,,
388644,,2,2,
388645,,,8,
388688,,2,,
388699,,4,,
388700,,2,,
388701,,2,,
388703,,4,,
388704,,1,,
388705,,,1,
388706,,,1,
388711,,5,,
388713,,4,,
388714,,2,,
388715,,2,,
388716,,2,,
388717,,3,,
388752,,2,,
388764,,4,,
388765,,2,,
388766,,4,,
388769,,5,8,
388770,,,20,
388860,,2,,
388861,,1,,
388862,,1,,
388863,,4,,
388864,,,1,
388865,,,1,
388866,,,1,
388869,,,2,
388870,,2,,
388871,,2,,
388928,,2,,
388929,,2,,
388942,,2,,
388943,,,1,
388944,,11,,
388945,,20,,
388946,,2,,
388948,,2,,
388950,,2,,
388951,,2,,
388952,,2,,
388953,,2,,
388959,,2,,
389016,,,1,
389017,,,1,
389018,,,1,
389019,,4,,
389020,,1,,
389021,,,1,
389022,,,1,
389024,,1,,
389025,,1,,
389026,,2,,
389027,,1,,
389032,,2,,
389095,,,1,
389096,,2,,
389097,,,12,
389160,,2,,
389161,,2,,
389162,,2,,
389163,,2,,
389185,,2,,
389367,,2,,
389369,,,1,
389370,,,1,
389386,,2,,
389389,,4,,
389413,,,1,
389414,,4,,
389557,,4,,
389558,,8,,
389559,,2,,
389560,,,2,
389563,,4,,
389564,,2,,
389565,,2,,
389566,,2,,
389567,,6,,
389569,,2,,NONE
389663,,2,,
389664,,2,,
389676,,2,,
389677,,4,,
389717,,1,,
389718,,2,,
389719,,2,,
389729,,2,,
389730,,2,,
389731,,2,,
389738,,2,,
389740,,1,,
389741,,1,,
389803,,2,,
389805,,1,,
389806,,2,,
389807,,2,,
389829,,2,,
389830,,,4,
389831,,,4,
389832,,,4,
389866,,2,,
389870,,2,,
389872,,4,,
389919,,2,,
389934,,2,,
390000,,,2,
390017,,2,,
390080,,,1,
390093,,6,,
390144,,2,,
390145,,2,,
390146,,2,,
390147,,2,,
390193,,4,,
390195,,4,,
390372,,2,,
390386,,2,,
390390,,2,,
390391,,2,,
390541,,,6,
390542,,,8,
390543,,,4,
390544,,,6,
390545,,,8,
390585,,,2,
390636,,2,,
390637,,2,,
390638,,2,,
390651,,,2,
390757,,4,,
390758,,,1,
390759,,2,,
390764,,4,,
390765,,4,,
390823,,2,,
390854,,2,,
390856,,4,,
390857,,5,,
390858,,,4,
390859,,2,,
390860,,4,,
390939,,2,,
390940,,2,,
390963,,2,,
390964,,4,,
390965,,1,,
390966,,4,,
390967,,4,,
390970,,4,,
391055,,2,,
391058,,6,,
391059,,,1,
391063,,2,,
391467,,2,,
391557,,2,,
391558,,2,,
391565,,4,,
391574,,2,,
391659,,2,,
391660,,2,,
391661,,2,,
391662,,2,,
391663,,1,,
391664,,2,,
391675,,,1,
391676,,2,,
391680,,2,,
391683,,2,,
391734,,1,,
391735,,1,,
391736,,1,,
391737,,1,,
391738,,2,,
391739,,,2,
391747,,6,,
391748,,6,,
391749,,4,,
391773,,,16,
391804,,,2,
391806,,,2,
391814,,2,,
391818,,2,,
391819,,2,,
391820,,1,,
394176,,1,,
394177,,4,,
394178,,2,,
394179,,4,,
394187,,2,,
395240,,2,,
395241,,,2,
395243,,,2,
395251,,2,,
395252,,4,,
395285,,,1,
395286,,,1,
395292,,,1,
395293,,4,,
395294,,2,,
395354,,,2,
395360,,2,,
395370,,2,,
395371,,2,,
395374,,,2,
395375,,4,,
395377,,2,,
395378,,2,,
395379,,8,,
395486,,4,,
395487,,2,,
395488,,1,,
395489,,1,,
395490,,2,,
395567,,2,,
395578,,2,,
395584,,2,,
395586,,1,,
395685,,2,,
395686,,4,,
395697,,4,,
395698,,4,,
395762,,2,,
395763,,2,,
395764,,2,,
395771,,2,,
395772,,,1,
395829,,2,,
395830,,2,,
395831,,2,,
395840,,,1,
395841,,2,,
395842,,2,,
395843,,2,,
395844,,4,,
395852,,,4,
396025,,2,,
396159,,,1,
396160,,,1,
396165,,4,,
396167,,4,,
396219,,2,,
396220,,2,,
396323,,2,,
396324,,2,,
396325,,,6,
396328,,4,,
396331,,1,,
396335,,2,,
396337,,,2,
396341,,,2,
396342,,,1,
396343,,,1,
396345,,,1,
396346,,,1,
396349,,6,,
397011,,,12,
397012,,,24,
397065,,,2,
397109,,2,,
397110,,2,,
397111,,1,,
397118,,2,,
397119,,4,,
397120,,2,,
397121,,1,,
397128,,2,,
397399,,,1,
397421,,2,,
397454,,,8,
397455,,,6,
397492,,2,,
397493,,2,,
397504,,4,,
397508,,4,,
397509,,4,,
397516,,7,,
397518,,,1,
397519,,2,,
397575,,,2,
397580,,1,,
397682,,,2,
397684,,,6,
397767,,2,,
397904,,2,,
397905,,2,,
397906,,2,,
397907,,2,,
397951,,3,,
397952,,1,,
397955,,18,,
397956,,2,,
397957,,2,,
397958,,6,,
397966,,1,,
397971,,1,,
397972,,4,,
397973,,3,,
398014,,,2,
398015,,,16,
398072,,,3,
398073,,6,,
398074,,2,,
398076,,2,,
398137,,2,,
398138,,2,,
398140,,,2,
398208,,2,,
398209,,2,,
398215,,2,,
398216,,2,,
398217,,4,,
398218,,2,,
398219,,2,,
398220,,2,,
398221,,,2,
398222,,2,,
398223,,5,,
398224,,2,,
398230,,1,,
398231,,2,,
398234,9,,,
398291,,2,,
398292,,2,,
398298,,2,,
398299,,2,,
398300,,4,,
398305,,4,,
398331,,,1,
398332,,2,,
398333,,4,,
398336,,2,,
398443,,1,,
398482,,4,,HYDRO
398483,,2,,HYDRO
398513,,2,,
398531,,2,,
398532,,1,,
398533,,1,,
398534,,2,,
400053,,2,,
400054,,2,,
400056,,1,,
400057,,1,,
400058,,1,,
400059,,1,,
400063,,2,,
400079,,6,,
400084,,4,8,
400095,,,16,
400173,,2,,
400174,,2,,
400175,,2,,
400179,,2,,
400180,,1,,
400181,,10,,
400182,,,2,
400188,,1,,
400189,,1,,
400191,,21,,
400193,,2,,
400611,,4,,
400614,,,4,
400615,,2,,
400666,,2,,
400667,,2,,
400674,,6,,
400709,,2,,
400710,,8,,
400711,,4,,
400712,,2,,
400713,,3,,
400721,,2,,
400955,,,8,HYDRO
400956,,2,,
401936,,2,,
401937,,7,,
401938,,4,,
401939,,10,,
401940,,1,,
401941,,17,,
401942,,2,,
401943,,4,,
401944,,4,,
401945,,1,,
401957,,2,,
401959,,2,,
401960,,3,,
404506,,2,,
404507,,1,,
404508,,2,,
404509,,1,,
404510,,1,,
404511,,4,,
404513,,1,,
404514,,1,,
404515,,1,,
404516,,2,,
404517,,1,,
404540,,2,,
404541,,2,,
404542,,2,,
404543,,6,,
404545,,1,,
404546,,4,,
404547,,1,,
404548,,1,,
404549,,2,,
404550,,2,,
404551,,2,,
404552,,8,,
404553,,2,,
404562,,,2,
404563,,,2,
404565,,4,,
404566,,,2,
404567,,2,,
404568,,1,,
404569,,2,,
404570,,2,,
404571,,1,,
404572,,3,,
404573,,18,,
404574,,8,,
404673,,2,,
404679,,1,,
404680,,,4,
404681,,1,,
404684,,22,,
404686,,,6,
404687,,,4,
404688,,2,,
404690,,4,,
404727,,2,,
404736,,6,,
404759,,4,,
404760,,2,,
404794,,,20,
404795,,,8,
404828,,2,,
404840,,4,,
404841,,6,4,
404903,,2,,
404904,,1,,
404924,,8,,
405342,,2,,
405359,,4,,
405360,,8,,
405361,,7,,
405362,,4,,
405403,,,2,
405404,,,6,
405438,,2,,
405439,,2,,
405440,,4,,
405441,,10,,
405543,,2,,
405544,,,1,
405545,,4,,
405546,,,1,
405547,,,2,
405548,,,1,
405549,,,1,
405550,,,2,
405551,,1,,
405552,,6,,
405553,,1,,
405554,,,1,
405555,,1,,
405556,,1,,
405557,,1,,
405558,,1,,
405560,,2,,
405561,,,4,
405562,,,2,
405563,,2,,
405564,,2,,
405565,,2,,
405566,,6,,
405567,,2,,
405568,,,4,
405569,,,1,
405570,,,2,
405572,,1,,
405573,,,2,
405574,,,2,
405575,,8,,
405576,,,4,
405577,,1,,
405578,,2,,
405579,,,2,
405580,,4,,
405581,,,2,
405582,,,2,
405583,,2,,
405584,,4,,
405585,,4,,
405586,,4,,
405587,,2,,
405588,,,2,
405589,,,2,
405590,,4,,
405591,,8,,
405592,,2,,
405593,,,2,
405594,,4,,
405595,,2,,
405596,,4,,
405597,,1,,
405598,,1,,
405599,,2,,
405600,,,5,
405601,,,2,
405602,,2,,
405603,,2,,
405604,,2,,
405605,,1,,
405606,,3,,
405607,,,2,
405608,,4,,
405609,,1,,
405610,,8,,
405611,,1,,
405612,,6,,
405613,,6,,
405614,,4,,
405615,,4,,
405617,,15,,
405619,,4,,
405620,,2,,
405621,,4,,
405622,,2,,
405623,,2,,
405624,,4,,
405625,,12,,
405626,,,2,
405627,,4,,
405628,,4,,
405629,,6,,
405673,,,1,
405720,,2,,
405721,,,1,
405738,,1,,
405739,,4,,
405805,,2,,
405807,,,2,
405809,,,2,
405816,,2,,
405817,,,3,
405818,,1,,
405822,,1,,
405823,,4,,
405824,,,4,
405825,,4,,
405839,,,2,
406105,,,7,
406106,,2,,
406107,,4,,
406108,,2,,
416111,,2,,
416115,,2,,
416137,,,20,
416138,,,2,
416139,,,2,
416140,,,3,
416141,,,4,
416142,,,6,
416143,,,8,
416144,,,5,
416145,,,4,
416146,,,5,
416147,,,1,
416184,,1,,
416185,,2,,
416186,,2,,
416194,,2,,
416195,,4,,
416199,,2,,
416200,,2,,
416201,,2,,
416289,,2,,
416290,,2,,
416291,,,2,
416293,,,2,
416317,,,4,
416318,,,2,
416358,,6,,
416359,,2,,
416364,,2,,
416365,,2,,
416366,,4,,
416419,,2,,
416431,,20,,
416434,,,8,
416437,,,8,
416438,,,10,
416439,,2,,
416440,,4,,
416441,,,4,
416443,,4,,
416444,,1,,
416445,,2,,
416446,,,4,
416447,,,4,
416500,,8,,
416501,,,4,
416502,,4,,
416503,,2,,
416504,,2,,
416505,,2,,
416506,,2,,
416510,,1,,
416558,,,2,
416559,,,2,
416560,,2,,
416561,,2,,
416563,,2,,
416564,,1,,
416569,,2,,
416570,,1,,
416571,,2,,
416575,,4,,
416630,,,1,
416631,,2,,
416644,,12,,
416651,,1,,
416652,,2,,
416654,,4,,
416731,,2,,
416740,,,1,
416741,,,1,
416745,,2,,
416768,,,6,
416770,,,2,
416771,,,4,
416777,,,4,
416779,,,8,
416788,,,2,
416793,,,2,
416794,,,2,
416795,,,7,
416799,,,2,
416830,,,4,
416832,,,2,
416841,,,6,
416855,,,2,
417001,,2,,
417002,,2,,
417005,,2,,
417012,,,2,
417013,,6,,
417016,,4,4,
417017,,4,,
417018,,4,,
417090,,1,,
417117,,,16,
417215,,2,,
417217,,2,,
417219,,,1,
417266,,,2,
417268,,,2,
417270,,,2,
417272,,,2,
417275,,2,,
417279,,2,,
417280,,4,,
417283,,41,14,
417289,,4,,
417373,,1,,
417374,,1,,
417375,,1,,
417376,,,2,
417414,,2,,
417421,,4,,
417422,,2,,
417461,,,1,
417462,,,1,
417544,,,8,
417545,,,8,
417692,,2,,
417693,,,2,
417695,,,2,
417697,,,2,
417699,,,2,
417714,,,2,
417748,,,20,
417749,,,24,
417768,,2,,
417774,,4,,
417780,,,4,
417788,,1,,
417820,,2,,
417821,,4,,
417825,,2,,
417922,,,4,
417964,,2,,
417965,,2,,
417966,,2,,
417967,,2,,
417968,,2,,
417969,,2,,
417970,,2,,
417971,,2,,
417986,,2,,NONE
418042,,2,,
418050,,2,,
418051,,7,,
418052,,4,,
418053,,4,,
418054,,2,,
418060,,,16,
418061,,,2,
418141,,1,,
418142,,1,,
418143,,1,,
418144,,1,,
418145,,1,,
418146,,1,,
418157,,2,,
418158,,,10,
418159,,4,,
420123,,2,,
420124,,2,,
420134,,2,,
420135,,2,,
420136,,2,,
420172,,1,,
420173,,2,,
420174,,2,,
420175,,2,,
420176,,2,,
420177,,2,,
420178,,2,,
420179,,2,,
420180,,1,,
420181,,2,,
420182,,,2,
420184,,,2,
420186,,2,,
420194,,2,,
420195,,1,,
420196,,8,,
420281,,1,,
420282,,1,,
420283,,1,,
420284,,1,,
420287,,10,,
420633,,1,,
420634,,1,,
420635,,1,,
420636,,2,,
420637,,2,,
420638,,1,,
420639,,2,,
420640,,1,,
420641,,1,,
420642,,1,,
420643,,1,,
420644,,2,,
420645,,1,,
420646,,2,,
420647,,1,,
420648,,1,,
420649,,1,,
420650,,1,,
420651,,1,,
420654,,2,,NONE
420701,,2,,
420702,,2,,
420704,,2,,
420708,,4,,
420709,,2,,
420902,,2,,
420903,,2,,
420909,,20,,
420917,,4,8,
420920,,4,,
421000,,2,,
421001,,2,,
421002,,2,,
421003,,,2,
421005,,2,,
421009,,2,,
421012,,4,,
421013,,8,,
421014,,2,,
421015,,2,,
421016,,2,,
421125,,2,,
421126,,2,,
421132,,4,,
421189,,1,,
421190,,1,,
421191,,,2,
421198,,,1,
421199,,3,,
421200,,8,,
421204,,4,,
421245,,4,,
421315,,,12,
421316,,4,,
421317,,2,2,
421318,,,5,
421319,,3,2,
421320,,5,,
421321,,5,,
421322,,,6,
421323,,,3,
421324,,5,,
421325,,3,,
421326,,,4,
421327,,,2,
421328,,,4,
421329,,,3,
421330,,,3,
421331,,,3,
421382,,1,,
421392,,,1,
421550,,1,,
421601,,2,,
421602,,2,,
421603,,2,,
421658,,2,,
421659,,2,,
421680,,,4,
421681,,,20,
421772,,2,,
421773,,2,,
421774,,2,,
421775,,2,,
421776,,2,,
421783,,10,,
421784,,4,,
421785,,2,,
421786,,1,,
421805,,2,,
421806,,4,,
421807,,2,,
421808,,2,,
421809,,4,,
421810,,4,,
421811,,2,,
421812,,4,,
421813,,4,,
421814,,2,,
421820,,,2,
421839,,,1,
421848,,2,,
422086,,2,,
422087,,1,,
422088,,2,,
422091,,,2,
422099,,6,,
422100,,1,,
422101,,1,,
422163,,1,,
422164,,2,,
422165,,2,,
422175,,,1,
422177,,,12,
422199,,,2,
422200,,4,,
422202,,4,,
422203,,,4,
422223,,2,,
422224,,2,,
422225,,2,,
422226,,2,,
422227,,2,,
422228,,2,,
422247,,2,,
422249,,2,,
422254,,2,,
422255,,,4,
422334,,2,,
422335,,2,,
422336,,,2,
422337,,,2,
422341,,1,,
422344,,,6,
422383,,1,,
422384,,2,,
422385,,1,,
422386,,2,,
422387,,2,,
422388,,2,,
422389,,2,,
422408,,2,,
422412,,4,,
422413,,2,,
422414,,4,,
422415,,6,,
422416,,4,,
422463,,2,,
422464,,2,,
422477,,4,,
422478,,4,,
422479,,4,,
422483,,,4,
422486,,,2,
422487,,6,,
422488,,6,,
422535,,2,,
422536,,2,,
422537,,2,,
422538,,,1,
422539,,,1,
422540,,,1,
422541,,,1,
422544,,,1,
422545,,,1,
422546,,,1,
422547,,,1,
422548,,2,,
422549,,2,,
422555,,4,,
422556,,,2,
422558,,4,,
422561,,60,,
422562,,37,,
422580,,,8,
422581,,,16,
422582,,,16,
422594,,4,,
422630,,2,,
422631,,2,,
422632,,2,,
422667,,2,,
422668,,2,,
422669,,,1,
422670,,,1,
422671,,,1,
422672,,,1,
422673,,,1,
422674,,,1,
422676,,,1,
422677,,,1,
422678,,,1,
422679,,,1,
422680,,,1,
422683,,,1,
422684,,,1,
422685,,,1,
422686,,,1,
422687,,,1,
422688,,,1,
422689,,2,,
422694,,2,,
422695,,4,,
422696,,2,,
422750,,1,,
422751,,,1,
422752,,2,,
422753,,2,,
422754,,,1,
422755,,2,,
422756,,,1,
422757,,1,,
422758,,2,,
422759,,2,,
422760,,2,,
422761,,2,,
422762,,2,,
422763,,1,,
422764,,1,,
422765,,1,,
422766,,1,,
422776,,2,,
422787,,1,1,
422795,,2,,
422796,,2,,
422798,,8,,
422842,,,2,
422844,,2,,
422849,,,4,
422850,,4,,
422871,,,4,
422936,,2,,
422937,,2,,
422938,,2,,
422939,,2,,
422940,,,1,
422941,,2,,
422951,,2,,
422952,,4,,
422957,,,1,
423041,,2,,
423042,,2,,
423051,,,1,
423054,,2,,
423062,,2,,
423069,,2,,
428448,,2,,
428449,,2,,
428450,,2,,
428451,,2,,
428452,,2,,
428453,,2,,
428471,,,4,
428497,,12,,
428573,,2,,
428574,,2,,
428575,,2,,
428576,,2,,
428577,,2,,
428578,,,2,
428579,,2,,
428580,,2,,
428581,,2,,
428582,,2,,
428583,,2,,
428584,,2,,
428585,,2,,
428586,,2,,
428587,,2,,
428588,,2,,
428592,,,6,
428600,,2,,
428601,,2,,
428647,,4,,
428648,,4,,
428649,,2,,
428650,,2,,
428657,,,4,
428678,,,24,
428679,,1,,
428711,,1,,
428712,,1,,
428713,,2,,
428716,,,1,
428717,,,1,
428718,,2,,
428719,,2,,
428720,,2,,
428726,,,2,
428727,,4,,
428729,,2,,
428730,,2,,
429542,,2,,
429554,,,1,
429563,,2,1,
429564,,3,,
429678,,,1,
429679,,2,,
429680,,,1,
429681,,,1,
429684,,2,,
429685,,,1,
429686,,,1,
429687,,,1,
429688,,,1,
429689,,,1,
429690,,,1,
429691,,,1,
429692,,,1,
429712,,6,,
429713,,,4,
429714,,,2,
429715,,4,,
429716,,,2,
429726,,2,,
429727,,2,,
429728,,4,,
429729,,8,,
429730,,4,,
429737,,,4,
429767,,2,,
429768,,2,,
429780,,2,,
429781,,1,,
429783,,1,2,
429784,,,2,
429789,,2,,
429790,,2,,
429851,,2,,
429852,,2,,
429853,,2,,
429854,,2,,
429855,,2,,
429891,,1,,
429892,,1,,
429896,,,2,
429902,,,2,
429908,,4,,
429909,,4,,
429910,,2,,
429915,,1,,
429916,,2,,
429917,,2,,
429918,,1,,
429932,,,4,
429988,,,2,
429990,,,2,
429991,,,2,
429998,,,1,
429999,,,2,
430004,,1,2,
430005,,4,,
430045,,2,,
430049,,,6,
430050,,4,,
433997,,2,,
433998,,1,,
433999,,1,,
434005,,2,,
434006,,2,,
434007,,5,,
434008,,,4,
434009,,1,1,
434108,,,1,
434116,,2,,
434124,,1,1,
434171,,2,,
434172,,2,,
434177,,1,2,
434764,,2,,
434765,,2,,
434774,,2,,
434779,,,3,
434780,,,8,
434782,,,2,
434783,,4,,
434834,,1,2,
434835,,,4,
434836,,4,,
434837,,2,,
434838,,4,,
434839,,2,,
434852,,2,,
434853,,2,,
434875,,,8,
434876,,,2,
434877,,,16,
434930,,4,1,
434931,,3,,
434932,,5,,
434938,,1,2,
434982,,2,,
434983,,2,,
434984,,2,,
434985,,2,,
434986,,2,,
434988,,1,,
434995,,,1,
434996,,,2,
434997,,,2,
435004,,2,,
435005,,2,,
435006,,2,,
435007,,4,,
435008,,2,,
435009,,4,,
435010,,4,,
435011,,4,,
435012,,2,,
435013,,4,,
435792,,1,,
435796,,2,,
435801,,2,,
435803,,15,,
435805,,2,,
435807,,1,,
435809,,8,,
435830,,5,,
435831,,3,,
435833,,5,,
435836,,4,,
435839,,1,,
435840,,1,,
435856,,1,,
435862,,2,,
435867,,1,,
435877,,1,,
435893,,1,,
435895,,4,,
435913,,3,,
435914,,2,,
435915,,4,,
435917,,1,,
435920,,1,,
435926,,1,,
435931,,1,,
435935,,1,,
435942,,1,,
435944,,2,,
435946,,10,,
435952,,1,,
435953,,2,,
435970,,1,,
435971,,7,,
435973,,4,,
435974,,1,,
435976,,2,,
435979,,1,,
435984,,1,,
435990,,8,,
435991,,2,,
435993,,2,,
435995,,4,,
435999,,2,,
436003,,5,,
436004,,1,,
436007,,1,,
436017,,1,,
436018,,2,,
436023,,2,,
436024,,2,,
436027,,3,,
436031,,2,,
436034,,1,,
436047,,2,,
436048,,1,,
436049,,2,,
436057,,2,,
436058,,1,,
436059,,7,,
436062,,3,,
436172,,6,,
436177,,,1,
436181,,1,,
436189,,1,,
436197,,1,,
436202,,1,,
436205,,1,,
436210,,3,,
436212,,2,,
436216,,38,,
436220,,1,,
436226,,2,,
436235,,1,,
436237,,2,,
436242,,4,,
436257,,2,,
436259,,4,,
436262,,1,,
436266,,9,,
436632,,1,,
436633,,13,,
436635,,1,,
436638,,1,,
436643,,2,,
436645,,4,,
436648,,2,,
436658,,2,,
436661,,1,,
436666,,2,,
436670,,1,,
436678,,2,,
436680,,1,,
436684,,1,,
436688,,3,,
436691,,1,,
436692,,,1,
436694,,2,2,
436695,,2,,
436696,,4,,
436704,,1,,
436706,,2,,
436710,,2,,
436712,,2,,
436713,,1,,
437389,,14,,
437390,,15,,
437392,,7,,
437396,,1,,
437398,,1,,
437405,,2,,
437409,,1,,
437410,,2,,
437417,,9,,
437418,,9,,
437419,,2,,
437441,,1,,
437444,,2,,
437446,,1,,
437447,,3,,
437450,,2,,
437451,,1,,
437454,,4,,
437459,,1,,
437461,,2,,
437463,,1,,
437466,,2,,
437467,,1,,
437476,,3,,
437477,,3,,
437482,,1,,
437503,,,1,
437506,,1,,
437512,,1,,
437515,,2,,
437520,,1,,
437529,,1,,
437530,,1,,
437534,,2,,
437535,,2,,
437540,,3,,
437544,,2,,
437547,,2,,
437552,,5,,
437554,,4,,
437555,,4,,
437557,,1,,
437559,,1,,
437563,,9,,
437564,,2,,
437565,,4,,
437566,,2,,
437568,,1,,
437577,,1,,
437578,,1,,
437627,,,2,
437629,,,2,
437632,,,2,
437637,,6,,
437638,,2,,
438001,,,1,
438002,,,1,
438003,,,2,
438007,,,4,
438008,,,2,
438009,,3,,
438013,,,6,
439475,,2,,
439476,,2,,
439477,,,1,
439479,,,1,
439480,,,1,
439481,,,1,
439484,,,2,
439486,,,2,
439493,,4,2,
439494,,1,2,
439495,,4,,
439505,,1,,
439515,,,1,
439516,,6,,
439517,,4,,
439519,,1,2,
439731,,2,,
439732,,2,,
439738,,4,,
439739,,1,,
439740,,8,,
439741,,4,,
439742,,4,,
439744,,1,2,
439745,,2,,
439746,,3,,
439747,,4,,
439823,,2,,
439895,,,1,
439896,,2,,
439897,,2,,
439898,,2,,
439899,,2,,
439900,,2,,
439908,,2,,
439909,,4,,
439912,,1,2,
439913,,2,,
440799,,2,,
440801,,,2,
440802,,2,,
440803,,2,,
440805,,5,,
440806,,5,,
440807,,2,,
440809,,8,,
440832,,15,,
440833,,2,,
440959,,2,,
440967,,4,,
440968,,4,,
440969,,,2,
441013,,2,,
441014,,,4,
441015,,4,,
441016,,2,,
441021,,5,,
441022,,21,,
441023,,1,,
441024,,15,,
441025,,14,,
441026,,6,,
441027,,4,,
445720,,1,,
445721,,2,,
445722,,2,,
445723,,1,,
445724,,1,,
445725,,1,,
445726,,2,,
445727,,2,,
445728,,2,,
445729,,2,,
445730,,2,,
445731,,2,,
445740,,,2,
445741,,4,,
445742,,,1,
445744,,1,2,
445745,,1,2,
445812,,1,,
445813,,1,,
445814,,1,,
445815,,1,,
445816,,1,,
445817,,1,,
445818,,1,,
445819,,1,,
445820,,1,,
445821,,1,,
445822,,1,,
445823,,1,,
445824,,1,,
445825,,1,,
445827,,,2,
445832,,,2,
445833,,8,,
445842,,,4,
445843,,2,,
445844,,2,,
445894,,4,,
445895,,2,,
445896,,,2,
445971,,1,2,
446015,,2,,
446016,,2,,
446017,,2,,
446018,,2,,
446019,,2,,
446020,,1,,
446021,,2,,
446023,,,8,
446035,,,2,
446036,,6,,
446039,,1,2,
446040,,4,,
446041,,4,,
446042,,2,,
446227,,2,,
446228,,2,,
446229,,2,,
446235,,1,,
446236,,,2,
446239,,4,,
446240,,4,,
446244,,2,2,
446278,,2,,
446279,,2,,
446280,,1,,
446281,,1,,
446282,,1,,
446289,,,4,
446290,,,6,
446306,,2,,
446307,,2,,
446413,,2,,
446414,,1,,
446415,,2,,
446416,,2,,
446420,,2,,
446421,,2,,
446422,,2,,
446424,,2,,
446425,,23,,
446469,,,1,
446470,,2,,
446471,,1,,
446481,,2,,
446482,,4,,
446483,,4,,
446484,,2,,
446560,,2,,
446561,,1,,
446562,,2,,
446563,,,4,
446571,,4,,
446585,,2,,
446586,,2,,
446587,,2,,
446588,,1,,
446589,,1,,
446590,,,4,
446591,,,2,
446592,,,1,
446593,,,2,
446594,,4,,
446631,,,4,
446632,,,4,
446633,,2,,
446634,,,2,
446635,,,8,
446686,,2,,
446687,,2,,
446691,,,1,
446693,,2,,
446694,,4,,
446695,,1,,
446696,,2,,
446751,,2,,
446752,,2,,
446753,,,1,
446754,,,4,
446755,,,4,
446756,,,2,
446757,,,2,
446758,,,3,
446759,,,2,
446760,,,4,
446761,,,4,
446762,,,4,
446763,,,2,
446764,,,2,
446765,,,4,
446766,,,1,
446767,,,4,
446768,,,4,
446769,,,4,
446770,,,4,
446771,,,4,
446772,,,3,
446773,,,3,
446774,,,4,
446775,,,4,
446776,,,1,
446777,,,2,
446778,,,3,
446779,,,4,
446780,,,4,
446781,,,3,
446782,,,4,
446783,,,4,
446784,,,4,
446786,,,3,
446787,,,4,
446788,,,2,
446789,,,8,
446790,,,2,
446791,,,4,
446792,,,4,
446793,,,3,
446794,,,4,
446795,,,1,
446796,,,4,
446797,,,4,
446798,,,3,
446799,,,2,
446800,,,4,
446801,,,2,
446805,,4,,
446806,,4,,
446807,,4,,
446808,,4,,
446813,,,2,
446852,,,2,
446854,,,2,
446856,,2,,
446864,,2,,
446865,,2,,
446866,,2,,
446871,,2,,
446872,,2,,
446873,,2,,
446881,,,6,
446902,,,20,
446903,,,8,
446930,,1,,
446931,,,4,
446932,,,1,
446933,,2,,
447041,,,1,
447042,,2,,
447043,,2,,
447044,,1,,
447045,,1,,
447047,,1,,
447048,,1,,
447049,,1,,
447116,,2,,
447117,,2,,
447118,,,1,
447119,,,1,
447120,,1,,
447121,,1,,
447122,,1,,
447128,,2,,
447130,,2,,
447136,,,6,
447177,,2,,
447178,,2,,
447179,,2,,
447180,,2,,
447181,,2,,
447182,,2,,
447183,,2,,
447184,,2,,
447185,,2,,
447193,,6,,
447196,,1,2,
447197,,,4,
447260,,1,,
447271,,4,,
447272,,1,,
447273,,,1,
447274,,4,,
447275,,4,,
447280,,4,8,
447359,,1,,
447361,,2,,
447362,,2,,
447363,,2,,
447364,,,2,
447371,,,6,
447427,,1,,
447428,,2,,
447429,,1,,
447436,,2,,
447438,,4,,
447439,,2,,
447440,,2,,
447660,,4,,
447664,,2,,
447671,,4,,
447673,,6,2,
447691,,,1,
447700,,1,1,
447701,,6,9,
447711,,2,,
447722,,2,,
447735,,2,1,
447736,,,1,
447740,,,1,
447752,,2,,
447762,,2,,
447802,,,1,
447803,,,1,
447804,,1,,
447805,,1,,
447806,,6,,
447808,,4,,
447857,,2,,
447861,,,2,
447863,,,2,
447868,,,4,
447944,,1,,
447946,,1,,
447948,,1,,
447949,,1,,
447950,,1,,
447951,,1,,
447952,,1,,
447953,,1,,
447960,,1,,
447961,,2,,
447973,,1,,
447975,,1,,
447977,,,2,
447983,,1,,
447990,,1,,
447991,,1,,
448027,,4,,
448028,,2,,
448029,,1,,
448042,,,8,
448043,,2,,
448044,,4,,
448045,,4,,
448046,,2,,
448047,,4,,
448048,,2,,
448049,,2,,
448050,,2,,
448051,,4,,
448052,,4,,
448053,,4,,
448054,,2,,
448055,,,4,
448056,,2,,
448057,,4,,
448058,,2,,
448084,,,12,
448085,,,8,
448125,,2,,
448126,,1,,
448129,,1,,
448131,,1,,
448135,,1,,
448137,,1,,
448141,,1,,
448148,,,10,
448149,,,1,
448150,,,4,
448153,,,6,
448154,,,8,
448155,,2,,
448156,,2,,
448157,,2,,
448158,,4,,
448159,,4,,
448160,,2,,
448161,,4,,
448162,,2,,
448163,,4,,
448164,,2,,
448165,,4,,
448166,,4,,
448167,,2,,
448168,,4,,
448197,,2,,
448198,,2,,
448199,,,2,
448201,,,2,
448206,,4,,
448207,,,3,
448282,,1,,
448285,,2,,
448286,,2,,
448294,,,4,
448295,,,4,
448335,,,2,
448352,,1,,
448397,,4,,
448398,,2,,
448458,,2,,
448459,,,2,
448516,,1,,
448517,,1,,
448518,,1,,
448519,,1,,
448520,,1,,
448521,,1,,
448522,,1,,
448523,,1,,
448524,,1,,
448525,,1,,
448526,,1,,
448527,,1,,
448765,,,16,
448808,,,1,
448883,,,8,
448909,,2,,
448910,,2,,
448911,,2,,
448912,,,1,
448913,,2,,
448914,,2,,
448928,,,6,
449032,,2,,
449033,,1,,
449035,,1,,
449040,,8,,
449042,,12,,
449043,,4,,
449044,,6,,
449045,,4,,
449046,,1,,
449161,,4,,
449162,,4,,
449270,,1,,
449272,,,2,
449274,,2,,
449276,,,2,
449447,,,2,
449452,,1,2,
449453,,8,,
449454,,,8,
449474,,,1,
449475,,,4,
449476,,2,,
449477,,,8,
449491,,,4,
449492,,,4,
449493,,,4,
449596,,2,,
449597,,2,,
449598,,2,,
449599,,2,,
449600,,2,,
449606,,2,,
449607,,12,,
449608,,2,,
449648,,1,,
449660,,6,4,
449661,,2,,
449662,,2,,
449663,,4,,
449674,,,2,
449675,,,1,
449676,,,3,
449677,,,3,
449678,,,1,
449679,,,2,
449722,,1,,
449733,,2,,
449734,,2,,
449741,,2,,
449742,,1,,
449766,,1,,
449767,,2,,
449768,,1,,
449772,,3,1,
449777,,2,,
449800,,,2,
449801,,,2,
449824,,2,,
449826,,,4,
449827,,2,,
449832,,,8,
449838,,,4,
449839,,4,,
449840,,4,,
449841,,4,,
449921,,1,,
449922,,1,,
449923,,2,,
449924,,,1,
449929,,,4,
450015,,2,,
450017,,2,,
450018,,2,,
450019,,4,,
450020,,2,,
450024,,,2,
450030,,,12,
450131,,2,,
450132,,,1,
450133,,2,,
450134,,2,,
450135,,2,,
450136,,2,,
450137,,2,,
450138,,2,,
450139,,2,,
450144,,2,,
450238,,2,,
450239,,2,,
450240,,2,,
450241,,2,,
450247,,2,,
450248,,2,,
450249,,2,,
450250,,2,,
450375,,2,,
450379,,2,,
450384,,2,,
450411,,2,,
450412,,6,,
450475,,2,,
450481,,,4,
450482,,2,,
450589,,2,,
450590,,2,,
450591,,2,,
450594,,,2,
450595,,2,,
450598,,2,,
450732,,2,,
450737,,2,,
450768,,4,,
450770,,1,1,
450841,,2,,
450845,,10,,
450905,,2,,
450906,,2,,
450907,,2,,
450908,,2,,
450909,,2,,
450910,,2,,
450911,,,2,
450912,,,2,
450916,,4,,
450917,,,4,
450918,,,4,
450924,,2,,
450968,,1,,
450973,,1,,
450974,,,4,
450975,,4,,
450978,,2,,
450979,,2,,
450980,,4,,
450981,,,6,
451032,,,2,
451033,,,4,
451034,,2,,
451087,,4,,
451110,,2,,
451111,,1,,
451113,,7,8,
451123,,6,,
451124,,6,,
451437,,1,,
451441,,1,,
451443,,2,,
451449,,2,,
451450,,2,,
451451,,4,1,
451452,,4,1,
451461,,2,,
451549,,2,,
451550,,2,,
451612,,,1,
451613,,2,,
451645,,1,,
451646,,1,,
451647,,1,,
451648,,1,,
451649,,1,,
451650,,1,,
451651,,1,,
451652,,1,,
451653,,1,,
451654,,1,,
451655,,1,,
451656,,1,,
451657,,1,,
451658,,1,,
451659,,1,,
451660,,1,,
451661,,1,,
451662,,1,,
451764,,1,,
451768,,2,,
451769,,2,,
451772,,,4,
451773,,4,,
451774,,2,,
451775,,2,,
451776,,2,,
451777,,2,,
451817,,1,,
451819,,4,,
451820,,2,,
451824,,1,2,
451890,,1,,
451891,,1,,
451892,,2,,
451896,,4,,
451983,,,4,
451986,,,8,
452031,,,4,
452032,,,4,
452033,,,6,
452034,,,4,
452035,,,4,
452036,,,4,
452038,,,4,
452039,,,4,
452040,,,4,
452041,,,8,
452043,,,4,
452044,,,4,
452045,,,4,
452046,,,6,
452047,,,6,
452048,,,10,
452049,,,4,
452050,,,3,
452051,,,8,
452052,,,4,
452267,,2,,
452268,,2,,
452269,,2,,
452270,,2,,
452271,,2,,
452272,,2,,
452273,,2,,
452274,,2,,
452275,,2,,
452276,,2,,
452277,,2,,
452278,,2,,
452279,,2,,
452280,,1,,
452281,,1,,
452282,,1,,
452283,,2,,
452315,,1,,
452319,,1,2,
452351,,1,,
452352,,1,,
452353,,1,,
452354,,1,,
452355,,1,,
452356,,1,,
452357,,1,,
452358,,1,,
452359,,1,,
452360,,1,,
452361,,1,,
452362,,1,,
452363,,1,,
452364,,1,,
452365,,1,,
452366,,1,,
452367,,1,,
452368,,1,,
452369,,1,,
452370,,1,,
452371,,1,,
452372,,1,,
452373,,1,,
452374,,1,,
452375,,1,,
452376,,1,,
452377,,1,,
452378,,1,,
452379,,1,,
452380,,1,,
452623,,,3,
452624,,2,,
452625,,2,,
452626,,2,,
452627,,4,,
452631,,2,,
452632,,,6,
452723,,1,,
452724,,1,,
452725,,1,,
452726,,1,,
452727,,1,,
452728,,1,,
452729,,1,,
452730,,1,,
452731,,1,,
452732,,1,,
452733,,1,,
452734,,1,,
452735,,1,,
452736,,1,,
452737,,1,,
452738,,1,,
452739,,1,,
452740,,1,,
452741,,1,,
452742,,1,,
452743,,1,,
452744,,1,,
452745,,1,,
452746,,1,,
452747,,,1,
452749,,4,,
452750,,4,,
452784,,4,,
453304,,,2,
453341,,1,,
453342,,1,,
453376,,1,,
453377,,1,,
453382,,4,,
453383,,2,,
453467,,2,,
453468,,2,,
453469,,2,,
453470,,2,,
453471,,2,,
453472,,2,,
453473,,2,,
453474,,2,,
453475,,2,,
453476,,2,,
453477,,1,,
453546,,,2,
453548,,2,,
453553,,,1,
453557,,,8,
453558,,4,,
453559,,2,,
453560,,2,,
453561,,2,,
453562,,2,,
453563,,2,,
453564,,2,,
453565,,2,,
453566,,2,,
453567,,4,,
453568,,2,,
453569,,2,,
453570,,2,,
453994,,1,,
454076,,2,,
454077,,2,,
454079,,,1,
454083,,4,,
454125,,1,,
454126,,1,,
454127,,1,,
454129,,,2,
454130,,2,,
454136,,1,,
454139,,4,,
454177,,,4,
454245,,2,,
454246,,2,,
454247,,2,,
454248,,2,,
454249,,2,,
454256,,,4,
454258,,2,,
454259,,4,,
454260,,2,,
455061,,2,,
455062,,,6,
455063,,2,,
455066,,2,,
455068,,,4,
455069,,,4,
455070,,,4,
455074,,25,,
455082,,,1,
455087,,2,,
455089,,4,,
455090,,2,,
455100,,1,,
455139,,,1,
455142,,2,,
455151,,2,,
455152,,5,,
455153,,5,,
455154,,4,,
455155,,4,,
455156,,4,,
455157,,4,,
455159,,2,,
455160,,2,,
455161,,2,,
455162,,2,,
455163,,2,,
455164,,20,,
455165,,4,,
455166,,4,,
455167,,2,,
455168,,3,,
455169,,2,,
455170,,2,,
455171,,3,,
455172,,4,,
455173,,5,,
455174,,6,,
455175,,1,,
455176,,2,,
455178,,2,,
455179,,2,,
455180,,2,,
455181,,4,,
455182,,2,,
455183,,2,,
455184,,10,,
455185,,14,,
455186,,4,2,
455187,,2,,
455189,,1,,
455190,,1,,
455191,,10,,
455192,,1,,
455193,,6,,
455196,,10,,
455197,,4,,
455198,,10,,
455200,,12,,
455201,,5,,
455202,,6,,
455203,,8,,
455205,,2,,
455206,,4,,
455207,,,2,
455262,,7,,
455269,,2,,
455301,,1,,
455305,,1,,
455306,,1,,
455307,,1,,
455308,,1,,
455309,,4,,
455310,,6,,
455311,,2,,
455312,,1,,
455313,,3,1,
455315,,2,,
455317,,2,,
455318,,1,,
455321,,2,,
455322,,3,,
455323,,2,,
455324,,3,,
455325,,1,,
455326,,1,,
455327,,2,,
455328,,4,,
455329,,2,,
455330,,2,,
455332,,4,,
455333,,4,,
455334,,4,,
455335,,4,,
455336,,1,,
455337,,2,,
455380,,2,,
455383,,5,,
455384,,1,,
455385,,3,,
455387,,3,,
455425,,1,,
455464,,1,,
455480,,,4,
455481,,2,,
455483,,,4,
455485,,3,,
455492,,,4,
455494,,,4,
455496,,1,,
455500,,5,,
455504,,1,,
455508,,3,,
455509,,4,,
455513,,3,,
455514,,3,,
455515,,3,,
455516,,2,4,
455519,,2,,
455520,,3,,
455521,,3,,
455522,,,4,
455525,,3,,
455526,,3,,
455528,,2,,
455529,,2,,
455530,,,4,
455531,,2,,
455533,,4,,
455534,,5,,
455535,,,2,
455538,,,4,
455543,,,4,
455544,,,4,
455547,,2,,
455548,,2,,
455550,,2,,
455555,,,4,
455558,,,2,
455561,,6,,
455564,,2,,
455565,,,4,
455585,,1,,
455592,,,4,
455608,,1,,
455628,,4,,
455629,,10,,
455631,,2,,
455632,,2,,
455633,,,8,
455634,,,2,
455635,,1,,
455636,,,4,
455638,,2,,
455640,,4,,
455641,,1,,
455643,,2,,
455647,,2,,
455648,,1,,
455649,,1,,
455650,,2,,
455656,,4,,
455657,,12,,
455658,,5,,
455664,,,4,
455665,,,4,
455666,,,4,
455667,,11,,
455672,,,4,
455674,,,4,
455691,,2,,
455692,,10,,
455694,,3,,
455700,,2,,
455702,,,4,
455703,,,4,
455706,,3,,
455708,,2,,
455709,,,4,
455715,,2,,
455722,,1,,
455723,,2,,
455724,,2,2,
455725,,4,,
455727,,4,,
455734,,2,,
455736,,2,,
455741,,,4,
455742,,2,,
455744,,,2,
455746,,6,,
455748,,2,,
455765,,,8,
455766,,,6,
455768,,2,,
455770,,5,,
455771,,3,,
455772,,5,,
455774,,6,,
455776,,4,,
455777,,,8,
455803,,,4,
455804,,8,,
455819,,,4,
455824,,2,,
455830,,5,,
455840,,3,,
455842,,,4,
455843,,,4,
455845,,1,,
455846,,6,,
455848,,,4,
455850,,,4,
455865,,1,,
455871,,,3,
455955,,1,,
455956,,1,,
455957,,,2,
455959,,,2,
455961,,,2,
455962,,2,,
455963,,1,,
455969,,2,,
455970,,,1,
455971,,1,,
455972,,,12,
455987,,3,,
456274,,,2,
456276,,,6,
456310,,1,2,
456312,,1,,
456313,,4,,
456317,,,1,
456324,,3,,
456325,,3,,
456421,,2,,
456422,,2,,
456423,,2,,
456424,,2,,
456425,,2,,
456426,,2,,
456427,,2,,
456428,,2,,
456429,,2,,
456430,,1,,
456431,,1,,
456441,,3,,
456489,,2,,
456492,,4,,
456533,,1,,
456534,,2,,
456535,,2,,
456536,,2,,
456537,,2,,
456538,,1,,
456539,,1,,
456584,,2,,
456585,,4,,
456718,,2,,
456870,,2,,
456874,,4,,
456879,,1,,
456939,,1,,
456941,,,2,
456943,,,2,
456946,,3,,
456947,,,1,
456949,,2,,
456951,,10,,
457112,,4,,
457116,,4,,
457223,,1,,
457224,,1,,
457225,,1,,
457226,,1,,
457227,,1,,
457228,,1,,
457229,,1,,
457230,,1,,
457233,,6,,
457284,,,2,
457285,,4,,
457326,,2,,
457443,,,1,
457514,,2,,
457519,,,2,
457520,,,4,
457521,,,1,
457522,,2,,
457523,,2,,
457618,,1,,
457619,,1,,
457620,,2,,
457621,,2,,
457623,,,6,
457659,,4,,
457660,,4,,
457661,,4,,
457671,,1,,
457722,,4,,
457723,,,4,
457868,,2,,
457869,,2,,
457870,,2,,
457875,,,2,
457877,,,2,
457881,,2,,
457891,,2,,
457932,,4,,
457954,,4,,
458042,,2,,
458043,,1,,
458044,,,1,
458045,,,1,
458046,,2,,
458050,,2,,
458070,,4,,
458071,,10,,
458072,,2,,
458073,,11,,
458079,,2,,
458083,,1,,
458220,,4,,
458221,,1,,
458222,,2,,
458258,,,4,
458270,,4,,
458298,,2,,
458301,,,1,
458302,,2,,
458326,,4,,
458372,,,1,
458373,,,1,
458374,,,1,
458375,,,1,
458376,,,2,
458377,,,1,
458378,,,1,
458381,,2,,
458382,,,1,
458383,,,1,
458387,,2,,
458388,,4,,
458393,,,6,
458394,,,10,
458395,,,4,
458452,,,2,
458484,,4,,
458485,,,1,
458511,,,4,
458512,,,6,
458513,,,8,
458676,,1,,
458677,,2,,
458678,,2,,
458679,,2,,
458680,,2,,
458681,,2,,
458683,,1,,
458769,,2,,
458770,,2,,
458771,,2,,
458772,,2,,
458773,,2,,
458775,,2,,
458906,,2,,
458911,,2,,
458912,,1,,
458935,,,8,
458936,,,8,
458944,,,8,
458959,,,8,
458965,,,8,
458975,,,8,
458979,,,8,
459046,,2,,
459047,,,2,
459048,,,2,
459053,,2,,
459054,,3,,
459056,,2,,
459215,,4,,
459216,,4,,
459221,,,6,
459393,,,4,
459395,,4,,
459396,,6,,
459398,,,6,
459506,,4,,
459512,,4,,
459513,,,2,
459630,,4,,
459632,,,3,
459657,,4,,
459780,,2,,
459781,,1,,
459782,,1,,
459783,,2,,
459784,,2,,
459785,,2,,
459786,,2,,
459787,,,2,
459789,,2,,
459794,,2,,
459795,,20,,
459796,,3,,
459797,,2,,
459799,,2,,
459805,,1,,
459910,,2,,
459911,,2,,
459912,,2,,
459913,,2,,
459914,,2,,
459915,,2,,
459916,,2,,
460027,,2,,
460028,,2,,
460029,,2,,
460030,,2,,
460031,,,2,
460032,,,2,
460078,,2,,
460081,,1,,
460090,,,2,
460091,,2,,
460126,,1,,
460127,,2,,
460128,,2,,
460129,,2,,
460130,,2,,
460133,,2,,
460135,,2,,
460137,,4,,
460144,,,1,
460145,,2,,
460147,,2,,
460148,,,1,
460149,,,2,
460179,,2,,
460180,,,6,
460181,,,3,
460183,,,4,
460237,,1,,
460238,,2,,
460239,,1,,
460315,,1,,
460316,,2,,
460337,,,2,
460452,,1,,
460453,,1,,
460454,,1,,
460455,,1,,
460457,,,2,
460467,,,4,
460470,,1,,
460529,,2,,
460530,,1,,
460531,,1,,
460532,,1,,
460533,,1,,
460543,,1,,
460594,,2,,
460602,,4,,
460603,,4,,
460645,,2,,
460646,,2,,
460648,,4,,
460649,,2,,
460650,,2,,
460651,,2,,
460656,,2,,
460700,,1,,
460701,,1,,
460702,,1,,
460703,,,1,
460704,,,1,
460705,,,1,
460706,,2,,
460707,,1,,
460708,,1,,
460709,,1,,
460711,,,6,
460718,,1,,
460762,,2,,
460763,,2,,
460764,,2,,
460765,,2,,
460776,,2,,
460777,,2,,
460778,,4,,
460779,,2,,
460780,,2,,
460781,,4,,
460782,,2,,
460783,,2,,
460784,,2,,
460785,,2,,
460786,,2,,
460787,,2,,
460788,,2,,
460804,,2,,
460805,,2,,
460806,,2,,
460807,,4,,
460808,,5,,
460811,,4,,
460812,,2,,
460872,,2,,
460879,,4,,
460880,,1,,
460939,,4,,
460942,,2,,
460992,,1,,
460993,,1,,
460994,,1,,
460995,,1,,
460996,,1,,
460997,,1,,
460998,,2,,
460999,,,1,
461000,,,1,
461001,,2,,
461006,,,2,
461065,,,2,
461066,,4,,
461075,,,4,
461086,,2,,
461138,,2,,
461145,,2,2,
461147,,2,,
461184,,2,,
461185,,4,,
461266,,2,,
461267,,2,,
461268,,1,,
461269,,1,,
461270,,2,,
461271,,,1,
461272,,,1,
461273,,,2,
461275,,,2,
461285,,,9,
461286,,2,,
461287,,2,,
461319,,,12,
461326,,,12,
461328,,,20,
461330,,4,,
461331,,4,,
461452,,2,,
461453,,2,,
461454,,1,,
461455,,,1,
461472,,,44,
461614,,4,,
461738,,2,,
461739,,2,,
461740,,2,,
461741,,2,,
461742,,2,,
461743,,2,,
461744,,2,,
461745,,2,,
461746,,2,,
461747,,2,,
461748,,2,,
461749,,2,,
461750,,2,,
461754,,,4,
461755,,,4,
461756,,2,,
461757,,3,,
461758,,2,,
461759,,3,,
461765,,6,,
461766,,4,,
461767,,2,,
461780,,,4,
461781,,,4,
461782,,,2,
461783,,,4,
461784,,,4,
461785,,,4,
461786,,,8,
462273,,2,,
462274,,2,,
462307,,,16,
462348,,2,,
462349,,2,,
462350,,1,,
462351,,1,,
462352,,2,,
462353,,2,,
462354,,2,,
462355,,1,,
462356,,1,,
462357,,2,,
462358,,2,,
462362,,,2,
462363,,2,,
462365,,4,,
