ID,Cards Accepted
82833,
82834,
82837,
82838,
82839,
82840,
82842,
82904,
82906,
82911,
82912,
82915,
82916,
82918,
82919,
82920,
82921,
82922,
82924,
82925,
82927,
82929,
82930,
82931,A Cash Checks M V
82932,
82933,A Cash Debit M V
82935,
82937,
82938,
82939,
82940,
82943,
82950,
82952,
82956,
82957,
82958,
82970,
82972,
82973,A Cash Debit M V
82976,
82981,
82987,
82990,
82991,
82994,
82999,
83005,
83016,
83019,
83021,
83026,
83035,
83042,
83046,
83048,
83050,
83053,
83054,
83055,
83057,
83073,
83074,
83077,
83078,
83079,
83081,
83082,
83083,
83084,
83088,
83089,
83090,
83092,
83093,
83095,
83096,
83097,
83098,Proprietor
83099,
83102,
83103,
83105,
83108,
83111,
83113,
83115,
83116,
83117,
83122,
83123,
83124,
83129,
83130,
83133,
83135,
83138,
83145,
83151,
83153,
83160,
83162,
83168,
83170,A Cash Debit M V
83182,
83186,
83191,
83192,
83196,Cash
83198,
83199,
83201,
83207,
83208,
83210,
83212,
83213,
83218,
83221,
83223,
83226,
83231,
83251,
83257,Cash Debit M V
83258,
83264,
83267,
83271,
83277,
83280,
83287,
83289,
83290,
83292,
83298,
83300,Cash
83301,
83304,
83307,A D Debit M V
83310,
83312,
83315,
83317,
83320,Debit
83321,
83322,
83323,
83324,
83326,CREDIT Debit M
83329,
83332,
83334,
83336,
83337,
83339,
83341,
83353,
83360,
83362,
83367,
83370,
83372,
83373,
83377,
83380,
83381,
83383,
83388,
83390,
83391,
83399,
83401,
83405,
83406,
83408,
83409,
83410,A D Debit M V
83415,
83416,
83419,
83423,
83427,
83432,
83434,
83443,
83446,
83448,
83450,
83456,
83491,
83515,
83516,
83517,
83518,
83521,
83527,
83529,
83532,
83533,
83534,
83536,
83537,
83539,
83540,Cash CREDIT Debit
83543,
83545,
83546,
83547,
83550,
83552,
83561,
83562,
83565,
83566,
83567,
83569,
83570,
83571,
83576,
83577,
83578,
83580,
83585,
83589,
83592,
83593,
83598,
83609,
83610,
83612,
83613,
83617,
83620,
83621,
83626,CREDIT
83627,
83633,
83647,
83649,
83650,
83652,
83660,
83665,
83680,
83688,
83713,
83714,
83718,
83725,
83726,Debit M V
83727,
83730,
83732,
83733,
83736,
83743,
83745,
83746,
83753,
83758,
83760,Debit M V
83761,
83763,
83767,
83769,
83772,
83773,
83775,
83787,
83789,
83793,
83794,
83795,
83797,
83804,
83807,
83811,
83814,
83815,
83817,
83821,
83822,
83824,
83828,
83830,
83832,Cash M V
83834,
83836,
83837,
83839,
83842,
83843,
83844,
83845,
83857,
83869,
83879,
83882,
83897,
83899,
83914,
83915,
83916,
83919,
83922,
83942,
83943,
83945,
83952,
83955,
83966,
83969,
83973,
83982,
83985,
83992,
84017,
84028,
84031,
84038,CREDIT Debit
84039,
84042,
84048,
84049,
84054,
84055,
84063,
84065,
84066,
84090,
84118,
84120,
84123,
84125,
84130,
84135,
84137,
84140,
84142,
84143,
84159,
84165,
84170,
84171,Cash CREDIT Debit M V
84172,
84175,
84178,
84182,
84184,
84188,
84189,
84191,
84192,CREDIT M V
84194,
84195,
84196,
84197,
84198,
84200,
84207,A Cash D Debit M V
84209,
84210,
84211,
84216,
84217,
84218,
84221,
84222,
84224,
84225,
84226,
84227,
84228,
84231,
84232,
84233,
84234,Cash
84237,
84239,
84240,
84241,
84242,
84247,
84253,
84257,
84259,
84262,
84264,
84266,
84270,A Cash D Debit M V
84272,
84278,
84279,
84280,
84283,
84285,
84288,
84305,
84306,
84307,
84308,A ANDROID_PAY APPLE_PAY CREDIT Debit M V
84313,
84320,
84321,
84322,
84330,
84331,
84335,
84337,
84338,
84339,
84345,
84346,Cash
84350,Cash
84352,
84361,
84370,
84372,
84376,
84379,
84382,
84384,
84385,
84388,A CREDIT D M V
84393,
84406,
84409,
84411,
84416,
84419,
84421,
84429,
84432,
84435,Cash CREDIT Debit M V
84441,
84443,
84457,Cash
84458,
84461,
84467,Cash Debit M V
84472,
84480,
84500,
84503,
84505,
84506,
84509,
84510,
84511,
84512,
84513,
84515,
84519,
84524,
84526,
84529,
84536,
84545,
84546,
84553,
84554,
84555,
84558,
84559,
84561,
84566,
84579,
84589,A M V
84648,
84650,
84651,
84654,
84661,
84662,
84664,
84668,
84674,
84678,
84680,
84683,
84684,
84685,
84689,
84690,A Cash Debit M V
84693,
84696,
84706,
84707,
84711,
84715,Cash
84718,
84719,
84722,
84726,
84732,
84738,
84744,
84746,
84748,
84772,
84774,
84777,
84779,
84780,
84838,
84839,
84840,
84847,
84848,
84850,
84851,
84855,
84858,
84862,
84867,Debit M V
84868,Cash
84873,
84874,
84884,
84888,
84894,
84895,
84897,
84898,
84901,
84904,
84906,
84910,
84913,
84914,
84917,
84921,
84922,
84924,
84925,
84926,
84927,
84928,
84931,
84933,
84934,
84935,
84936,
84939,
84942,
84943,
84944,
84952,
84963,
84964,
84967,
84968,
84970,
84973,
84974,
84977,
84988,
84990,
84991,
84993,
84995,
84996,
84997,
84998,
85006,
85009,
85013,
85014,
85016,
85019,
85030,Cash
85034,
85050,
85067,
85109,
85126,
85127,
85135,
85148,
85155,
85163,
85188,
85193,
85198,
85200,
85207,
85216,
85226,CREDIT
85228,
85231,
85241,Wright_Exp
85253,
85293,
85315,
85323,
85324,
85330,
85333,
85336,Cash Debit M V
85338,
85339,
85341,
85349,
85366,
85784,
86805,
86832,
86833,
86834,
87663,
87664,CREDIT
87665,
87668,
88036,
88062,
88063,
88075,
88193,
88194,
88195,
88196,
88197,
88198,
88200,
88201,
88202,
88203,
88204,
88205,
88207,
88208,
88209,
88223,
88661,
88662,
88663,
88666,
88667,A M V
88669,
88688,
88690,
89925,
89927,
91168,
91182,
91184,
91392,
91401,
91455,
91577,
91596,
91604,
91620,
91647,
91654,
91880,
91896,
91897,Cash
91990,
91994,
92528,
92553,
93802,
94380,
94465,
94466,
94467,
94468,
94469,
94470,
94474,
94484,
94491,
94551,
94552,
94915,
94916,
94918,
94919,
94968,
97050,
97083,
98462,
98517,
98518,Cash
98548,
98774,
98775,
99411,
99455,
99457,
99458,
99459,
99592,
99857,
99858,
100308,
100437,
100502,
100504,
100560,
102707,
103130,
103841,
103842,
104041,
104229,
104325,
104326,
104327,
104328,
104329,
104330,
104331,
104332,
104334,
104355,
104356,
104357,
104402,
104422,
104524,
104525,
104527,
104540,
104700,
104701,
104702,
104703,
104720,
104760,
104790,
104808,
104844,
104910,
104911,
104912,
104913,
104914,
104915,
105095,
105110,
105112,
105121,
105215,
105282,
105283,
105317,
105353,
105355,
105474,
105475,
105477,
105571,
116255,
116256,
116258,
116259,
116260,
116261,
116262,
116263,
116264,
116265,
116266,
116267,
116268,
116270,
116271,
116272,
116273,
116275,
116276,
116277,
116278,
116279,
116281,
116282,
116283,
116284,
116285,
116286,
116287,
116289,
116290,
116291,
116292,
116295,
116296,
116297,
116298,
116299,
116300,
116301,
116302,
116303,
116304,
116305,
116307,
116308,
116309,
116310,
116311,
116312,
116313,
116314,
116315,
116317,
116318,
116319,
116320,
116321,
116322,
116324,
116325,
116326,
116327,
116328,
116330,
116331,
116332,
116333,
116334,
116335,
116336,
116337,
116338,
116339,
116340,
116341,
116342,
116343,
116344,
116345,
116346,
116347,
116348,
116349,
116350,
116351,
116352,
116353,
116354,
116355,
116356,
116357,
116358,
116359,
116360,
116362,
116363,
116364,
116365,
116366,
116368,
116369,
116370,
116371,
116373,
116374,
116375,
116377,
116378,
116379,
116380,
116381,
116382,
116383,
116384,
116385,
116386,
116387,
116388,
116389,
116390,
116391,
116392,
116393,
116394,
116395,
116396,
116398,
116399,
116400,
116401,
116402,
116403,
116404,
116405,
116406,
116407,
116408,
116409,
116410,
116411,
116412,
116413,
116414,
116415,
116416,
116417,
116418,
116419,
116420,
116421,
116422,
116423,
116426,
116427,
116428,
116429,
116430,
116431,
116432,
116433,
116434,
116435,
116436,
116437,
116438,
116439,
116440,
116441,
116442,
116443,
116444,
116445,
116446,
116447,
116448,
116449,
116450,
116451,
116452,
116453,
116454,
116455,
116456,
116457,
116458,
116459,
116460,
116461,
116462,
116463,
116464,
116465,
116466,
116467,
116468,
116469,
116470,
116471,
116472,
116473,
116474,
116475,
116477,
116478,
116479,
116480,
116481,
116482,
116483,
116485,
116486,
116487,
116488,
116489,
116490,
116491,
116492,
116493,
116494,
116495,
116496,
116497,
116498,
116499,
116500,
116501,
116502,
116503,
116505,
116506,
116507,
116508,
116509,
116510,
116511,
116512,
116513,
116514,
116515,
116517,
116518,
116519,
116520,
116521,
116522,
116523,
116524,
116525,
116526,
116530,
116531,
116532,
116533,
116534,
116535,
116536,
116537,
116538,
116539,
116540,
116541,
116542,
116543,
116544,
116545,
116546,
116547,
116548,
116549,
116550,
116552,
116553,
116554,
116556,
116557,
116558,
116559,
116560,
116561,
116562,
116563,
116564,
116566,
116567,
116568,
116569,
116570,
116571,
116572,
116573,
116574,
116575,
116576,
116577,
116578,
116579,
116580,
116581,
116582,
116583,
116584,
116585,
116586,
116587,
116588,
116590,
116591,
116594,
116595,
116596,
116597,
116598,
116599,
116600,
116601,
116602,
116603,
116604,
116605,
116606,
116612,
116613,
116614,
116615,
116616,
116617,
116618,
116619,
116620,
116621,
116622,
116624,
116625,
116628,
116629,
116630,
116631,
116632,
116633,
116634,
116635,
116636,
116637,
116639,
116640,
116641,
116643,
116644,
116646,
116648,
116649,
116651,
116652,
116653,
116656,
116657,
116658,
116660,
116662,
116663,
116664,
116665,
116666,
116667,
116668,
116669,
116670,
116671,
116672,
116673,
116674,
116675,
116676,
116677,
116678,
116679,
116680,
116681,
116682,
116683,
116685,
116686,
116687,
116688,
116689,
116690,
116691,
116692,
116693,
116694,
116695,
116696,
116697,
116698,
116699,
116700,
116701,
116702,
116703,
116705,
116706,
116708,
116709,
116710,
116711,
116712,
116713,
116739,
116831,
116947,
116995,
117164,
117209,
117210,
117233,
117363,
117487,
117488,
117532,
117549,
117581,
117689,
117690,
117706,
117764,
117789,
117838,
117840,
117841,
118325,
118344,
118689,
118712,
118733,
118734,
118920,
118980,
118985,
118986,
118988,
119060,
119078,
120899,
120900,
120901,
120921,
120922,
121041,
121042,
121060,
121062,
121133,
121250,
121251,
121252,
121276,
121277,
121278,
121367,
121368,
121369,
121370,
121494,
121558,
121586,
121620,
122250,
122251,
122252,
122253,
122254,
122255,
122256,
122257,
122258,
122267,
122268,
122269,
122274,
122276,
122277,
122278,
122280,
122284,
122286,
122287,
122288,
122294,
122299,
122301,
122302,
122313,
122314,
122315,
122316,
122317,
122318,
122320,
122321,
122327,
122330,
122336,
122337,
122338,
122340,
122347,
122354,
122355,
122356,
122361,
122362,
122363,
122364,
122365,
122367,
122506,
122507,
122508,
122509,
122510,
122511,
122512,
122513,
122514,
122515,
122516,
122517,
122530,
122531,
122532,
122534,
122535,
122536,
122537,
122538,
122539,
122541,
122777,
122831,
122927,
122928,
122929,
122930,
122931,
122932,
122933,
122934,
122935,
122937,
122941,
122951,A Cash Debit M V
123005,
123006,
123034,
123475,
123476,
123541,
123574,
123575,
123576,
123577,
123630,
123678,
123707,
123763,
123987,
124131,
124825,
125755,
126265,
126635,
129365,
129376,
129381,
129398,
129404,
129406,
129423,
129429,
129456,
129457,
129459,
129460,
129461,
129462,
129463,
129464,
129465,
129466,
129468,
129469,
129470,
129472,
129474,
129475,
129476,
129477,
129478,
129479,
129480,
129481,
129482,
129483,
129484,
129485,
129486,
129487,
129488,
129490,
129491,
129492,
129493,
129494,
129495,
129497,
129499,
129500,
129503,
129504,
129505,
129506,
129507,
129510,
129512,
129513,
129514,
129519,
129520,
129521,
129522,
129523,
129525,
129527,
129530,
129531,
129532,
129533,
129534,
129538,
129539,
129543,
129544,
129545,
129546,
129547,
129549,
129550,
129552,
129553,
129554,
129555,
129556,
129557,
129558,
129560,
129561,
129562,
129563,
129565,
129567,
129568,
129569,
129570,
129571,
129572,
129573,
129574,
129575,
129577,
129578,
129579,
129580,
129581,
129582,
129583,
129587,
129588,
129589,
129590,
129591,
129592,
129593,
129594,
129595,
129596,
129597,
129598,
129599,
129602,
129603,
129604,
129606,
129608,
129609,
129610,
129611,
129612,
129613,
129616,
129617,
129618,
129620,
129621,
129622,
129623,
129624,
129627,
129629,
129630,
129632,
129633,
129636,
129637,
129638,
129639,
129640,
129641,
129643,
129644,
129645,
129646,
129647,
129648,
129649,
129650,
129651,
129652,
129653,
129654,
129656,
129657,
129658,
129660,
129661,
129662,
129665,
129666,
129667,
129669,
129671,
129672,
129673,
129674,
129675,
129676,
129677,
129678,
129679,
129680,
129681,
129682,
129683,
129685,
129686,
129687,
129688,
129691,
129692,
129693,
129694,
129695,
129696,
129697,
129698,
129700,
129701,
129702,
129703,
129704,
129705,
129706,
129707,
129708,
129710,
129712,
129713,
129714,
129715,
129717,
129718,
129719,
129720,
129721,
129722,
129725,
129727,
129728,
129729,
129730,
129732,
129733,
129734,
129736,
129738,
129739,
129740,
129741,
129742,
129744,
129746,
129747,
129749,
129750,
129752,
129753,
129754,
129755,
129756,
129757,
129759,
129760,
129761,
129762,
129764,
129765,
129766,
129767,
129768,
129769,
129772,
129773,
129774,
129776,
129778,
129779,
129780,
129781,
129782,
129783,
129784,
129786,
129787,
129788,
129789,
129790,
129791,
129792,
129793,
129794,
129795,
129799,
129800,
129801,
129802,
129805,
129806,
129808,
129810,
129812,
129813,
129816,
129817,
129818,
129819,
129820,
129821,
129823,
129828,
129832,
129835,
129837,
129838,
129839,
129841,
129843,
129844,
129845,
129846,
129847,
129848,
129849,
129850,
129851,
129852,
129853,
129854,
129855,
129856,
129857,
129859,
129861,
129862,
129863,
129864,
129865,
129866,
129867,
129868,
129869,
129870,
129871,
129872,
129874,
129875,
129876,
129878,
129879,
129881,
129885,
129886,
129888,
129892,
129893,
129894,
129895,
129896,
129897,
129900,
129901,
129903,
129904,
129905,
129906,
129907,
129909,
129910,
129912,
129914,
129915,
129918,
129919,
129920,
129921,
129922,
129923,
129926,
129927,
129928,
129929,
129930,
129931,
129932,
129934,
129937,
129938,
129939,
129940,
129941,
129943,
129944,
129945,
129948,
129949,
129950,
129953,
129954,
129955,
129956,
129957,
129959,
129960,
129961,
129962,
129965,
129966,
129967,
129968,
129969,
129970,
129973,
129974,
129975,
129976,
129977,
129978,
129983,
129985,
129986,
129988,
129991,
129992,
129993,
129994,
129995,
129998,
129999,
130001,
130003,
130004,
130007,
130008,
130011,
130012,
130013,
130014,
130016,
130017,
130018,
130019,
130020,
130021,
130022,
130023,
130024,
130029,
130030,
130031,
130033,
130034,
130036,
130037,
130038,
130039,
130041,
130042,
130044,
130045,
130046,
130047,
130049,
130052,
130053,
130054,
130055,
130056,
130058,
130060,
130061,
130062,
130063,
130064,
130065,
130066,
130068,
130069,
130070,
130071,
130073,
130074,
130075,
130076,
130078,
130081,
130083,
130084,
130086,
130087,
130088,
130090,
130093,
130094,
130095,
130096,
131987,
132322,
134006,
136701,
137141,
137639,
139502,
139981,
139991,
139999,
140000,
142576,
143119,
143120,
143831,
143929,
143973,
143974,
144060,
144061,
144062,
144163,
144360,
144521,
144522,
145007,
145008,
145009,
145030,
145092,
145208,
145230,
145231,
145242,
145321,A APPLE_PAY CREDIT Debit M V
145322,
145345,
145374,
145399,
145402,
145458,
145678,
145698,
145702,
145703,
145704,
145705,
145706,
145707,
145708,
145710,
145711,
145712,
145713,
145715,
145716,
145717,
145719,
145721,
145723,
145727,
145729,
145731,
145732,
145733,
145750,
146564,
146703,
146704,
146705,
146877,
146995,
146996,
147029,
147030,
147057,
147063,
147203,
147228,
147367,
147373,
147374,
147375,
147408,
147437,
147479,
147480,
147482,
147516,
147600,
147650,
147651,
147652,
149095,
149096,
149120,
149121,
149122,
149123,
149154,
149191,
149195,
149196,
149215,
149217,
149218,
149219,
149259,
149278,
149282,
149307,
149338,
149362,
149383,
149388,
149389,
149390,
149422,
149423,
149451,
149527,
149640,
149642,
149648,
149673,
149734,
149742,
149743,
149744,
149764,
149794,
149835,
149884,
149885,
149895,
149896,
149897,
149898,
149899,
149901,
149943,
149944,
149947,
150006,
150010,
150272,
150273,
150320,
150321,
150322,
150323,
150327,
150328,
150329,
150330,
150359,
150382,
150387,
150388,
150389,
150390,
150473,
150493,
150496,
150500,
150503,
150507,
150509,
150514,
150515,
150516,
150518,
150519,
150545,
150549,
150588,
150625,
150626,
150627,
150628,
150629,
150646,
150654,
150655,
150674,
150679,
150698,
150703,
150704,
150707,
150719,
150721,
150727,
150728,
150747,
150816,
151930,
151931,
152308,
152309,
152397,
152418,
152476,
152514,
152535,
152536,
152537,
152553,
152554,
152578,
152896,
152897,
153065,
153108,
153126,
153127,
153128,
153129,
153202,
153208,
153242,
153243,
153244,
153273,
153274,
153316,
153317,
153344,
153345,
153407,
153408,
153409,
153413,
153414,
153415,
153416,
153418,
153421,
153423,
153426,
153427,
153428,
153430,
153432,
153435,
153436,
153437,
153439,
153440,
153444,
153446,
153447,
153448,
153450,
153452,
153455,
153457,
153458,
153459,
153460,
153603,
153607,
153621,
153625,
153626,
153657,
153838,
153839,
153840,
153841,
153877,
153891,
153892,
153917,
153948,
154151,
154189,
154190,
154280,
154281,
154309,
154310,
154343,
154394,
154486,
154491,
154562,
154610,
154622,
154712,
154788,
154825,
155144,
155252,
155253,
155267,
155434,
155472,
155473,
155474,
155475,
155478,
155479,
155480,
155558,
156067,
156088,
156303,
156328,
156329,
156330,
156488,
156650,
156664,
156675,
156686,
156687,
156688,
156737,
156738,
156742,
156756,
156764,
156770,
156788,
156821,
157682,
157697,
157718,
157791,
157812,
157816,
157834,
157836,
157837,
157844,
157846,
157888,
157889,
157890,
157891,
157892,
157893,
158028,
158057,
158185,
158209,
158211,
158251,
158291,
158292,A APPLE_PAY CREDIT Debit M V
158294,
158320,
158521,
158522,
158539,
158540,
158542,
158543,
158544,
162850,
162851,
162853,
162858,
162864,
162865,
162866,
162872,
162877,
162878,
162880,
162881,
162882,
162883,
162884,
162885,
162888,
162889,
162891,
162895,
162896,
162898,
162899,
162901,
162902,
162904,
162905,
162907,
162908,
162911,
162913,
162919,
162920,
162921,
162924,
162925,
162926,
162928,
162930,
162931,
162933,
162942,
162945,
162948,
162951,
162957,
162959,
162965,
162967,
162972,
162983,
162984,
162987,
162990,
162995,
163000,
163002,
163005,
163008,
163009,
163015,
163016,
163017,
163018,
163020,
163021,
163029,
163035,
163037,
163038,
163040,
163041,
163042,
163043,
163053,
163055,
163060,
163064,
163065,
163066,
163068,
163073,
163074,
163076,
163078,
163079,
163080,
163081,
163082,
163083,
163084,
163087,
163090,
163091,
163092,
163093,
163094,
163095,
163098,
163100,
163102,
163104,
163110,
163114,
163115,
163123,
163124,
163127,
163131,
163132,
163133,
163134,
163135,
163138,
163141,
163142,
163143,
163146,
163148,
163149,
163155,
163156,
163169,
163170,
163171,
163172,
163173,
163174,
163178,
163180,
163187,
163190,
163192,
163193,
163196,
163207,
163212,
163217,
163220,
163226,
163227,
163229,
163236,
163237,
163240,
163241,
163242,
163244,
163245,
163246,
163248,
163249,
163252,
163255,
163259,
163270,
163318,
163429,
163430,
163520,
163652,
163741,
163742,
163834,
163835,
163836,
164038,
164058,
164214,
164215,
164216,
164363,
164364,
164365,
164435,
164437,
164438,
164439,
164453,
164454,
164455,
164456,
164457,
164461,
164463,
164464,
164465,
164466,
164513,
164614,
164829,
164830,
164866,
165186,
165234,
165293,
165318,
165342,
165374,
165375,
165376,A APPLE_PAY CREDIT Debit M V
165377,A APPLE_PAY CREDIT Debit M V
165378,A APPLE_PAY CREDIT Debit M V
165379,A APPLE_PAY CREDIT Debit M V
165416,A APPLE_PAY CREDIT Debit M V
165518,
165569,
165581,
165582,
165817,
165838,
166777,
166831,
166886,
166927,
166957,
166958,
166990,
166991,
167050,
167078,
167079,
167148,
167168,
167238,
167239,
167356,
167357,
167399,
167412,
167477,
167493,
167565,
167566,
167567,
167568,
167570,
167896,
167898,
167899,
167985,
168008,
168009,
168017,
168085,
168110,
168118,
168153,
168182,
168183,
168185,
168203,
168204,
168205,
168209,
168210,
168212,
168239,
168336,
168340,
168492,
168493,
168535,
168536,
168541,
168550,
168562,
168575,
168594,
168596,
168599,
168612,
168624,
168732,
168758,
168765,
168775,
168795,
168816,
168818,
168841,
168854,
168859,
168914,
168927,
168932,
168939,
168944,
169003,
169025,
169037,
169038,
169066,
169075,
169086,
169114,
169143,
169148,
169150,
169154,
169157,
169176,
169181,
169199,
169208,
169218,
169224,
169225,
169238,
169264,
169265,
169385,
169415,
169511,
169514,
169655,
169658,
169663,CREDIT
169670,
169671,
169672,
169674,
169676,
169678,
169681,
169682,
169683,
169684,
169685,
169687,
169919,
169920,
169922,
169923,
169925,
169926,
169982,
169983,
169984,
169985,
170008,
170009,
170037,
170154,
170155,
170249,
170256,
170257,
170258,
170371,
170372,
170374,
170375,
170415,
170421,
170439,
170514,
170691,
170692,
170693,
170694,
170987,
171246,
171266,
171267,
171315,
171316,
171317,
171351,
171352,
171411,
171412,
171413,
171415,
171426,
171427,
171428,
171429,
171439,
171440,
171480,
171481,
173032,
173033,
173037,
173038,
173039,
173041,
173043,
173046,
173103,
173104,
173105,
173106,
173107,
173108,
173109,
173110,
173111,
173112,
173113,
173114,
173286,
173321,
173322,
173323,
173324,
173325,
173326,
173327,
173328,
173329,
173330,
173331,
173332,
173333,
173334,
173338,
173358,
173505,
173517,
173519,
173520,
173521,
173522,
173523,
173524,
173525,
173527,
173535,
173554,
173555,
173556,
173557,
173558,
173559,
173563,
173570,
173575,
173578,
173622,
173623,
173624,
173625,
173626,
173636,
173639,
173688,
173735,
173736,
173769,
173770,
173771,
173772,
173773,
173774,
173775,
173776,
173792,
173812,
173814,
173815,
173816,
173838,
173839,
173840,
173841,
173842,
173843,
173844,
173845,
173846,
173883,
173915,
173946,
173957,
174095,
174121,
174141,
174157,
174158,
174159,
174160,
174161,
174162,
174163,
174164,
174165,
174459,
174460,
174462,
174468,
174627,
174677,
174683,
174788,
174789,
174790,
174807,
174812,
174813,
174845,
174846,
174847,
174848,
174849,
174998,
174999,
175148,
175149,
175150,
175151,
175152,
175153,
175159,
175379,
175410,
175502,
175773,
180357,
180367,
180369,
180370,
180371,
180373,
180379,
180380,
180381,
180382,
180383,
180384,
180388,
180389,
180390,
180391,
180395,
180396,
180397,
180398,
180402,
180406,
180407,
180411,
180418,
180424,
180425,
180427,
180430,
180441,
180448,
180449,
180450,
180451,
180452,
180453,
180454,
180455,
180456,
180457,
180458,
180459,
180460,
180461,
180462,
180463,
180466,
180467,
180468,
180476,
180477,
180485,
180486,
180487,
180488,
180489,
180490,
180492,
180493,
180494,
180495,
180496,
180497,
180499,
180501,
180502,
180504,
180506,
180507,
180508,
180528,
180529,
180530,
180531,
180532,
180533,
180534,
180535,
180536,
180537,
180538,
180540,
180541,
180542,
180546,
180547,
180548,
180559,
180560,
180561,
180563,
180564,
180893,
180894,
181712,
181713,
182461,
182468,
182574,
182575,
182576,
182604,
182648,
182664,
182694,
182695,
182718,
182757,
182775,
182776,
182777,
182779,
182780,
182781,
182783,
182789,
182790,
182792,
182796,
182797,
182800,
182801,
182808,
182809,
182823,
182824,
182944,
182956,
182974,
183003,
183004,
183005,
183007,
183234,
183235,
183556,
183557,
183671,
183727,
183728,
183729,
183730,
183749,
183750,
183860,
184136,
184179,
184182,
184191,
184193,
184227,
184228,
184917,
184982,
185124,
185125,
185157,
185160,
185191,
185313,
185345,
185376,
185406,
185461,
185485,
185550,
185657,
185741,
185928,
185929,A D Debit M V
185930,A D Debit M V
185931,A D Debit M V
185932,A D Debit M V
185933,A D Debit M V
185935,A D Debit M V
185936,A D Debit M V
185939,A D Debit M V
185940,A D Debit M V
185943,A D Debit M V
185944,A D Debit M V
185949,A D Debit M V
185950,A D Debit M V
185951,A D Debit M V
185952,A D Debit M V
185953,A D Debit M V
185956,A D Debit M V
185957,A D Debit M V
185960,A D Debit M V
185961,A D Debit M V
185964,A D Debit M V
185966,A D Debit M V
185967,A D Debit M V
185971,A D Debit M V
185974,A D Debit M V
185975,A D Debit M V
185976,A D Debit M V
185979,A D Debit M V
185980,A D Debit M V
185981,A D Debit M V
185984,A D Debit M V
185985,A D Debit M V
185986,A D Debit M V
185987,A D Debit M V
185989,A D Debit M V
185990,A D Debit M V
185991,A D Debit M V
185993,A D Debit M V
185994,A D Debit M V
185995,A D Debit M V
185998,A D Debit M V
185999,A D Debit M V
186003,A D Debit M V
186005,A D Debit M V
186006,A D Debit M V
186007,A D Debit M V
186008,A D Debit M V
186053,A D Debit M V
186090,
186100,
186101,D Debit M V
186139,D Debit M V
186140,
186162,
186251,
186252,
186253,
186254,
186255,
186256,
186284,
186285,
186292,
186293,
186328,
186329,
186391,
186392,
186408,
186568,
186595,
186650,
186723,
186724,
186732,
186750,
186783,
186863,
187092,
187095,
187126,
187241,
187245,
187552,
187619,
187620,
187649,
187656,
187762,
187787,
187788,
187794,
187812,A D M V
187909,
187910,
187912,
187913,
187941,
187991,
187992,
187994,
188025,
188082,
188083,
188131,
188967,
189089,
189156,
189157,
189158,
189159,
189160,
189161,
189162,
189163,
189164,
189165,
189166,
189167,
189168,
189169,
189232,
189259,
189393,
189394,
189557,
189652,
189805,
189806,
189821,
189822,
189823,
189845,
189846,
189967,
189968,
190018,
190019,
190088,
190195,
190196,
190197,
190313,
190314,
190315,
190385,
190672,
190673,
190715,
190716,
190717,
190718,
190719,
190720,
190722,
190723,
190756,
190764,
190771,
190777,
190778,
190848,
190878,
190879,
190922,
190923,
191000,
191042,
191160,
191162,
191257,
191411,
191412,
191461,
191462,
191477,
191547,
191548,
191549,
191591,
191592,
191633,
191634,
191635,
191679,
191680,
191732,
191734,
192611,
192612,
192631,
192651,
192705,
192838,
192845,
192919,
192948,
192979,
193081,
193091,
193092,
193094,
193095,
193145,
193148,
193154,
193155,
193156,
193157,
193213,
193214,
193261,
193262,
193263,
193264,
193265,
193302,
193303,
193363,
193364,
193365,
193366,
193406,
193473,
193509,
193511,
193519,
193542,
193588,
193814,
193815,
193820,
193861,
193872,
193889,
193890,
193940,
193994,
194124,
194143,
194175,
194189,
194190,
194203,
194225,
194297,
194298,
194300,
194331,
194645,
194982,
195087,
195666,
195748,
195773,
195774,
195868,
195880,
195882,
195883,
195884,
195900,
195901,
195902,
195909,
195910,
195976,
196025,
196026,
196148,
196149,
196150,
196159,
196160,
196161,
196162,
196163,
196164,
196186,
196187,
196238,
196280,
196327,
196334,
196371,
196429,
196439,
196466,
196467,
196511,
196512,
196595,
196597,
196600,
197077,
197078,
197079,
197080,
197081,
197088,
197091,
197117,
197118,
197139,
197140,
197146,
197170,
197395,
197396,
197411,
197413,
197557,
197569,
197571,
197572,
197573,
197682,
197684,
197685,
197756,
197758,
197760,
197792,
197793,
197794,
197795,
197796,
197797,
197798,
197799,
197800,
197802,
197804,
197854,
197898,
197935,
197936,
197937,
197957,
197973,
197974,
197975,
197976,
197977,
197978,
197979,
197980,
198040,
198053,
198054,
198055,
198056,
198057,
198058,
198059,
198060,
198061,
198062,
198063,
198064,
198065,
198066,
198067,
198068,
198069,
198071,
198100,
198118,
198163,
199035,
199106,
199107,
199386,
199387,
199388,
199443,
199444,
199445,
199447,
199448,
199498,
199506,
199507,
200472,
200473,
200526,
200527,
200528,
200530,
200531,
200532,
200533,
200534,
200536,
200537,
200541,
200542,
200543,
200544,
200546,
200547,
200548,
200549,
200550,
200551,
200552,
200553,
200556,
200597,A D Debit M V
200687,
200758,
200759,
200760,
200804,
200805,
200807,
200808,
200809,
200810,
200811,
200813,
200814,
200815,
200816,
200818,
200821,
200822,
200825,
200827,
200835,
200839,
200841,
200842,
200853,
200854,
200855,
200856,
200858,
200951,
200952,
201036,
201039,
201056,
201093,
201096,
201250,
201254,
201255,
201256,
201257,
201258,
201260,
201261,
201262,
201267,
201269,
201270,
201271,
201273,
201275,
201277,
201278,
201279,
201280,
201281,
201282,
201283,
201284,
201285,
201287,
201289,
201290,
201291,
201333,
201337,A D Debit M V
201341,A D Debit M V
201344,A ANDROID_PAY APPLE_PAY CREDIT D Debit M V
201345,A D Debit M V
201425,A D Debit M V
201427,
201428,
201429,
201430,
201431,
201432,
201433,
201434,
201435,
201460,
201461,
201462,
201488,
201491,
201541,
201543,
201544,
201552,
201576,
201632,
201634,
201643,
201648,
201649,
201650,
201651,
201652,
201658,
201659,
201660,
201685,
201686,A D Debit M V
201690,A D Debit M V
201693,A D Debit M V
201695,A D Debit M V
201701,A D Debit M V
201702,A D Debit M V
201703,A D Debit M V
201704,A D Debit M V
201705,A D Debit M V
201706,A D Debit M V
201707,A D Debit M V
201708,A D Debit M V
201709,A D Debit M V
201710,A D Debit M V
201711,A D Debit M V
201712,A D Debit M V
201713,A D Debit M V
201714,A D Debit M V
201716,A D Debit M V
201717,A D Debit M V
201720,A D Debit M V
201721,A D Debit M V
201723,A D Debit M V
201727,A D Debit M V
201728,A D Debit M V
201729,A D Debit M V
201730,A D Debit M V
201731,A D Debit M V
201733,A D Debit M V
201734,A D Debit M V
201735,A D Debit M V
201737,A D Debit M V
201738,A D Debit M V
201740,A D Debit M V
201744,A D Debit M V
201745,A D Debit M V
201746,A D Debit M V
201747,A D Debit M V
201748,A D Debit M V
201749,A D Debit M V
201750,A D Debit M V
201752,A D Debit M V
201753,A D Debit M V
201754,A D Debit M V
201755,A D Debit M V
201756,A D Debit M V
201785,A D Debit M V
201842,
201916,
201917,
201918,
202053,
202054,
202077,
202104,
202105,
202162,
202261,
202309,
202345,
202348,
202349,
202350,
202351,
202454,
202484,
202496,
202497,A D Debit M V
202498,
202499,A D Debit M V
202500,
202501,
202502,
202504,
202505,
202506,
202508,
202509,
202511,
202565,
202566,
202567,
202568,
202646,
202647,A D Debit M V
202648,A D Debit M V
202765,
202817,
202818,
202819,
202820,
202832,
202872,
202874,
202875,
202876,
202877,
202878,
202879,
202880,
202927,
202929,
202971,
202973,
202974,
203024,
203025,
203093,
203094,
203129,
203141,
203270,
203271,A D Debit M V
203272,A D Debit M V
203305,A D Debit M V
203334,
203370,
204317,
204318,
204356,
204357,
204358,
204375,
204385,
204386,
204387,
204402,
204436,
204437,
204439,
204473,
204474,
204524,
204525,
204632,
204633,
204636,
204676,
204687,
204688,
204690,
204788,
204889,
204891,A D Debit M V
204892,
204893,
204894,
204895,
204896,
204974,
204975,
205006,
205007,
205009,
205010,
205011,
205029,
205030,
205031,
205033,
205090,
205136,
205138,
205216,
205217,
205262,
205278,
205279,
205280,
205281,
205282,
205283,
205339,
205340,
205341,
205342,
205343,
205344,
205345,
205346,
205347,
205348,
205349,
205420,
205623,
205624,
205625,
205674,
205692,
205722,
205772,
205862,A D Debit M V
205863,
205888,
205889,
205935,
205944,
205945,
206002,
206026,
206043,
206176,
206333,
206334,
206336,
206337,
206345,
206394,
206395,
206484,
206527,
206528,
206679,
206680,A D Debit M V
206682,
206683,
206684,
206685,A D Debit M V
206686,A D Debit M V
206687,A D Debit M V
206690,
206691,A D Debit M V
206702,
206717,
206718,
206720,
206721,
206722,
206765,
206775,
206776,
206869,
206870,
206938,
207142,
207189,
207201,
207331,
207348,
207374,
207377,
207378,
207379,
207380,
207381,
207382,
207383,
207472,
207473,
207484,
207529,
207530,
207567,
207681,A D Debit M V
207682,
207683,
207755,
207847,
207855,
207856,
207857,
207858,
207859,
207860,
207861,
207918,
207919,
207968,
207969,
207970,
208804,
208810,
208823,
208824,
208825,
208826,
208829,
208830,
208831,
208832,
208833,
208841,
208844,
208845,
208847,EFS
208857,
209289,
209292,
209293,
209294,
209296,
209298,
209318,
209319,
209320,
209321,
209322,
209324,
209326,
209327,
209328,
209360,
209364,
209397,
209409,
210154,
210157,
210178,
210181,
210182,
210185,
210186,
210187,
210190,
210191,
210197,
210229,
210230,
210231,
210314,
210325,
210363,
210364,
210365,
210366,
210367,
210368,
210372,
210373,
210380,
210391,
210392,
210395,
210402,
210403,
210404,
210405,
210410,
210415,
210416,
210417,
210486,
210497,
210499,
210504,
210516,
210517,
210538,
210542,
210544,
210617,
210637,
210638,
210639,
210640,
210642,
211323,
211591,
211592,
211593,
211594,
211595,
211596,
211598,
211600,
211601,
211608,
211609,
211610,
211632,
211634,
211751,
211752,
211863,
211864,
211934,
211935,A D Debit M V
211938,
211939,
211992,
211993,
211994,
211995,
212042,
212043,
212052,
212054,
212055,
212056,
212057,
212059,
212060,
212061,
212088,
212089,
212148,
212149,
212152,
212211,
212245,
212246,
212628,
212641,
212723,
212724,
212732,
212733,
212734,
212760,
212930,
212931,
212932,
212933,
212996,
212997,
213029,
213030,
213074,
213164,
213180,A D Debit M V
213181,
213182,
213192,
213197,
213209,
213210,
213211,
213212,
213318,
213341,
213342,
213349,
213360,
213441,
213442,
213444,
213503,
213504,
213505,
213506,
213507,
213571,
213572,
213605,
213607,
213677,
213791,
213792,
213853,
213913,
214125,
214128,
214144,
214280,
214317,
214361,
214722,
214769,
214796,
214894,
214895,
214896,
214897,
214898,
214945,
214948,
214959,
214960,
214961,
214990,
214991,
215002,
215016,
216390,
216400,A D Debit M V
216415,
216416,
216417,
216418,
216419,
216586,
216587,
216588,
216589,
216590,
217171,
217292,
217336,
217355,
217401,
217402,
217403,
217404,
217406,
217429,
217433,
217458,
217459,
218513,
218533,
218534,
218535,
218858,
218859,A CREDIT D Debit M V
218860,A D Debit M V
218862,
218863,A CREDIT D Debit M V
218864,A CREDIT D Debit M V
218865,
218866,A D Debit M V
218867,A D Debit M V
218868,
218870,A D Debit M V
218871,
218872,
218875,
218876,A D Debit M V
218877,A D Debit M V
218879,A CREDIT D Debit M V
218880,
218881,
218882,A D Debit M V
218883,A D Debit M V
218884,A D Debit M V
218885,
218886,A CREDIT D Debit M V
218887,
218890,A CREDIT D Debit M V
218891,A CREDIT D Debit M V
218892,A CREDIT D Debit M V
218893,A D Debit M V
218894,A D Debit M V
218896,A CREDIT D Debit M V
218899,A D Debit M V
218900,
218902,A D Debit M V
218903,A D Debit M V
218904,A D Debit M V
218905,A D Debit M V
218906,A D Debit M V
218907,A D Debit M V
218908,A D Debit M V
218909,A D Debit M V
218910,A D Debit M V
218911,A D Debit M V
218912,A D Debit M V
218913,A D Debit M V
218993,A D Debit M V
219883,
220266,
220267,
220342,
220379,
220399,
220456,
220522,
220523,
220524,
220723,
220725,A D Debit M V
220727,A D Debit M V
220728,
220730,
220731,
220732,
220733,
220734,
220786,
220917,
220918,
220972,
221008,
221267,
221306,
221307,
221521,
221568,
221593,
221866,
221867,A D Debit M V
221868,A D Debit M V
221869,
221870,
221871,
222079,
222081,
222142,
222144,
222145,
222201,
222231,
222572,
222888,
223356,
223364,
223366,
223422,
223424,
223425,
223430,
223431,
223432,
223439,
223476,
223523,
223525,
223564,
223601,
223619,
223621,
223756,
224185,
224186,A D Debit M V
224187,A D Debit M V
224189,A D Debit M V
224369,A D Debit M V
224414,
224515,
224516,
224626,
224661,
224664,
225029,
225030,A D Debit M V
225031,A D Debit M V
225033,A D Debit M V
225036,
225042,
225044,
225046,
225047,
225048,
225049,
225050,
225179,
225241,
225242,
225377,
225399,
225447,
225503,
225504,
225507,
225508,
225575,
225589,
225860,
225861,
225862,
225863,
225864,
225865,
225866,
225867,
225868,
225869,
225870,
225871,
225872,
225874,
225875,
225913,
225917,
225990,
226063,
226106,
226123,
226124,
226125,
226126,
226128,
226129,
226130,
226131,
226132,
226133,
226134,
226135,
226136,
226137,
226138,
226139,
226140,
226141,
226142,
226188,
226552,
226553,A D Debit M V
226760,A D Debit M V
226837,
226838,
226839,
226840,
227109,
227142,A CREDIT D M V
227258,
227316,
227348,
227370,
227445,
227553,
227556,
227608,
227610,
227719,
227782,
227884,
228821,
228843,
228844,
228845,
228846,
228889,
229153,
229154,A D Debit M V
229157,
229160,
229161,A D Debit M V
229162,A D Debit M V
229164,A D Debit M V
229165,A D Debit M V
229166,A D Debit M V
229167,
229168,
229169,
229170,A D Debit M V
229172,A D Debit M V
229173,A D Debit M V
229174,A D Debit M V
229175,A D Debit M V
229177,A D Debit M V
229195,A D Debit M V
229432,
229441,
229443,
229526,
230732,
230733,
230734,
230762,
231058,
231071,
231072,
231073,
231085,
231086,
231709,
231710,A D Debit M V
231824,A D Debit M V
231825,
231832,
231833,
231834,
231838,
231839,
231840,
231841,
231842,
231844,
231845,
231846,
231847,
231849,
231850,
231856,
231857,
231858,
231860,
231861,
231863,
231864,
231865,
231869,
231870,
231872,
231873,
231879,
231880,
231882,
231886,
231887,
231888,
231889,
231890,
231894,
231895,
231896,
231897,
231900,
231901,
231902,
231903,
231904,
231905,
231906,
231907,
231908,
231909,
231910,
231911,
231912,
231913,
231914,
231915,
231917,
231918,
231919,
231920,
231921,
231922,
231923,
231924,
231925,
231926,
231929,
231930,
231931,
231932,
231934,
231936,
231937,
231938,
231939,
231940,
231943,
231944,
231945,
231946,
231947,
231949,
231950,
231951,
231953,
231954,
231955,
231956,
231957,
231958,
231959,
231960,
231961,
231962,
231963,
231965,
231966,
231967,
231968,
231969,
231970,
231971,
231972,
231973,
231974,
231976,
231977,
231980,
231981,
231982,
231983,
231985,
231986,
231989,
231990,
231991,
231992,
231993,
231994,
231995,
231996,
231997,
231998,
231999,
232000,
232001,
232003,
232004,
232005,
232006,
232007,
232008,
232009,
232010,
232011,
232012,
232013,
232014,
232015,
232016,
232017,
232018,
232021,
232022,
232024,
232028,
232029,
232030,
232032,
232033,
232039,
232040,
232041,
232043,
232046,
232049,
232050,
232051,
232053,
232054,
232055,
232056,
232057,
232059,
232060,
232061,
232062,
232063,
232064,
232065,
232066,
232067,
232069,
232070,
232071,
232072,
232074,
232075,
232076,
232077,
232078,
232079,
232080,
232081,
232083,
232084,
232085,
232086,
232087,
232088,
232089,
232090,
232093,
232094,
232095,
232096,
232098,
232099,
232101,
232102,
232103,
232105,
232106,
232107,
232108,
232109,
232110,
232111,
232112,
232113,
232114,
232115,
232116,
232118,
232119,
232121,
232122,
232123,
232124,
232125,
232126,
232127,
232128,
232129,
232130,
232131,
232132,
232133,
232134,
232135,
232136,
232137,
232138,
232139,
232140,
232141,
232142,
232143,
232144,
232145,
232146,
232147,
232148,
232150,
232152,
232154,
232157,
232158,
232159,
232161,
232162,
232163,
232164,
232167,
232168,
232171,
232172,
232173,
232174,
232175,
232177,
232178,
232179,
232181,
232183,
232184,
232185,
232186,
232187,
232188,
232189,
232192,
232194,
232195,
232196,
232197,
232198,
232200,
232201,
232202,
232203,
232204,
232205,
232206,
232207,
232208,
232212,
232213,
232214,
232215,
232216,
232217,
232218,
232220,
232221,
232222,
232223,
232225,
232226,
232227,
232228,
232229,
232230,
232231,
232232,
232234,
232237,
232238,
232239,
232240,
232244,
232245,
232246,
232247,
232248,
232249,
232250,
232251,
232252,
232253,
232254,
232255,
232256,
232257,
232258,
232259,
232260,
232261,
232262,
232263,
232264,
232265,
232266,
232267,
232268,
232269,
232270,
232271,
232272,
232273,
232274,
232275,
232276,
232280,
232281,
232282,
232283,
232284,
232285,
232286,
232287,
232289,
232290,
232295,
232298,
232299,
232300,
232301,
232302,
232303,
232304,
232305,
232306,
232307,
232308,
232309,
232310,
232311,
232312,
232313,
232314,
232315,
232316,
232317,
232318,
232319,
232320,
232321,
232322,
232323,
232324,
232325,
232327,
232328,
232329,
232330,
232331,
232332,
232333,
232334,
232335,
232336,
232337,
232338,
232339,
232340,
232342,
232343,
232344,
232345,
232346,
232347,
232348,
232349,
232353,
232354,
232355,
232356,
232357,
232358,
232359,
232361,
232362,
232363,
232367,
232368,
232369,
232370,
232374,
232375,
232376,
232377,
232378,
232379,
232380,
232381,
232382,
232383,
232384,
232385,
232389,
232390,
232391,
232392,
232393,
232394,
232395,
232396,
232397,
232398,
232399,
232400,
232402,
232403,
232404,
232405,
232406,
232407,
232411,
232412,
232415,
232416,
232417,
232418,
232419,
232420,
232421,
232422,
232423,
232424,
232425,
232426,
232427,
232428,
232429,
232430,
232431,
232432,
232433,
232434,
232435,
232436,
232437,
232438,
232439,
232440,
232441,
232442,
232443,
232444,
232445,
232446,
232447,
232448,
232449,
232450,
232451,
232452,
232453,
232454,
232455,
232456,
232457,
232458,
232459,
232460,
232461,
232462,
232463,
232466,
232467,
232469,
232470,
232471,
232472,
232473,
232474,
232475,
232479,
232480,
232482,
232483,
232484,
232485,
232486,
232487,
232488,
232489,
232490,
232491,
232492,
232493,
232495,
232496,
232497,
232498,
232499,
232500,
232501,
232502,
232503,
232504,
232505,
232506,
232507,
232508,
232509,
232510,
232511,
232512,
232513,
232514,
232515,
232516,
232517,
232519,
232520,
232521,
232522,
232523,
232524,
232525,
232526,
232529,
232530,
232531,
232532,
232533,
232534,
232535,
232536,
232537,
232538,
232539,
232540,
232541,
232542,
232543,
232544,
232546,
232547,
232548,
232549,
232550,
232551,
232552,
232553,
232554,
232555,
232556,
232560,
232561,
232562,
232563,
232564,
232565,
232566,
232567,
232569,
232570,
232571,
232572,
232573,
232575,
232576,
232577,
232579,
232581,
232582,
232583,
232585,
232586,
232587,
232588,
232590,
232591,
232592,
232593,
232594,
232595,
232596,
232597,
232598,
232599,
232600,
232602,
232603,
232604,
232605,
232606,
232607,
232608,
232609,
232610,
232612,
232613,
232614,
232615,
232616,
232617,
232618,
232619,
232620,
232621,
232622,
232623,
232625,
232626,
232628,
232629,
232630,
232631,
232632,
232633,
232634,
232635,
232636,
232637,
232638,
232639,
232640,
232641,
232642,
232643,
232644,
232645,
232649,
232650,
232651,
232652,
232653,
232654,
232656,
232657,
232658,
232659,
232660,
232661,
232664,
232665,
232667,
232668,
232670,
232671,
232672,
232673,
232675,
232676,
232677,
232678,
232680,
232681,
232682,
232683,
232684,
232686,
232687,
232688,
232689,
232690,
232691,
232692,
232693,
232694,
232695,
232696,
232697,
232698,
232699,
232700,
232701,
232702,
232703,
232704,
232705,
232706,
232707,
232708,
232709,
232710,
232712,
232715,
232716,
232717,
232719,
232720,
232721,
232722,
232723,
232724,
232725,
232726,
232727,
232728,
232729,
232730,
232731,
232732,
232733,
232734,
232735,
232736,
232737,
232738,
232739,
232740,
232741,
232742,
232743,
232744,
232745,
232747,
232748,
232749,
232750,
232751,
232752,
232753,
232754,
232755,
232766,
232770,
232771,
232774,
232775,
232776,
232778,
232779,
232780,
232781,
232782,
232783,
232784,
232785,
232787,
232788,
232789,
232793,
232794,
232795,
232796,
232797,
232798,
232801,
232802,
232803,
232804,
232807,
232808,
232809,
232811,
232812,
232813,
232814,
232816,
232817,
232818,
232819,
232820,
232821,
232822,
232823,
232825,
232827,
232828,
232829,
232830,
232831,
232832,
232833,
232834,
232835,
232836,
232837,
232838,
232839,
232840,
232841,
232842,
232843,
232844,
232845,
232846,
232847,
232848,
232849,
232850,
232851,
232852,
232853,
232856,
232857,
232860,
232861,
232908,
232909,
232910,
232911,
232912,
232913,
232914,
232916,
232917,
232918,
232919,
232969,
232970,
232971,
233054,
233157,A D Debit M V
233158,
233159,
233160,
233161,
233162,
233163,
233164,
233165,
233166,
233167,
233168,
233173,
233174,
233193,
233197,
233204,
233205,
233208,
233209,
233213,
233215,CREDIT
233218,CREDIT
233223,
233226,
233227,
233265,CREDIT
233317,
233319,
233474,
233510,
233512,
233513,
234496,
234557,
234645,
234646,
234647,
234648,
234649,
234650,
234651,
234652,
234653,
234656,
234657,
234658,
234701,
234735,
234736,
234737,
234738,
235010,
235012,
235013,
235014,
235015,
235026,
235027,
235092,
235096,
235097,
235099,
235115,
235116,
235117,
235128,
235267,
235268,
235269,
235270,
235271,
235276,
235277,
235293,
235372,
235374,
235375,
235376,
235377,
235378,
235397,
235454,A D Debit M V
235455,
235456,
235457,
235458,
235459,
235520,
235557,
235558,
235627,
235628,
235681,
235682,
235683,
235684,
235685,
235686,
235687,
235693,
235694,
235719,
235754,
235755,
235770,
235771,
235772,
235773,
235794,
235814,
235815,
235816,
235817,
235818,
235819,
235821,
235822,
235823,
235872,
235873,
235874,
235880,
235912,
235913,
235914,
235915,
235918,
235919,
235920,
235921,
235923,
235974,
235976,
235977,
235978,
235979,
235980,
235981,
236029,
236030,
236031,
236032,
236033,
236044,
236076,
236077,
236098,
236162,
236163,
236164,
236168,
236170,
236216,
236240,
236241,
236242,
236243,
236244,
236245,
236246,
236252,
236266,
236270,A D Debit M V
236271,
236313,
236317,
236318,
236319,
236320,
236354,
236355,
236356,
236357,
236358,
236359,
236360,
236361,
236362,
236363,
236364,
236385,
236413,CREDIT
236414,
236415,
236417,
236419,
236420,
236421,
236422,
236423,
236430,
236431,
236491,
236501,
236502,
236503,
236504,
236505,
236506,
236508,
236509,
236510,
236577,
236578,
236579,
236580,
236581,
236583,
236584,
236585,
236586,
236587,
236588,
236602,
236603,
236604,
236605,
236647,
236648,
236658,
236696,
236697,
236700,
236701,
236760,
236762,
236764,
236805,
236806,
236807,
236808,
236809,
236859,
236860,
236861,
236869,
236870,
236908,
236926,
236941,
236942,
236946,
236983,
237022,
237023,
237195,
237196,
237197,
237198,
237200,
237201,
237202,
237203,
237204,
237205,
237206,
237207,
237208,
237209,
237210,
237211,
237242,
237245,
237246,
237247,
237248,
237249,
237333,
237334,
237335,
237336,
237707,
237708,
237709,
237710,
237711,
237712,
237713,
237714,
237716,
237717,A D Debit M V
237718,A D Debit M V
237720,A D Debit M V
237721,A D Debit M V
237722,A D Debit M V
237723,A D Debit M V
237724,A D Debit M V
237725,A D Debit M V
237726,A D Debit M V
237727,A D Debit M V
237765,A D Debit M V
237766,
237767,
237768,
237769,
237770,
237771,
237772,
237775,
237780,
237792,
237812,
237813,
237814,
237815,
237816,
237818,
237819,
237820,
237821,
237862,
237865,
237866,
237870,
237964,
237965,
237966,
237967,
237968,
237969,
237970,
237971,
237975,
237977,
237978,
237979,
237980,
237981,
237982,
237983,
237984,
237986,
237987,
237988,
237989,
237990,
237991,
237992,
237993,
237994,
237995,
238149,
238150,
238151,
238152,
238154,
238155,
238157,
238158,
238159,
238216,
238217,
238244,A D Debit M V
238245,
238252,
238266,
238267,
238271,
238273,
238275,
238352,
238353,
238354,
238355,
238357,
238359,
238450,
238452,
238488,
238489,
238490,
238491,
238492,
238493,
238494,
238495,
238496,
238498,
238500,
238512,
238524,
238525,
238526,
238589,
238590,A D Debit M V
238591,A D Debit M V
238592,A D Debit M V
238594,
238595,A D Debit M V
238596,
238597,A D Debit M V
238598,A D Debit M V
238599,A D Debit M V
238600,A D Debit M V
238601,A D Debit M V
238602,
238603,
238604,
238605,
238606,
238607,A D Debit M V
238610,A D Debit M V
238648,
238652,
238665,
238670,
238671,
238672,
238673,
238675,
238727,
238728,
238729,
238730,
238731,
238733,
238739,
238741,
238742,
238754,
238846,
238847,
238851,
238896,
240731,
240732,
240783,
240838,
240890,
240891,
240893,
240894,
240895,
240896,
240986,
240987,
240988,
240989,
241168,
241170,A D Debit M V
241171,
241172,A D Debit M V
241173,
241174,A D Debit M V
241178,A D Debit M V
241273,A D Debit M V
241274,
241275,
241276,
241277,
241278,
241282,
241290,
249337,
249356,
249362,
249369,
249371,
249372,
249374,
249375,
249376,
249378,
249384,
249387,
249394,
249396,
249397,
249402,
249409,
249423,
249426,
249435,
249438,A D Debit M V
249439,
249440,A M V
249441,A M V
249442,A M V
249443,
249445,
249448,
249449,
249452,
249453,
249456,
249457,
249458,
249460,
249467,
249471,
249486,
249506,
249510,
249522,
249524,
249532,
249543,
249544,
249545,
249547,
249559,
249560,
249561,
249583,
249620,
249621,
249626,
249628,
249629,
249630,
249631,
249632,
249633,
249634,
249635,
249636,
249637,
249644,
249649,
249659,
249664,
249666,
249667,
249686,
249687,
249690,
249691,
249692,
249695,
249698,
249722,
249745,
249753,
249773,
249780,
249801,
249825,
249830,
249852,
249853,
249854,
249855,
249860,
249864,
249866,
249870,
249871,
249880,
249882,
249883,
249887,
249892,
249896,
249952,
249964,
249971,
250010,
250017,
250055,
250056,
250091,
250103,
250136,
250164,
250165,
250166,
250167,
250168,
250169,
250170,
250171,
250172,
250173,
250246,
250253,
250254,EFS
250255,
250256,
250257,
250269,
250291,
250297,
250299,
250315,
250318,
250356,
250357,
250441,
250443,
250444,
250445,
250447,
250448,
250449,
250450,
250513,
250514,
250515,
250516,
250517,
250569,
250590,
250591,
250592,
250593,
250594,
250595,
250599,
250613,
250614,
250671,
250672,
250673,
250674,
250675,
250676,
250677,
250678,
250679,
250748,
250749,
250750,
250751,
250752,ANDROID_PAY APPLE_PAY CREDIT D Debit M V
250753,
250783,A D Debit M V
250784,
250785,
250812,
250813,
250815,
250836,
250843,
250847,
250851,
250853,
250855,
250856,
250860,
250862,
250864,
250865,
250869,
250880,
250881,
250882,
250890,
250925,
250930,
250931,
250932,
250933,
250934,
250935,
250936,
250938,
250939,
250940,
250941,
250942,
250943,
250968,
250969,
250978,
250983,
251002,
251003,
251028,
251038,
251041,
251051,
251054,
251055,
251057,
251059,
251060,
251061,
251067,
251071,
251072,
251074,
251077,
251150,
251151,A D Debit M V
251152,A D Debit M V
251154,A D Debit M V
251155,CREDIT
251157,CREDIT
251717,CREDIT
251719,
251721,
251722,
251724,
251726,
251729,
251731,
251760,
251840,
251977,
251981,
251982,
251983,
251984,
252042,
252046,
252047,
252048,
252049,
252050,
252051,
252052,
252053,
252054,
252056,
252057,
252058,
252059,
252060,
252061,
252062,
252063,
252064,
252065,
252066,
252067,
252068,
252069,
252070,
252071,
252072,
252073,
252074,
252075,
252076,
252077,
252078,
252079,
252081,
252082,
252083,
252084,
252085,
252086,
252087,
252089,
252090,
252091,
252092,
252093,
252094,
252095,
252096,
252097,
252098,
252102,
252104,
252106,
252107,
252108,
252109,
252110,
252112,
252113,
252116,
252118,
252185,
252186,
252187,
252188,
252189,
252195,
252537,
252556,CREDIT
252557,
252558,
252559,
252560,
252561,
252605,
252607,
252608,
252661,
252662,
252663,
252664,
252665,
252666,
252667,
252669,
252670,
252671,
252672,
252775,
252777,
252778,
252779,
252780,
252781,
252782,
252783,
252786,
252945,
252963,
252964,
252965,
252967,
252968,
252969,
252970,
252971,
252972,
252973,
252975,
252976,
253041,
253042,
253043,
253045,
253046,
253052,
253053,
253352,
253353,
253354,
253357,
253359,
253386,
253399,
253441,
253442,
253443,
253446,
253447,
253458,
253459,
253474,
253475,
253491,
253492,
253493,
253494,
253495,
253496,
253497,
253498,
253499,
253500,
253727,
253728,
253733,
253734,
253744,
253792,CREDIT
253793,A D Debit M V
253794,
253795,A D Debit M V
253809,
253810,
253817,
253818,
253819,
253820,
253863,
253864,
253867,
253886,
253887,
253888,
253933,
253934,
253935,
253938,
253946,
253986,
253987,
253988,
253989,
254002,
254004,
254060,
254065,
254066,
254067,
254086,
254134,A Cash Checks CREDIT D Debit M V
254135,
254136,
254137,
254138,
254139,
254210,
254211,
254212,
254216,
254217,
254218,
254219,
254220,
254221,
254222,
254224,
254226,
254228,
254244,
254245,
254291,
254292,
254293,
254294,
254322,CREDIT
254329,
254375,
254376,
254377,
254378,
254379,
254381,
254383,
254460,
254534,
254535,
254536,
254537,
254538,
254540,
254541,
254543,
254544,
254545,
254573,
254574,
254948,
254951,
254952,
254953,
254956,
254957,
254958,
254960,
254963,
255016,
255030,
255052,
255055,
255068,
255257,
255258,
255259,
255260,
255327,
255328,
255333,
255335,
255337,
255377,
255378,
255379,
255380,
255381,
255382,
255388,
255389,
255394,
255395,
255396,
255397,
255398,
255406,
255408,
255409,
255412,
255413,
255466,
255467,
255468,
255469,
255470,
255472,
255475,
255482,
255484,
255494,
255503,
255541,
255542,
255546,
255593,
255597,
255602,
255632,
255633,
255704,
255710,
256129,
256130,A D Debit M V
256131,A D Debit M V
256189,A D Debit M V
256190,
256191,
256193,
256194,
256195,
256233,
256234,
256235,
256236,
256237,
256292,
256295,
256296,
256297,
256298,
256406,
256410,
256411,
256412,
256413,
256414,
256415,
256416,
256417,
256461,
256462,
256463,
256464,
256466,
256467,
256468,
256470,
256472,
256475,
256477,
256478,
256479,
256480,
256481,
256482,
256483,
256484,
256485,
256486,
256487,
256488,
256490,
256491,
256492,
256493,
256494,
256495,
256496,
256505,
256653,
256654,A D Debit M V
256656,A D Debit M V
256657,A D Debit M V
256658,
256659,A D Debit M V
256660,A D Debit M V
256661,A D Debit M V
256662,A D Debit M V
256663,A D Debit M V
256664,A D Debit M V
256665,A D Debit M V
256666,A D Debit M V
256704,A D Debit M V
256706,
256708,
256709,
256711,
256712,
256748,
256789,CREDIT
256790,
256791,
256792,
256803,
256804,
256805,
256806,
256807,
256808,
256809,
256820,
256821,
256822,
256824,
256825,
256895,
256910,
256913,
256915,
256916,
256917,
256918,
256989,
256991,
257042,
257045,A D Debit M V
257046,A D Debit M V
257047,A D Debit M V
257048,A D Debit M V
257049,A D Debit M V
257051,A D Debit M V
257052,A D Debit M V
257053,A D Debit M V
257054,A D Debit M V
257065,A D Debit M V
257075,A M V
257108,A D Debit M V
257109,
257110,
257111,
257112,
257113,
257115,
257116,
257139,
257186,
257187,
257189,
257190,
257266,
257267,
257268,
257280,
257281,
257288,
257294,
257351,
257352,
257353,
257354,
257355,
257356,
257357,
257358,
257359,
257360,
257361,
257384,
257385,
257582,
257583,
257584,
257591,
257592,
257593,
257595,
257596,
257597,
257744,
257745,A D Debit M V
257746,A D Debit M V
257748,A D Debit M V
257749,A D Debit M V
257801,A D Debit M V
257802,
257803,
257805,
257862,
257863,
257864,
257866,
257868,
257908,
257913,
257942,
257943,
257953,
257954,
257955,
257956,
257957,
257958,
257961,
257962,
257963,
257965,
257966,
257967,
257971,
258232,
258233,
258234,
258249,
258250,
258251,
258252,
258253,
258256,
258272,
258273,A D Debit M V
258274,A D Debit M V
258295,A D Debit M V
258296,
258297,
258298,
258299,
258301,
258312,
258537,CREDIT
258538,A D Debit M V
258539,A D Debit M V
258540,A D Debit M V
258541,A D Debit M V
258542,A D Debit M V
258543,A D Debit M V
258544,A D Debit M V
258546,A D Debit M V
258547,A D Debit M V
258548,A D Debit M V
258550,A D Debit M V
258551,A D Debit M V
258555,A D Debit M V
258562,A D Debit M V
258563,A D Debit M V
258564,A D Debit M V
258568,A D Debit M V
258572,A D Debit M V
258575,A D Debit M V
258576,A D Debit M V
258578,A D Debit M V
258590,A D Debit M V
258591,A D Debit M V
258592,A D Debit M V
258593,A D Debit M V
258595,A D Debit M V
258598,A D Debit M V
258600,A D Debit M V
258601,A D Debit M V
258603,A D Debit M V
258609,A D Debit M V
258614,A D Debit M V
258616,A D Debit M V
258618,A D Debit M V
258622,A D Debit M V
258630,A D Debit M V
258638,A D Debit M V
258639,A D Debit M V
258640,A D Debit M V
258643,A D Debit M V
258654,A D Debit M V
258658,A D Debit M V
258660,A D Debit M V
258663,A D Debit M V
258667,A D Debit M V
258671,A D Debit M V
258673,A D Debit M V
258674,A D Debit M V
258682,A D Debit M V
258683,A D Debit M V
258686,A D Debit M V
258700,A D Debit M V
258707,A D Debit M V
258709,A D Debit M V
258711,A D Debit M V
258713,A D Debit M V
258715,A D Debit M V
258718,A D Debit M V
258719,A D Debit M V
258720,A D Debit M V
258721,A D Debit M V
258742,A D Debit M V
258743,A D Debit M V
258744,A D Debit M V
258750,A D Debit M V
258758,A D Debit M V
258760,A D Debit M V
258762,A D Debit M V
258776,A D Debit M V
258777,A D Debit M V
258778,A D Debit M V
258780,A D Debit M V
258789,A D Debit M V
258926,A D Debit M V
258927,A D Debit M V
258929,A D Debit M V
258930,A D Debit M V
258965,A D Debit M V
258966,
258967,
259013,
259014,
259015,
259016,
259017,
259018,
259031,
259267,
259268,
259269,
259270,
259271,
259272,
259348,
259478,
259479,
259480,
259481,
259482,
259483,
259484,
259495,
259496,
259530,
259531,
259532,
259572,
259573,
259574,
259575,
259576,
259578,
259586,
259635,
259636,
259648,
259699,
259700,
259738,
259771,
259845,
259846,
259847,
259849,
259850,
259851,
259852,
259853,
259854,
259855,
259856,
259857,
259859,
259861,
259862,
259902,
259903,
259906,
259907,
259908,
259915,
259916,
259917,
259957,
259958,
259959,
259960,
260016,
260019,
260041,
260042,
260043,
260045,
260046,A D Debit M V
260047,CREDIT
260048,CREDIT
260122,
260123,
260124,
260125,
260126,
260127,
260128,
260129,
260130,
260193,
260196,
260197,
260198,
260233,
260234,
260235,
260282,
260283,
260284,
260285,
260286,
260287,
260288,
260290,
260291,
260303,
260304,
260306,
260308,
260309,
260311,
260430,
260431,
260432,
260433,
260434,
260435,
260436,
260437,
260438,
260439,
260440,
260441,
260442,
260444,
260499,
260500,
260503,
260504,
260505,
260506,
260507,
260584,
260585,
260589,
260594,
260659,
260660,
260734,
260735,
260736,
260737,
260738,
260739,
260742,
260743,
260744,
260745,
260746,
260747,
260802,
260803,
260804,
260805,
260806,
260807,
260824,
260869,
260870,
260932,
260933,
260934,
261025,
261026,
261027,
261028,
261041,
261074,A D Debit M V
261075,
261076,
261077,
261079,
261080,
261120,
261121,
261122,
261123,
261125,
261126,
261127,
261132,
261151,
261152,
261153,
261154,
261155,
261156,
261157,
261158,
261159,
261160,
261161,
261162,
261163,
261164,
261165,
261166,
261167,
261168,
261169,
261170,
261222,
261224,
261299,
261301,
261303,
261366,
261367,
261368,
261369,
261371,
261411,
261417,
261418,
261419,
261421,
261422,
261484,
261485,
261486,
261487,
261488,
261533,
261534,
261535,
261536,
261539,
261542,
261543,
261544,
261545,
261546,
261548,
261550,
261573,
261588,
261608,
261649,
261650,
261651,
261652,
261655,
261657,
261658,
261659,
261665,
261735,
261747,
261807,
261808,
261809,
261869,
261870,
261871,
261872,
261873,
261888,
262233,
262234,
262246,
262248,
262249,
262250,
262323,
262324,
262327,
262328,
262330,
262378,
262403,
262405,
262406,
262407,
262408,
262409,
262506,
262507,A D Debit M V
262508,A D Debit M V
262509,A D Debit M V
262510,A D Debit M V
262536,A D Debit M V
262539,
262540,
262541,
262542,
262611,
262612,
262613,
262616,
262617,
262676,
262687,
262688,
262689,
262690,
262697,
262702,
262703,CREDIT
262748,CREDIT
262749,
262751,
262752,
262803,
262804,
262805,
262807,
262808,
262810,
262811,
262813,
262839,
262843,
262844,
262862,
262863,
262864,
262883,
262889,
262890,
262891,
262898,
262899,
262900,
262904,
262905,
262906,
262907,
262908,
262930,
262931,
262932,
262933,
262934,
262935,
262936,
262937,
263027,
263028,
263029,
263030,
263031,
279568,
279569,
279572,
279573,
279574,
279575,
279576,
279577,
279578,
279579,
279580,
279581,
279582,
279583,
279584,
279585,
279593,
296670,
296766,
296788,A D Debit M V
297304,
297305,
297306,
297307,
297319,
298600,
298651,
300529,ANDROID_PAY APPLE_PAY CREDIT Debit M V
300773,
300774,
300777,
300778,
300797,
300959,
300988,
300989,
300991,
300993,
300994,
300995,
300996,
301040,
301041,
301441,
301477,
301503,
301512,
301634,
301635,
301636,
301637,
301655,
301656,
301658,
301673,
301704,A ANDROID_PAY APPLE_PAY Cash CREDIT D Debit M V
301706,
301707,
301743,
301744,A D Debit M V
301745,A D Debit M V
301747,A D Debit M V
301748,A D Debit M V
301749,A D Debit M V
301750,A D Debit M V
301752,A D Debit M V
301830,
301851,
301852,
301853,
301856,
301857,
301858,
301859,
301860,
301976,
301977,
301979,
301980,
301981,
301982,
301983,
301993,
301994,
301996,
301998,
301999,
302047,
302050,
302051,
302181,
302182,
302183,
302184,
302185,
302186,
302189,
302215,
302255,A D Debit M V
302304,
302305,
302306,
302308,
302318,
302354,ANDROID_PAY APPLE_PAY CREDIT Debit M V
302356,
302357,
302361,
302362,
302425,
302426,
302428,
302430,
302431,
302432,
302443,
302526,ANDROID_PAY APPLE_PAY CREDIT Debit M V
302527,
302534,
302589,
302590,
302598,
302634,
302635,
302639,
302659,
302662,
302663,
302671,
302673,A D Debit M V
302746,
302749,
302750,
302751,
302752,
302753,
302833,
302840,
302921,
302927,
303018,
303020,
303021,
303022,
303038,
303039,
303040,
303043,
303044,
303097,
303098,
303099,
303100,
303101,
303102,
303103,
303104,
303105,
303106,
303107,
303108,
303110,
303114,
303180,
303181,
303182,
303183,
303194,
303195,
303197,
303199,
303325,
303327,A D Debit M V
303329,A D Debit M V
303334,A D Debit M V
303335,A D Debit M V
303338,A D Debit M V
303339,A D Debit M V
303340,A D Debit M V
303343,A D Debit M V
303350,A D Debit M V
303355,A D Debit M V
303356,A D Debit M V
303359,A D Debit M V
303361,A D Debit M V
303363,A D Debit M V
303370,A D Debit M V
303373,A D Debit M V
303376,A D Debit M V
303378,A D Debit M V
303385,A D Debit M V
303388,A D Debit M V
303390,A D Debit M V
303396,A D Debit M V
303401,A D Debit M V
303403,A D Debit M V
303405,A D Debit M V
303406,A D Debit M V
303408,A D Debit M V
303411,A D Debit M V
303416,A D Debit M V
303420,A D Debit M V
303422,A D Debit M V
303425,A D Debit M V
303427,A D Debit M V
303540,A D Debit M V
303541,
303542,
303543,
303544,
303604,
303606,
303607,
303612,
303613,
303662,
303680,
303681,
303682,
303683,
303684,
303685,
303686,
303687,
303688,
303689,
303695,
303696,
303697,
303698,
303699,
303784,
303794,
303795,
303796,
303797,
303798,
303876,
303877,
303885,
303886,
303887,
303888,
303889,
303897,
303898,
303899,
303900,
303901,
303902,
303907,
303908,
303961,
303969,
303970,
303971,
303983,
303985,A CREDIT D M V
303986,
303987,
303988,
303989,
303990,
303991,
303992,
303993,
303994,
303995,
303996,
303997,
303998,
303999,
304000,
304001,
304002,
304003,
304004,
304005,
304006,
304007,
304008,
304009,
304010,
304011,
304012,
304013,
304015,
304017,
304018,
304019,
304020,
304021,
304022,
304023,
304024,
304025,
304026,
304027,
304028,
304029,
304030,
304031,
304032,
304033,
304034,
304035,
304036,
304037,
304038,
304039,
304040,
304041,
304042,
304043,
304044,
304045,
304046,
304047,
304048,
304049,
304050,
304051,
304052,
304053,
304054,
304056,
304057,
304058,
304059,
304060,
304061,
304062,
304063,
304064,
304065,
304066,
304068,
304069,
304070,
304071,
304072,
304073,
304074,
304075,
304076,
304077,
304078,
304079,
304080,
304081,
304082,
304083,
304084,
304085,
304086,
304087,
304088,
304089,
304090,
304091,
304092,
304093,
304094,
304095,
304096,
304097,
304098,
304099,
304100,
304101,
304102,
304103,
304104,
304105,
304106,
304107,
304108,
304109,
304110,
304111,
304112,
304113,
304114,
304115,
304116,
304117,
304118,
304119,
304120,
304121,
304122,
304123,
304124,
304125,
304126,
304127,
304128,
304129,
304130,
304131,
304132,
304133,
304134,
304135,
304136,
304137,
304138,
304139,
304140,
304141,
304142,
304143,
304144,
304145,
304146,
304147,
304148,
304149,
304150,
304151,
304154,
304155,
304156,
304157,
304158,
304159,
304160,
304161,
304162,
304163,
304164,
304165,
304167,
304168,
304169,
304170,
304171,
304172,
304173,
304174,
304175,
304176,
304177,
304178,
304179,
304180,
304181,
304182,
304183,
304184,
304185,
304186,
304187,
304188,
304189,
304190,
304191,
304192,
304193,
304194,
304195,
304196,
304197,
304198,
304199,
304200,
304202,
304203,
304204,
304205,
304206,
304207,
304208,
304209,
304210,
304211,
304212,
304213,
304214,
304215,
304216,
304217,
304218,
304219,
304220,
304221,
304222,
304223,
304224,
304225,
304226,
304227,
304228,
304229,
304230,
304231,
304232,
304233,
304234,
304235,
304236,
304237,
304238,
304239,
304240,
304241,
304242,
304243,
304244,
304245,
304246,
304247,
304248,
304249,
304250,
304251,
304252,
304253,
304254,
304255,
304256,
304257,
304258,
304259,
304260,
304261,
304262,
304263,
304264,
304265,
304266,
304267,
304268,
304269,
304270,
304271,
304272,
304274,
304275,
304276,
304277,
304278,
304279,
304280,
304281,
304282,
304283,
304284,
304285,
304286,
304287,
304288,
304289,
304290,
304291,
304292,
304293,
304294,
304295,
304296,
304297,
304298,
304299,
304300,
304301,
304302,
304303,
304304,
304305,
304306,
304307,
304308,
304309,
304310,
304311,
304312,
304313,
304314,
304316,
304317,
304318,
304319,
304320,
304321,
304322,
304323,
304324,
304325,
304326,
304327,
304328,
304329,
304330,
304331,
304332,
304333,
304334,
304335,
304337,
304338,
304340,
304341,
304342,
304343,
304344,
304345,
304346,
304347,
304348,
304349,
304350,
304351,
304352,
304354,
304356,
304357,
304358,
304359,
304360,
304361,
304362,
304363,
304364,
304365,
304366,
304367,
304368,
304369,
304370,
304371,
304372,
304373,
304374,
304375,
304376,
304377,
304378,
304379,
304380,
304381,
304382,
304383,
304385,
304386,
304387,
304388,
304389,
304390,
304391,
304392,
304393,
304394,
304395,
304396,
304397,
304398,
304399,
304400,
304401,
304402,
304403,
304404,
304406,
304407,
304408,A D Debit M V
304409,
304410,
304411,
304412,
304413,
304414,
304415,
304416,
304417,
304418,
304419,
304421,
304422,
304424,
304425,
304426,
304427,
304428,
304430,
304431,
304432,
304434,
304435,
304436,
304439,
304440,
304441,
304442,
304443,
304445,
304446,
304447,
304448,
304449,
304450,
304451,
304452,
304453,
304454,
304455,
304456,
304457,
304459,
304461,
304462,
304463,
304464,
304465,
304466,
304467,
304468,
304469,
304470,
304471,
304473,
304474,
304475,
304477,
304479,
304480,
304481,
304482,
304483,
304484,
304485,
304486,
304487,
304488,
304491,
304492,
304493,
304494,
304495,
304497,
304498,
304499,
304500,
304501,
304503,
304504,
304505,
304506,
304507,
304508,
304509,
304510,
304511,
304512,
304513,
304514,
304515,
304516,
304517,
304518,
304519,
304520,
304521,
304523,
304524,
304525,
304526,
304527,
304528,
304529,
304530,
304531,
304532,
304533,
304534,
304535,
304536,
304537,
304538,
304539,
304540,
304541,
304542,
304543,
304545,
304546,
304548,
304549,
304551,
304552,
304553,
304554,
304555,
304556,
304557,
304558,
304559,
304560,
304561,
304563,
304564,
304566,
304567,
304568,
304570,
304572,
304573,
304574,
304575,
304576,
304577,
304579,
304580,
304582,
304584,
304587,
304588,
304589,
304590,
304591,
304592,
304593,
304594,
304595,
304596,
304597,
304598,
304599,
304600,
304601,
304602,
304604,
304605,
304606,
304607,
304608,
304609,
304610,
304611,
304612,
304614,
304617,
304619,
304620,
304621,
304623,
304624,
304625,
304626,
304627,
304628,
304629,
304630,
304631,
304632,
304633,
304634,
304635,
304636,
304637,
304638,
304639,
304640,
304641,
304643,
304645,
304647,
304648,
304649,
304650,
304651,
304652,
304653,
304654,
304655,
304656,
304657,
304658,
304659,
304660,
304661,
304662,
304663,
304664,
304665,
304666,
304667,
304668,
304669,
304670,
304671,
304672,
304673,
304674,
304675,
304676,
304677,
304678,
304679,
304680,
304681,
304683,
304684,
304685,
304686,
304687,
304688,
304690,
304691,
304692,
304693,
304694,
304695,
304696,
304697,
304698,
304700,
304702,
304703,
304704,
304705,
304706,
304707,
304708,
304709,
304710,
304711,
304712,
304713,
304714,
304715,
304716,
304717,
304718,
304719,
304720,
304721,
304723,
304724,
304725,
304726,
304727,
304728,
304729,
304730,
304731,
304732,
304733,
304734,
304735,
304736,
304737,
304738,
304739,
304740,
304741,
304742,
304743,
304744,
304745,
304746,
304747,
304748,
304749,
304750,
304751,
304752,
304754,
304755,
304756,
304758,
304759,
304760,
304761,
304762,
304763,
304764,
304765,
304766,
304767,
304768,
304769,
304770,
304771,
304772,
304773,
304774,
304775,
304776,
304777,
304778,
304779,
304780,
304781,
304782,
304783,
304784,
304785,
304786,
304787,
304788,
304789,
304790,
304791,
304792,
304793,
304794,
304795,
304796,
304797,
304798,
304799,
304800,
304801,
304802,
304803,
304804,
304805,
304806,
304807,
304808,
304809,
304810,
304811,
304812,
304813,
304814,
304815,
304816,
304817,
304818,
304819,
304820,
304821,
304822,
304823,
304824,
304825,
304826,
304827,
304828,
304829,
304831,
304832,
304833,
304834,
304835,
304836,
304837,
304838,
304839,
304840,
304841,
304842,
304843,
304844,
304845,
304846,
304847,
304848,
304849,
304850,
304851,
304852,
304853,
304854,
304855,
304856,
304857,
304858,
304859,
304860,
304861,
304862,
304863,
304864,
304865,
304866,
304867,
304868,
304869,
304870,
304871,
304872,
304873,
304874,
304875,
304876,
304877,
304878,
304879,
304880,
304881,
304882,
304883,
304884,
304885,
304886,
304887,
304888,
304889,
304890,
304891,
304892,
304893,
304894,
304895,
304896,
304897,
304898,
304899,
304900,
304901,
304902,
304903,
304904,
304905,
304906,
304907,
304908,
304909,
304910,
304911,
304912,
304913,
304914,
304915,
304916,
304917,
304918,
304919,
304920,
304921,
304922,
304923,
304924,
304925,
304926,
304927,
304928,
304929,
304930,
304931,
304932,
304933,
304934,
304936,
304937,
304938,
304939,
304940,
304941,
304942,
304943,
304944,
304945,
304946,
304947,
304948,
304949,
304950,
304951,
304952,
304953,
304954,
304955,
304956,
304957,
304958,
304959,
304960,
304961,
304962,
304963,
304964,
304965,
304966,
304967,
304968,
304969,
304971,
304972,
304973,
304975,
304976,
304977,
304978,
304979,
304980,
304982,
304983,
304984,
304985,
304986,
304987,
304988,
304989,
304990,
304991,
304992,
304993,
304994,
304995,
304996,
304998,
304999,
305000,
305001,
305003,
305004,
305005,
305006,
305007,
305008,
305009,
305010,
305011,
305012,
305013,
305014,
305015,
305016,
305017,
305018,
305019,
305020,
305021,
305022,
305023,
305024,
305025,
305027,
305028,
305029,
305030,
305031,
305032,
305033,
305034,
305035,
305036,
305037,
305038,
305039,
305040,
305041,
305042,
305043,
305044,
305045,
305046,
305047,
305048,
305049,
305050,
305051,
305052,
305053,
305054,
305055,
305056,
305057,
305058,
305059,
305060,
305061,
305063,
305064,
305065,
305067,
305069,
305071,
305072,
305073,
305074,
305075,
305076,
305077,
305078,
305079,
305080,
305081,
305082,
305083,
305084,
305086,
305087,
305088,
305089,
305091,
305092,
305093,
305094,
305095,
305096,
305097,
305098,
305099,
305100,
305101,
305102,
305103,
305104,
305105,
305106,
305107,
305108,
305109,
305110,
305111,
305112,
305113,
305114,
305115,
305117,
305118,
305119,
305120,
305121,
305122,
305123,
305124,
305125,
305126,
305127,
305128,
305129,
305130,
305131,
305132,
305134,
305135,
305136,
305137,
305138,
305139,
305140,
305141,
305142,
305143,
305144,
305145,
305146,
305148,
305149,
305150,
305151,
305152,
305153,
305154,
305155,
305156,
305158,
305159,
305160,
305161,
305162,
305163,
305164,
305165,
305166,
305167,
305168,
305169,
305170,
305171,
305172,
305173,
305174,
305175,
305176,
305177,
305178,
305179,
305180,
305181,
305182,
305183,
305184,
305185,
305186,
305187,
305188,
305189,
305190,
305191,
305193,
305194,
305195,
305196,
305198,
305199,
305200,
305201,
305202,
305203,
305204,
305205,
305208,
305209,
305210,
305211,
305212,
305213,
305214,
305215,
305216,
305217,
305218,
305219,
305220,
305221,
305223,
305224,
305225,
305226,
305227,
305229,
305230,
305231,
305232,
305233,
305234,
305235,
305236,
305237,
305238,
305239,
305240,
305241,
305242,
305243,
305244,
305245,
305246,
305247,
305248,
305249,
305251,
305252,
305253,
305254,
305255,
305256,
305257,
305258,
305259,
305260,
305261,
305262,
305263,
305264,
305265,
305266,
305267,
305268,
305269,
305270,
305271,
305272,
305273,
305274,
305275,
305276,
305277,
305279,
305280,
305281,
305282,
305283,
305285,
305286,
305287,
305288,
305290,
305291,
305292,
305293,
305294,
305295,
305296,
305297,
305298,
305299,
305300,
305301,
305302,
305303,
305305,
305306,
305308,
305309,
305310,
305311,
305312,
305313,
305314,
305315,
305316,
305317,
305318,
305319,
305320,
305321,
305322,
305323,
305324,
305325,
305326,
305327,
305329,
305330,
305331,
305332,
305333,
305334,
305335,
305336,
305337,
305338,
305339,
305340,
305341,
305342,
305343,
305344,
305345,
305346,
305347,
305353,
305354,
305355,
305356,
305357,
305358,
305359,
305360,
305361,
305363,
305364,
305365,
305366,
305367,
305368,
305369,
305370,
305372,
305373,
305374,
305375,
305376,
305377,
305378,
305379,
305380,
305381,
305382,
305383,
305384,
305385,
305386,
305387,
305388,
305389,
305390,
305391,
305392,
305393,
305394,
305395,
305397,
305398,
305399,
305400,
305401,
305403,
305404,
305405,
305406,
305407,
305408,
305409,
305410,
305412,
305413,
305414,
305415,
305416,
305417,
305418,
305419,
305420,
305421,
305422,
305423,
305424,
305425,
305426,
305427,
305428,
305429,
305431,
305432,
305433,
305434,
305435,
305436,
305437,
305440,
305441,
305445,
305446,
305447,
305448,
305449,
305452,
305453,
305455,
305457,
305458,
305459,
305460,
305461,
305462,
305463,
305464,
305465,
305466,
305467,
305468,
305469,
305470,
305471,
305472,
305473,
305474,
305475,
305477,
305479,
305480,
305481,
305482,
305483,
305485,
305486,
305488,
305489,
305490,
305491,
305493,
305494,
305495,
305497,
305498,
305500,
305501,
305502,
305503,
305505,
305506,
305507,
305508,
305509,
305510,
305511,
305512,
305513,
305514,
305515,
305516,
305518,
305520,
305521,
305522,
305523,
305524,
305525,
305526,
305527,
305530,
305531,
305532,
305533,
305534,
305535,
305536,
305537,
305538,
305539,
305540,
305541,
305542,
305543,
305544,
305545,
305547,
305548,
305549,
305550,
305551,
305552,
305553,
305554,
305555,
305556,
305557,
305558,
305559,
305560,
305561,
305562,
305563,
305565,
305566,
305567,
305568,
305569,
305570,
305571,
305572,
305573,
305574,
305575,
305576,
305577,
305578,
305580,
305581,
305583,
305584,
305585,
305587,
305588,
305589,
305590,
305591,
305592,
305593,
305594,
305595,
305596,
305597,
305598,
305599,
305600,
305601,
305602,
305603,
305604,
305605,
305606,
305607,
305609,
305610,
305611,
305612,
305613,
305614,
305615,
305616,
305617,
305618,
305619,
305620,
305622,
305623,
305625,
305626,
305627,
305628,
305629,
305630,
305631,
305632,
305633,
305634,
305635,
305636,
305637,
305638,
305640,
305641,
305642,
305643,
305644,
305645,
305646,
305647,
305648,
305650,
305651,
305652,
305653,
305654,
305655,
305656,
305657,
305658,
305659,
305660,
305661,
305662,
305663,
305664,
305665,
305666,
305668,
305669,
305670,
305671,
305672,
305674,
305675,
305676,
305677,
305678,
305679,
305680,
305681,
305682,
305683,
305684,
305685,
305686,
305687,
305688,
305689,
305690,
305691,
305693,
305694,
305695,
305696,
305697,
305698,
305699,
305700,
305701,
305702,
305703,
305704,
305706,
305707,
305708,
305709,
305710,
305712,
305713,
305714,
305715,
305716,
305717,
305718,
305719,
305720,
305721,
305724,
305725,
305727,
305728,
305729,
305730,
305731,
305732,
305733,
305734,
305735,
305736,
305737,
305738,
305739,
305740,
305741,
305742,
305743,
305744,
305745,
305746,
305748,
305749,
305750,
305751,
305752,
305753,
305754,
305755,
305756,
305757,
305758,
305759,
305760,
305761,
305762,
305763,
305766,
305767,
305768,
305770,
305771,
305772,
305773,
305774,
305775,
305776,
305777,
305778,
305779,
305780,
305781,
305782,
305783,
305784,
305785,
305786,
305788,
305789,
305790,
305791,
305792,
305793,
305794,
305795,
305796,
305797,
305798,
305799,
305800,
305801,
305804,
305805,
305806,
305807,
305808,
305809,
305810,
305811,
305812,
305813,
305814,
305815,
305816,
305817,
305818,
305819,
305820,
305821,
305822,
305823,
305824,
305825,
305826,
305827,
305828,
305829,
305830,
305831,
305832,
305833,
305834,
305835,
305836,
305837,
305838,
305841,
305842,
305843,
305844,
305845,
305846,
305847,
305848,
305849,
305850,
305853,
305855,
305856,
305860,
305862,
305863,
305864,
305865,
305866,
305867,
305868,
305869,
305870,
305872,
305873,
305874,
305875,
305876,
305877,
305878,
305879,
305880,
305881,
305887,
305888,
305889,
305892,
305894,
305895,
305896,
305899,
305900,
305902,
305905,
305907,
305908,
305909,
305911,
305912,
305918,
305921,
305922,
305923,
305926,
305929,
305930,
305932,
305933,
305934,
305937,
305938,
305939,
305940,
305941,
305943,
305944,
305945,
305946,
305947,
305948,
305949,
305952,
305953,
305954,
305955,
305957,
305958,
305959,
305960,
305961,
305962,
305963,
305964,
305965,
305966,
305967,
305968,
305969,
305970,
305971,
305972,
305973,
305974,
305975,
305976,
305977,
305978,
305979,
305980,
305981,
305982,
305983,
305984,
305985,
305987,
305988,
305989,
305990,
305994,
305995,
305997,
305998,
305999,
306001,
306002,
306003,
306004,
306005,
306006,
306007,
306008,
306009,
306012,
306013,
306014,
306015,
306016,
306017,
306018,
306019,
306020,
306021,
306022,
306023,
306024,
306025,
306026,
306027,
306028,
306029,
306030,
306031,
306032,
306033,
306034,
306035,
306036,
306037,
306039,
306040,
306042,
306043,
306044,
306045,
306046,
306047,
306049,
306050,
306051,
306052,
306053,
306054,
306055,
306056,
306057,
306058,
306059,
306060,
306061,
306062,
306063,
306065,
306066,
306067,
306068,
306069,
306070,
306071,
306072,
306073,
306074,
306075,
306076,
306077,
306079,
306080,
306081,
306083,
306084,
306085,
306086,
306087,
306088,
306089,
306090,
306091,
306092,
306093,
306094,
306095,
306096,
306097,
306098,
306099,
306101,
306102,
306103,
306104,
306105,
306107,
306108,
306109,
306110,
306111,
306112,
306113,
306115,
306116,
306117,
306118,
306119,
306120,
306121,
306122,
306123,
306124,
306125,
306126,
306127,
306128,
306129,
306130,
306132,
306133,
306134,
306135,
306136,
306137,
306138,
306139,
306140,
306141,
306142,
306143,
306144,
306145,
306146,
306147,
306148,
306149,
306150,
306151,
306152,
306153,
306154,
306155,
306156,
306157,
306158,
306159,
306160,
306161,
306162,
306163,
306164,
306165,
306167,
306168,
306169,
306170,
306171,
306172,
306173,
306174,
306175,
306176,
306177,
306178,
306179,
306180,
306181,
306182,
306183,
306184,
306186,
306187,
306188,
306189,
306190,
306191,
306192,
306193,
306194,
306195,
306196,
306197,
306198,
306199,
306200,
306201,
306202,
306208,
306313,
306314,
306372,
306374,
306375,
306378,
306379,
306380,
306381,
306382,
306383,
306384,
306385,
306386,
306387,
306388,
306397,
306399,
306453,
306465,
306476,
306534,
306537,
306538,
306540,
306599,
306612,
306613,
306615,
306616,
306617,
306692,
306693,
306694,
306697,
306707,
306708,
306709,
306710,
306816,
306823,
306824,
306853,
306854,A D Debit M V
306855,A D Debit M V
306856,
306857,
306871,A D Debit M V
306923,CREDIT
306924,
306926,
306927,
307033,
307034,
307036,
307038,
307039,
307130,
307131,
307374,
307376,
307377,
307378,
307379,
307380,
307381,
307388,
307389,
307390,
307400,
307403,
307404,
307405,ANDROID_PAY APPLE_PAY CREDIT Debit M V
307407,ANDROID_PAY APPLE_PAY CREDIT Debit M V
307456,ANDROID_PAY APPLE_PAY CREDIT Debit M V
307465,
307467,
307468,
307537,
307560,
307593,A ACCOUNT_BALANCE CREDIT D M V
307601,
307674,
307684,
307685,
307687,
307688,
307731,
307732,
307733,
307734,
307735,
307736,
307737,
307738,
307773,
307775,
307776,
307777,
307779,
307780,
307781,
307850,
307896,A D Debit M V
307897,
307899,
307976,
307977,
307985,
307986,
307988,
307990,
308052,
308072,
308073,
308074,
308112,
308113,
308115,
308116,
308117,
308118,
308245,
308246,
308248,
308249,
308250,
308251,
308252,
308253,
308254,
308255,
308256,
308257,
308258,
308266,
308385,
308386,
308389,
308401,
308404,
308406,
308407,
308408,
308496,
308497,
308498,
308499,
308510,
308512,
308513,
308514,A D Debit M V
308518,A D Debit M V
308604,
308605,
308606,
308607,
308611,
308665,
308666,
308667,
308668,
308709,
308710,
308711,
308712,
308713,
308714,
308715,
308716,
308717,
308718,
308719,
308720,
308721,
308722,
308723,
308724,
308725,
308726,
308727,
308728,
308729,
308730,
308733,
308734,
308739,
308741,
308742,
308744,
308745,
308824,
308828,
308836,
308837,
308839,
308840,
308841,
308842,
308843,
308845,
310503,
310504,
310505,
310506,
310511,
310512,
310513,
310514,
310531,
310543,
310645,CREDIT
310646,
310647,
310648,
310649,
310650,
310651,
310652,
310657,
310658,
310660,
310661,
310766,
310773,
310774,
310864,
310865,
310866,
310868,
310972,
310974,
310975,
310976,
310996,
310998,
311000,
311002,
311003,
311004,
311006,
311008,
311009,
311010,
311011,
311012,
311115,
311116,
311124,
311126,
311192,
311193,
311194,
311195,
311197,
311198,
311199,
311200,
311201,
311202,
311203,
311213,
311214,
311216,
311217,
311255,
311256,A D Debit M V
311332,A D Debit M V
311334,
311337,
311338,
311339,
311364,
311370,
311499,
311516,
311517,
311518,
311524,
311528,
311529,
311530,
311616,
311617,
311629,
311630,
311631,
311632,
311655,
311656,
311805,
311807,
311808,
311809,
311810,
311828,
311830,
311831,
311833,
311838,
311840,
311842,
311843,
311844,
311938,
311939,
311940,
311942,
311943,
311944,
312128,A D Debit M V
312129,
312130,
312131,
312132,
312133,
312134,
312138,
312140,
312141,
312142,
312144,
312145,
312146,
312210,
312211,
312212,
312225,
312226,
312228,
312286,
312287,
312293,
312354,
312375,
312376,
312380,
312381,
312383,
312509,
312524,
312525,A D Debit M V
312591,A D Debit M V
312620,
312621,
312741,
312742,
312743,
312754,
312755,
312757,
312760,
312761,
312762,
312763,
312764,
312765,
312766,
312783,
312785,
312786,
312976,
312977,
312987,
312994,
313062,
313063,
313064,
313075,
313102,
313104,
313506,
313510,A D Debit M V
313515,A D Debit M V
313517,A D Debit M V
313523,A D Debit M V
313550,A D Debit M V
313551,A D Debit M V
313552,A D Debit M V
313553,A D Debit M V
313554,A D Debit M V
313555,A D Debit M V
313556,A D Debit M V
313557,A D Debit M V
313559,A D Debit M V
313561,A D Debit M V
313562,A D Debit M V
313564,A D Debit M V
313565,A D Debit M V
313566,A D Debit M V
313568,A D Debit M V
313569,A D Debit M V
313571,A D Debit M V
313572,A D Debit M V
313573,A D Debit M V
313574,A D Debit M V
313575,A D Debit M V
313577,A D Debit M V
313580,A D Debit M V
313583,A D Debit M V
313585,A D Debit M V
313586,A D Debit M V
313587,A D Debit M V
313588,A D Debit M V
313589,A D Debit M V
313591,A D Debit M V
313593,A D Debit M V
313594,A D Debit M V
313596,A D Debit M V
313597,A D Debit M V
313598,A D Debit M V
313599,A D Debit M V
313600,A D Debit M V
313608,A D Debit M V
313706,A D Debit M V
313707,
313708,
313716,
313718,
313719,
313720,
313731,
313732,
313802,
313803,
313804,
313805,
313808,
313816,
313817,
314078,
314079,
314080,
314081,
314092,
314093,
314095,
314189,
314190,
314251,
314254,
314255,
314256,
314257,
314552,
314553,
314556,
314557,
314558,
314732,
314740,
314741,
314742,
314746,
314747,
314748,
314750,
314751,
314766,
315085,
315086,
315088,
315175,
315196,
315278,
315283,
315299,
315309,
315521,
315708,
315709,
315710,
315711,
315712,
315734,
315736,
315809,
315819,
315820,
315821,
315822,
315824,
315829,
315853,
315855,
315883,
315884,
315885,
315886,
315887,
315888,
315889,
315890,
315892,
315893,
315894,
315895,
315896,
315897,
315898,
315899,
315900,
315901,
315902,
315903,
315904,
315905,
315906,
315907,
315908,
315909,
315911,
315912,
315913,
315914,
315915,
315916,
315917,
315918,
315919,
315920,
315921,
315922,
315923,
315924,
315925,
315926,
315927,
315928,
315929,
315931,
315932,
315933,
315934,
315935,
315936,
315937,
315938,
315940,
315941,
315942,
315943,
315944,
315945,
315946,
315947,
315948,
315949,
315950,
315951,
315952,
315953,
315954,
315955,
315956,
315957,
315958,
315959,
315960,
315961,
315962,
315963,
315964,
315965,
315967,
315968,
315969,
315970,
315971,
315972,
315973,
315974,
315975,
315976,
315978,
315979,
315980,
315981,
315982,
315983,
315984,
315985,
315986,
315988,
315989,
315990,
315992,
315993,
315994,
315995,
315996,
315998,
315999,
316000,
316001,
316002,
316003,
316004,
316005,
316006,
316007,
316008,
316009,
316010,
316011,
316012,
316015,
316016,
316017,
316018,
316019,
316021,
316022,
316023,
316024,
316025,
316026,
316027,
316028,
316029,
316030,
316031,
316032,
316033,
316035,
316036,
316037,
316038,
316039,
316040,
316042,
316043,
316132,
316133,
316134,
316135,
316136,
316137,
316138,
316139,
316140,
316141,
316154,
316155,
316156,
316157,
316158,
316159,
316255,
316256,
316257,
316290,
316291,
316298,
316308,
316346,
316347,
316348,
316349,
316350,
316351,
316352,
316353,
316360,
316361,
316362,
316363,
316364,
316455,
316456,
316466,
316467,
316468,
316469,
316471,
316538,A ANDROID_PAY APPLE_PAY Cash CREDIT Debit M V
316539,
316540,
316541,
316542,
316543,
316544,
316545,
316546,
316547,
316548,
316636,
316637,
316638,
316730,
316731,
316738,
316745,
316746,
316747,
316758,
316759,
316761,
316845,
316848,
316854,
316915,
316916,
316917,
316918,
316958,
316959,
316974,
316976,
316977,
316978,
316979,
316980,
316981,
316982,
316983,
316984,
316985,
316986,
316987,
316988,
316989,
317065,
317067,
317076,
317077,
317079,
317080,
317081,
317082,
317083,
317084,
317085,
317088,
317092,
317094,
317095,
318043,
318044,
318045,
318046,
318048,
318049,
318055,
318057,
318058,
318059,
318061,
318205,
318206,A D Debit M V
319556,A D Debit M V
319557,A ANDROID_PAY APPLE_PAY CREDIT D M
319558,A ANDROID_PAY APPLE_PAY CREDIT D M
319634,A ANDROID_PAY APPLE_PAY CREDIT D M
319635,
319641,
319642,
319643,
319645,
319666,
319668,
319822,
319823,
319824,
319840,
319841,
319914,
319915,
319916,
319939,
319941,
319942,
319950,
320033,
320040,
320185,
320186,A D Debit M V
320187,A D Debit M V
320188,A D Debit M V
320190,A D Debit M V
320192,A D Debit M V
320193,A D Debit M V
320194,A D Debit M V
320195,A D Debit M V
320196,A D Debit M V
320198,A D Debit M V
320199,A D Debit M V
320200,A D Debit M V
320201,A D Debit M V
320202,A D Debit M V
320203,A D Debit M V
320204,A D Debit M V
320264,A D Debit M V
320265,
320266,
320267,
320268,
320269,
320270,
320271,
320283,
320284,
320285,
320286,
320288,
320293,
320294,
320382,
320383,
320384,
320461,
320462,
320463,
320477,
320478,
320479,
320480,
320481,
320482,
320485,
320486,
320546,
320549,
320550,
320551,
320552,
320553,
320554,
320555,
320557,
320558,
320559,
320561,
320580,
320581,
320582,
320583,
320588,
320589,
320590,
320591,
320592,
320667,
320668,
320669,
320671,
320672,
320674,
320678,
320679,
320683,
320758,
320762,
320764,
320765,
320766,
320767,
320768,
320770,
320771,
320773,
320774,
320777,
320778,
320859,
320863,
320871,
320872,
320873,
320874,
320875,
320876,
320877,
320878,
320879,
320880,
320882,
320883,
320884,
320885,
320886,
320887,
320888,
320889,
320891,
320892,A D M V
320893,A D M V
321052,A D M V
321053,
321054,
321055,
321056,
321057,
321058,
321069,
321070,
321071,
321073,
321074,
321075,
321076,
321077,
321179,
321180,A D Debit M V
321233,A D Debit M V
321235,
321236,
321242,
321243,
321247,
321248,
321249,
321250,
321251,
321252,
321253,
321314,
321315,
321316,
321317,
321318,
321319,
321320,
321321,
321322,
321327,
321391,
321392,
321393,
321394,
321395,
321396,
321397,
321403,
321501,
321503,
321526,
321527,
321528,
321529,
321530,
321531,
321532,
321534,
321535,
321822,
321823,
321951,
321954,
321976,
321981,
322046,
322123,
322236,
322237,
322238,
322239,
322240,
322241,
322242,
322243,
322244,
322245,
322246,
322247,
322248,
322249,
322250,
322251,
322252,
322254,
322255,
322256,
322309,
322349,A D Debit M V
322359,
322360,
322361,
322363,
322364,
322435,
322437,
322440,
322441,
322462,
322463,
322476,
322541,
322542,
322543,
322544,
322545,
322546,
322547,
322600,
322602,
322603,
322619,
322620,
322621,
322622,
322624,
322720,
322721,
322722,
322723,
322724,
322725,
322726,
322727,
322728,
322729,
322730,
322731,
322747,
322749,
322804,
322811,
322812,
322814,
322815,
322821,
322822,
322823,
322824,
322825,
322826,
322830,
322831,
322851,
322895,A D Debit M V
322897,
322898,
322901,
322902,
322912,
322913,
322985,
322989,
323001,
323002,
323004,
323005,
323006,
323007,
323008,
323083,
323084,
323085,
323086,
323087,
323095,
323102,
323103,
323104,
323105,
323107,
323108,
323153,
323154,
323155,
323156,
323157,
323158,
323160,
323165,
323171,
323172,
323173,
323175,
323176,
323177,
323279,
323280,A D Debit M V
323364,A D Debit M V
323365,
323366,
323367,
323368,
323372,
323374,
323375,
323376,
323377,
323378,
323379,
323391,
323392,
323393,
323394,
323395,
323397,
323398,
323448,
323449,
323450,
323451,
323452,
323453,
323454,
323455,
323456,
323457,
323458,
323459,
323460,
323461,
323462,
323469,
323471,
323472,
323473,
323487,
323513,
323519,
323520,
323521,
323552,
323553,
323554,
323555,
323556,
323596,
323597,
323599,
323622,
323623,
323624,
323625,
323627,
323628,
323629,
323660,
323661,
323685,
323711,
323766,CREDIT
323873,
323874,
323992,
323993,
324308,
324309,
324310,
324312,
324313,
324314,
324315,
324327,
324338,
324340,
324413,
324414,
324415,
324416,
324417,
324418,
324419,
324420,
324425,
324426,
324430,
325008,
325009,
325010,
325011,
325012,
325013,
325014,
325015,
325026,
325028,
325085,
325101,
325102,
325103,
325340,
325341,
325342,
325343,
325344,
325345,
325351,
325357,
325358,
325359,
325360,
325406,
325410,
325411,
325412,
325420,
325421,
325435,
325437,
325453,
325457,
325459,
325499,
325514,
325515,
325517,
325518,
325519,
325520,
325596,
325597,
325603,
325604,
325607,
325766,
325767,A D Debit M V
325768,A D Debit M V
325769,A D Debit M V
325771,A D Debit M V
325773,A D Debit M V
325782,A D Debit M V
325783,A D Debit M V
325784,A D Debit M V
325785,A D Debit M V
325786,A D Debit M V
325789,A D Debit M V
325790,A D Debit M V
325791,A D Debit M V
325794,A D Debit M V
325796,A D Debit M V
325798,A D Debit M V
325801,A D Debit M V
325805,A D Debit M V
325808,A D Debit M V
325811,A D Debit M V
325813,A D Debit M V
325814,A D Debit M V
325819,A D Debit M V
325820,A D Debit M V
325824,A D Debit M V
325829,A D Debit M V
325831,A D Debit M V
325832,A D Debit M V
325833,A D Debit M V
325834,A D Debit M V
325839,A D Debit M V
325840,A D Debit M V
325841,A D Debit M V
325844,A D Debit M V
325847,A D Debit M V
325849,A D Debit M V
325852,A D Debit M V
325853,A D Debit M V
325856,A D Debit M V
325858,A D Debit M V
325860,A D Debit M V
325861,A D Debit M V
325862,A D Debit M V
325863,A D Debit M V
325864,A D Debit M V
325865,A D Debit M V
325866,A D Debit M V
325869,A D Debit M V
325870,A D Debit M V
325871,A D Debit M V
325874,A D Debit M V
325875,A D Debit M V
325876,A D Debit M V
325878,A D Debit M V
325880,A D Debit M V
325881,A D Debit M V
325882,A D Debit M V
325884,A D Debit M V
325885,A D Debit M V
326079,A D Debit M V
326081,
326088,
326279,
326280,
326281,
326282,
326314,
326326,
326327,
326328,
326491,
326494,
326499,
326500,
326501,
326502,
326503,
326504,
326581,
326584,
326585,
326586,
326587,
326607,
326609,
326743,
326744,
326745,
326746,
326748,
326749,
326750,
326758,
326759,
326760,
326761,
326762,
326763,
326832,
326875,
326876,
326877,
326880,
326881,
326882,
326883,
326884,
326885,
326887,
326888,
326890,
326893,
326894,
326895,
326896,
326897,
326898,
326899,
326900,
326901,
326902,
326903,
326910,
326911,
326915,
326916,
326920,
326921,
326922,ANDROID_PAY APPLE_PAY
326923,ANDROID_PAY APPLE_PAY
327014,ANDROID_PAY APPLE_PAY
327015,
327030,
327125,
327131,
327235,
327236,
327255,
327256,
327257,
327260,
327387,
327388,
327389,
327390,
327392,
327393,
327397,
327398,
327401,
327402,
327403,
327499,
327500,
327507,
327508,
327509,
327519,
327575,
327576,
327577,
327578,
327579,
327581,
327582,
327585,
327590,
327591,
327592,
327663,
327664,CREDIT
327665,CREDIT
327666,CREDIT
327667,CREDIT
327668,CREDIT
327669,CREDIT
327670,CREDIT
327671,CREDIT
327672,CREDIT
327673,CREDIT
327674,CREDIT
327675,CREDIT
327676,CREDIT
327677,CREDIT
327678,CREDIT
327679,
327680,
327681,
327682,
327683,
327684,
327685,
327686,
327738,CREDIT
327739,
327752,
327912,
327922,
327923,
327924,
328009,
328010,
328011,
328012,
328013,
328014,
328015,
328016,
328017,
328018,
328019,
328020,
328024,
328026,
328027,
328165,
328166,
328167,
328168,
328169,
328182,
328183,
328184,
328185,
328186,
328187,
328197,
328246,
328252,
328316,
328317,
328332,
328333,
328340,
328342,ACCOUNT_BALANCE CREDIT M V
328498,A D Debit M V
328499,
328507,
328616,
328617,
328631,
328632,CREDIT
328633,CREDIT
328680,CREDIT
328684,
328685,
328690,
328692,
328694,
328699,
328700,
328701,
328702,
328703,
328704,
328705,
328706,
328707,
328708,
328709,
328711,
328713,
328714,
328715,
328716,
328717,
328771,
328773,
328774,
328775,
328878,
328879,
328880,
328881,
328956,
328957,
328959,
328960,
328961,
328978,
328987,
328988,
328990,
328991,
329043,
329044,
329068,
329098,
329151,
329160,
329174,
329175,
329176,
329260,
329275,
329276,
329277,
329282,
329361,
329369,
329370,
329372,
329373,
329463,
329464,
329465,
329470,
329471,
329472,
329473,
329482,
329484,
329485,
329486,
329487,A D Debit M V
329562,A D Debit M V
329564,
329565,
329566,
329567,
329568,
329569,
329571,
329572,
329591,
329592,
329593,
329594,
329595,
329596,
329658,
329661,
329662,
329664,
329666,
329677,
329678,
329679,
329680,
329681,
329682,
329683,
329684,
329771,
329772,A D Debit M V
329822,A D Debit M V
329823,
329824,
329828,
329829,
329858,
329928,A ANDROID_PAY APPLE_PAY CREDIT D M V
329929,
329930,
329931,
329932,
329933,
329941,
330015,
330016,
330017,
330018,
330025,
330026,
330027,
330028,
330080,
330081,
330082,
330083,
330084,
330085,
330086,
330087,
330089,
330096,
330097,
330098,
330099,
330101,
330111,
330158,A D Debit M V
330163,
330165,
330166,
330167,
330169,
330172,
330198,
330199,CREDIT
330200,CREDIT
330204,CREDIT
330208,
330209,
330211,
330212,
330213,
330214,
330215,
330216,
330353,
330354,
330366,
330367,
330368,
330369,
330370,
330506,
330507,
330508,
330529,
330530,
330531,
330532,
330533,
330534,
330646,
330676,
330739,
330740,
330741,
330742,
330755,
330756,
330757,
330758,
330759,
330760,
330761,
330780,
330781,
330786,
330787,
330788,
330789,
330790,
330791,
330792,
330793,
330794,
330863,
330864,
330874,
330875,
330914,
330916,
330917,
330918,
330919,
330920,
330921,
330922,
330923,
330924,
330925,
330926,
330927,
330928,
330929,
330930,
330931,
330932,
330933,
330934,
330935,
330936,
330937,
330951,
330952,
330953,
330954,
330955,
330956,
330957,
330959,
330989,
331043,A D Debit M V
331044,
331083,
331084,
331085,
331087,
331092,
331127,
331128,
331129,
331132,
331133,
331134,
331135,
331136,
331137,
331138,
331139,
331140,
331141,
331182,
331183,
331184,
331185,
331186,
331187,
331188,
331189,
331190,
331199,
331200,
331201,
331250,
331251,
331252,
331253,
331264,
331265,
331266,
331267,
331268,
331269,
331270,
331272,
331298,
331299,
331300,
331304,
331305,
331306,
331307,
331308,
331309,
331310,
331311,
331313,
331317,
331319,
331325,
331343,
331344,
331367,
331368,
331369,
331370,
331371,
331372,
331373,
331469,A CREDIT D M V
331483,
331484,
331485,
331486,
331487,
331488,
331489,
331490,
331491,
331492,
331525,
331526,
331579,
331580,
331591,
331592,
331593,
331594,
331595,
331599,
331665,
331666,
331671,
331672,
331787,
331788,
331789,
331790,
331794,
331795,
331796,
331797,
331798,
331799,
331800,
331801,
331835,
331875,A CREDIT D Debit M
331876,
331880,
331882,
331883,
331885,
331886,
331887,
331889,
332072,
332073,
332074,
332075,
332076,
332131,
332133,
332134,
332137,
332138,
332139,
332140,
332141,
332146,
332147,
332148,
332149,
332162,
332165,
332166,CREDIT
332298,A ANDROID_PAY APPLE_PAY CREDIT D M V
332299,
332334,
332335,
332336,
332357,
332493,
332494,
332496,
332497,
332498,
332499,
332577,
332591,
332592,
332593,
332669,
332670,
332671,
332672,
332673,
332674,
332675,
332714,
332715,
332716,
332717,
332718,
332723,
333367,
333370,
333371,
333439,
333441,
333446,
333447,
333448,
333451,
333516,
333517,
333518,
333519,
333520,
333521,
333522,
333528,
333529,
333530,
333581,
333582,A ACCOUNT_BALANCE ANDROID_PAY APPLE_PAY CREDIT D M V
333583,
333584,
333585,
333587,A ACCOUNT_BALANCE ANDROID_PAY APPLE_PAY CREDIT D M V
333588,
333589,A ACCOUNT_BALANCE ANDROID_PAY APPLE_PAY CREDIT D M V
333590,A ACCOUNT_BALANCE ANDROID_PAY APPLE_PAY CREDIT D M V
333591,
333592,A ACCOUNT_BALANCE ANDROID_PAY APPLE_PAY CREDIT D M V
333595,A ACCOUNT_BALANCE ANDROID_PAY APPLE_PAY CREDIT D M V
333596,A ACCOUNT_BALANCE ANDROID_PAY APPLE_PAY CREDIT D M V
333638,
333639,
333640,
333648,
333650,
333651,
333695,
333696,
333699,
333700,
334210,
334285,A ACCOUNT_BALANCE ANDROID_PAY APPLE_PAY CREDIT D M V
334286,
334287,
334288,
334290,
334300,
334301,
334380,
334394,
334397,
334398,
334399,
334400,
334578,
334595,
334596,
334597,
334611,
334613,
334614,
335519,
335520,
335528,
335532,
335566,
335702,
335703,
335704,
335710,
335711,
335715,
335758,
335759,
335760,
335761,
335763,
335766,
341916,
341917,
341918,
341919,
341922,
341927,
341928,
345178,
345179,A D Debit M V
345183,A D Debit M V
345184,A D Debit M V
345187,A D Debit M V
345188,A D Debit M V
345189,A D Debit M V
345191,A D Debit M V
345192,A D Debit M V
345193,A D Debit M V
345195,A D Debit M V
345196,A D Debit M V
345201,A D Debit M V
345202,A D Debit M V
345203,A D Debit M V
345205,A D Debit M V
345206,A D Debit M V
345209,A D Debit M V
345211,A D Debit M V
345212,A D Debit M V
345218,A D Debit M V
345226,A D Debit M V
345227,A D Debit M V
345228,A D Debit M V
345231,A D Debit M V
345233,A D Debit M V
345236,A D Debit M V
345237,A D Debit M V
345241,A D Debit M V
345242,A D Debit M V
345245,A D Debit M V
345247,A D Debit M V
345249,A D Debit M V
345250,A D Debit M V
345253,A D Debit M V
345256,A D Debit M V
345257,A D Debit M V
345258,A D Debit M V
345262,A D Debit M V
345263,A D Debit M V
345264,A D Debit M V
345270,A D Debit M V
345271,A D Debit M V
345724,A D Debit M V
345728,A D Debit M V
345734,A D Debit M V
345738,A D Debit M V
345741,A D Debit M V
345745,A D Debit M V
345746,A D Debit M V
345759,A D Debit M V
345760,A D Debit M V
345761,A D Debit M V
345763,A D Debit M V
345767,A D Debit M V
345772,A D Debit M V
345775,A D Debit M V
345778,A D Debit M V
345779,A D Debit M V
345783,A D Debit M V
345784,A D Debit M V
345786,A D Debit M V
345787,A D Debit M V
345789,A D Debit M V
345794,A D Debit M V
345799,A D Debit M V
345802,A D Debit M V
345805,A D Debit M V
345807,A D Debit M V
345814,A D Debit M V
345815,A D Debit M V
345817,A D Debit M V
345820,A D Debit M V
345822,A D Debit M V
345824,A D Debit M V
345829,A D Debit M V
345830,A D Debit M V
345834,A D Debit M V
345840,A D Debit M V
345846,A D Debit M V
345848,A D Debit M V
345851,A D Debit M V
345853,A D Debit M V
345857,A D Debit M V
345859,A D Debit M V
345866,A D Debit M V
345870,A D Debit M V
345872,A D Debit M V
345873,A D Debit M V
345875,A D Debit M V
345876,A D Debit M V
345878,A D Debit M V
345880,A D Debit M V
345885,A D Debit M V
345887,A D Debit M V
345888,A D Debit M V
345889,A D Debit M V
345892,A D Debit M V
345897,A D Debit M V
345905,A D Debit M V
345906,A D Debit M V
345910,A D Debit M V
345911,A D Debit M V
345912,A D Debit M V
345913,A D Debit M V
345917,A D Debit M V
345920,A D Debit M V
345922,A D Debit M V
345923,A D Debit M V
345925,A D Debit M V
345926,A D Debit M V
345928,A D Debit M V
345936,A D Debit M V
345938,A D Debit M V
345939,A D Debit M V
345944,A D Debit M V
345946,A D Debit M V
345947,A D Debit M V
345949,A D Debit M V
345954,A D Debit M V
345957,A D Debit M V
345961,A D Debit M V
345963,A D Debit M V
345964,A D Debit M V
345973,A D Debit M V
345974,A D Debit M V
345976,A D Debit M V
345979,A D Debit M V
345986,A D Debit M V
345989,A D Debit M V
345990,A D Debit M V
345991,A D Debit M V
346032,A D Debit M V
346033,
346034,
346036,
346048,
346049,
346050,
346095,
346096,
346097,
346098,
346188,
346189,
346190,
346191,
346192,
346193,
346245,
346246,
346247,
346248,
346249,
346250,
346251,
346258,
346266,
346268,
346274,
346314,
346377,
346378,
346379,
346380,
346438,
346440,
346529,
346533,
346534,
346535,
346654,
346655,
346661,
346667,
346729,
346732,
346733,
346749,
346750,CREDIT
346751,CREDIT
346752,CREDIT
346793,CREDIT
346794,
346795,
346796,
346797,
346799,
346800,
346807,
346808,
346809,
346810,
346811,
346832,
346833,
346834,
346836,
346884,A ANDROID_PAY APPLE_PAY CREDIT D M V
346887,
346888,
346902,
346903,
346907,
346908,
346910,
346911,
346912,
346913,
346971,
346972,
346973,
346974,
346979,
346980,
346981,
346982,
346983,
347194,
347195,
347233,
347290,
347291,
347292,
347294,
347295,
347296,
347305,
347334,
347338,
347339,
347340,
347342,
347343,
347346,
347347,
347427,
347428,
347429,
347433,
347434,
347435,
347514,
347515,
347572,
347573,
347574,
347575,
347584,
347585,
347591,
347593,
347594,
347597,
347600,
347601,
347632,A D Debit M V
347659,A CREDIT D M V
347868,
347870,
347871,
347873,
347874,
347876,
347877,
347878,
347879,
347880,
347881,
347905,
347922,
347924,
347925,
347926,
347927,
347928,
347929,
347930,
347932,
347933,
347934,
347935,
347936,
347937,
347950,
347952,
347953,
347954,
347955,
347956,
347957,
347998,
348017,
348018,
348019,
348020,
348022,
348023,
348063,
348072,
348073,
348078,
348079,
348081,
348128,
348129,
348130,
348131,
348132,
348133,
348134,
348150,
348191,
348199,
348200,
348201,
348943,
348944,
348981,
348983,
348986,
348987,
349058,
349059,
349060,
349061,
349065,
349072,
349156,
349194,
349195,
349196,
349206,
349207,
349217,
349401,
349404,A M V
349439,A M V
349502,A M V
349560,
349588,
349591,
349595,
349634,
349635,
349638,
349642,
349752,
349753,
349760,
349761,
349762,
349763,
349841,
349905,
349906,
349993,
349998,
349999,
350000,
350022,
350023,
350024,
350025,
350043,
350044,
350048,
350049,
350050,
350051,
350097,
350098,A D Debit M V
350187,A D Debit M V
350188,
350189,
350190,
350191,
350282,
350358,
350382,
350383,
350384,
350385,
350386,
350387,
350388,
350389,
350390,
350391,
350439,
350539,
350546,
350547,
350548,
350557,
350590,A CREDIT M V
350591,
350592,
350593,
350599,
350600,
350661,
350662,
350665,
350666,
350670,
350714,
350730,
350734,
350771,
350787,
350797,
350800,
350801,
350803,
350911,
350912,
350914,
350926,
350927,
351347,
351348,
351349,
351353,
351354,
351355,
351358,
351360,
351361,
351362,
351405,
351406,
351407,
351408,
351417,
351419,
351425,
351426,
351503,
351504,
351505,
351506,
351507,
351508,
351509,
351510,
351511,
351512,
351513,
351523,
351528,
351529,
351530,
351579,
351583,
351585,
351586,
351592,
351593,
351594,
351595,
351597,
351654,
351655,
351656,
351660,
351662,
351669,
351753,
351773,
351774,
351775,
351776,
351780,
351789,
351881,ACCOUNT_BALANCE M V
351882,
351883,
351884,
351885,
351893,
351895,
351896,
351901,
351929,
351938,
351939,
351940,
352037,
352038,
352039,
352077,
352106,
352121,
352174,
352215,
352216,
352217,
352218,
352219,
352220,
352233,
352234,
352235,
352298,
352325,
352326,
352327,
352330,
352412,
352413,
352418,
352419,
352420,
352421,
352423,
352424,
352436,
352467,
352468,
352469,
352470,
352471,
352472,
352473,
352477,
352483,
352523,
352604,
352605,
352625,
352627,
352676,
352677,
352678,
352679,
352680,
352681,
352682,
352699,
352700,
352705,
352706,
352707,
352708,
352709,
352710,
352712,
352940,
353025,
353027,
353028,
353029,
353030,
353031,
353038,
353039,
353040,
353041,
353042,
353043,
353044,
353048,
353092,
353093,
353097,
353098,
353099,
353100,
353101,
353102,
353103,
353104,
353105,
353106,
353107,
353108,
353109,
353110,
353111,
353112,
353113,
353114,
353115,
353116,
353117,
353118,
353119,
353120,
353121,
353128,
353129,
353130,
353132,
353171,
353424,
353425,
353426,
353427,
353428,
353429,
353434,
353475,
353496,
353497,
353548,
353739,
353854,
353855,A D Debit M V
353856,A D Debit M V
353857,A D Debit M V
353913,A D Debit M V
353914,
353917,
353919,
353999,
354000,
354001,
354002,
354003,
354004,
354005,
354006,
354011,
354012,
354292,
354395,
354405,
354406,
354407,
354439,
354655,
354656,
354657,
354658,
354740,
354795,
354803,
354842,
355031,
355032,
355033,
355034,
355035,
355063,
355090,A D Debit M V
355091,
355105,
355106,
355107,
355108,
355109,
355110,
355111,
355112,
355113,
355114,
355115,
355116,
355117,
355118,
355120,
355121,
355123,
355126,
355127,
355128,
355129,
355130,
355133,
355175,
355180,
355181,
355182,
355184,
355185,
355186,
355234,
355237,
355238,
355245,
355246,
355249,
355283,
355284,
355285,
355286,
355287,
355288,
355289,
355465,
355466,
355535,
355536,
355539,
355557,
355594,A D Debit M V
355595,
355664,
355666,
355667,
355691,
355729,
355730,
355731,
355732,
355733,
355734,
355740,
355741,
355802,
355803,
355804,
355866,
355871,
355877,
355980,
355981,
355982,
355988,
356038,
356049,
356050,
356053,
356054,
356056,
356071,
356072,A D Debit M V
356126,A ANDROID_PAY APPLE_PAY CREDIT D M V
356182,CREDIT
356183,
356184,
356185,
356186,
356187,
356188,
356189,
356190,
356191,
356192,
356193,
356194,
356195,
356196,
356197,
356198,
356199,
356200,
356201,
356202,
356203,
356204,
356205,
356206,
356280,
356281,
356282,
356283,
356284,
356288,
356289,
356290,
356291,
356299,
356378,
356379,
357162,
357163,
357164,
357177,
357178,
357179,
357180,
357240,
357241,
357243,
357244,
357245,
357246,
357247,
357253,
357256,
357257,
357258,
357259,
357260,
357288,
357290,
357291,
357299,
357382,A CREDIT D M V
357383,
357384,
357385,
357386,
357387,
357388,
357389,
357390,
357391,
357400,
357401,
357402,
357434,
357435,
357438,
357439,
357440,
357441,
357450,
357518,
357519,
357520,
357521,
357522,
357523,
357539,
357540,
357541,
357542,
357544,
357545,
357546,
357547,
357548,
357550,
357583,
357584,
357585,
357595,
357596,
357597,
357616,
357618,
357670,
357671,
357672,
357673,
357674,
357675,
357676,
357678,
357679,
357680,
357682,
357683,
357684,
357717,
357721,
357722,
357728,
357729,
357730,
357731,
357732,
357734,
357785,
357814,
357819,
357888,
357902,
357903,A ANDROID_PAY APPLE_PAY CREDIT D Debit M V
357906,A ANDROID_PAY APPLE_PAY CREDIT D Debit M V
357907,A ANDROID_PAY APPLE_PAY CREDIT D Debit M V
357908,A ANDROID_PAY APPLE_PAY CREDIT D Debit M V
357909,A ANDROID_PAY APPLE_PAY CREDIT D Debit M V
357910,A ANDROID_PAY APPLE_PAY CREDIT D Debit M V
357912,A ANDROID_PAY APPLE_PAY CREDIT D Debit M V
357944,A ANDROID_PAY APPLE_PAY CREDIT D Debit M V
357953,
357959,
357960,
358496,
358503,
358504,
358509,
358527,
358553,
358562,
358574,
358581,
358685,
358695,
358758,
358762,
358836,
358847,
358911,
358919,
358937,
358948,
358984,
359019,
359069,
359127,
359180,
359235,
359274,
359281,
359338,
359356,
359461,
359530,
359541,
359546,
359560,
359566,
359574,
359575,
359586,
359615,
359658,
359669,
359761,
359818,
359898,
359954,
359966,
359967,
359968,
359969,
359974,
359979,
359981,
359988,
359997,
359999,
360002,
360004,
360010,
360013,
360015,
360020,
360023,
360028,
360029,
360030,
360031,
360045,
360046,
360048,
360051,
360052,
360053,
360055,
360061,
360062,
360063,
360064,
360066,
360072,
360073,
360081,
360082,
360083,
360086,
360092,
360094,
360095,
360096,
360103,
360110,
360112,
360115,
360116,
360117,
360122,
360123,
360124,
360125,
360131,
360132,
360133,
360134,
360138,
360150,
360151,
360158,
360167,
360170,
360182,
360183,
360189,
360190,
360194,
360199,
360205,
360206,
360210,
360228,
360265,
360266,
360267,
360268,
360276,
360301,
360302,A D Debit M V
360303,A D Debit M V
360334,A D Debit M V
360335,
360336,
360338,
360339,
360340,
360341,
360342,
360358,
360485,
360496,
360586,
360587,
360588,
360594,
360613,
360614,
360615,
360616,
360617,
360619,
360674,
360686,
360687,
360688,
360691,
360692,
360722,
360723,
360728,
360729,
360730,
360731,
360732,
360733,
360763,
360764,A D Debit M V
360852,A D Debit M V
360853,
360854,
360855,
360860,
360861,
360862,
360863,
360866,
360867,
360868,
360869,
360871,
360872,
360873,
360874,
360875,
360923,
360929,
361038,
361047,
361048,
361049,
361051,
361052,
361054,
361055,
361097,
361098,
361108,
361109,
361190,
361191,
361210,
361211,
361212,
361221,
361224,
361258,
361266,A D Debit M V
361312,Cash
361314,
361319,
361730,
361731,
361732,
361733,
361734,
361741,
361742,
361753,
361754,
361756,
361757,CREDIT
361818,CREDIT
361819,
361837,
367639,CREDIT
367640,
367648,
367649,
367657,
367721,
367725,
367809,
367825,
367826,
367827,
367829,
367849,
367851,
367877,
367878,
367879,
367895,
367896,
367937,
367938,
368265,
371366,A D Debit M V
371367,
371369,
371370,
371371,
371453,
371454,
371455,
371457,
371469,
371470,
371471,
371472,
371473,
371474,
371482,
371487,
371488,
371489,
371493,
371555,
371556,
371557,
371558,
371570,
371675,
371689,
371694,
371763,A M V
371764,
371765,
371766,
371767,
371768,
371779,
371811,
371812,
371813,
371814,
371825,
371827,
371847,
371881,A D Debit M V
371888,
371889,
371890,
371891,
371895,
371897,
371938,
371962,
372027,
372035,
372036,
372037,
372042,
372044,
372100,
372101,
372102,
372111,
372123,
372124,
372125,
372128,
372129,
372130,
372131,
372132,
372133,
372134,
372135,
372138,
372217,
372219,
372220,
372221,
372222,
372223,
372224,
372225,
372226,
372230,
372231,
372232,
372233,
372235,
372238,
372239,
372240,
372241,
372243,
372258,CREDIT Debit M V
372273,
372274,
372275,
372276,
372296,
372298,
372312,
372315,
372316,
372453,
372454,
372455,
372457,
372458,
372460,
372461,
372473,
372474,
372475,
372480,
372481,
372482,
372484,
372485,
372572,
372580,
372581,
372582,
372583,
372589,
372590,
372591,
372593,
372594,
372595,
372652,
372653,
372654,
372655,
372656,
372657,
372703,
372704,
372705,
372706,
372707,
372708,
372709,
372710,
372711,
372712,
372723,
372724,
372725,
372730,
372731,
372762,
372763,
372764,
372765,
372766,
372767,
372768,
372769,
372791,
372797,
372798,
372799,
372800,
372801,
372838,
372839,
372848,
372849,
372850,
372851,
372855,
372911,
372912,
372913,
372931,
372932,
372933,
372934,
372935,
372942,
372943,
372944,
372954,
373008,A D Debit M V
373011,
373012,
373013,
373014,
373015,
373019,
373150,
373944,
373945,
373946,
373947,
373948,
373949,
373950,
373951,
373952,
373953,
373955,
373956,
373957,
373958,
373962,
373963,
373964,
373965,
373966,
373967,
373968,
373969,
373970,
374030,
374031,
374032,
374043,
374044,
374045,
374046,
374047,
374052,
374053,
374054,
374055,
374057,
374185,
374186,
374187,
374193,
374250,
374251,
374252,
374253,
374254,
374255,
374256,
374257,
374291,
374292,
374293,
374294,
374296,
374297,
374298,
374300,
374354,
374355,A D Debit M V
374470,A D Debit M V
374473,
374474,
374475,
374476,
374477,
374478,
374479,
374512,
374513,
374555,
374556,
374558,
374559,
374560,
374565,
374610,
374611,
374651,
374729,
374730,
374777,
374923,
374924,
374929,
374931,
374932,
374941,
374942,
374994,
374995,A D Debit M V
375144,A D Debit M V
375145,
375146,
375147,
375157,
375158,
375159,
375242,
375244,
375311,
375312,
375313,
375314,
375315,
375316,
375317,
375318,
375319,
375320,
375321,
375322,
375323,
375324,
375325,
375326,
375327,
375332,
375334,
375335,
375336,
375339,
375340,
375388,
375389,
375390,
375392,
375416,
375421,
375467,
375474,
375475,
375541,
375542,
375549,
375552,
375631,
375632,
375633,
375634,
375635,
375636,
375638,
375737,
375738,
375739,
375740,
375744,
375745,
375746,
375795,
375796,
375797,
375798,
375799,
375800,
375801,
375808,
375809,
375810,
375811,
375812,
375851,
375852,A D Debit M V
375892,A D Debit M V
375893,
375894,
375895,
375896,
375898,
375899,
375910,
375912,
375913,
375914,
375917,
375918,
375919,
375920,
375947,
375949,
375950,
375951,
375952,
375953,
375954,
375955,
376034,
376035,
376036,
376037,
376038,
376039,
376040,
376041,
376042,
376043,
376044,
376045,
376069,
376070,
376073,
376074,
376129,
376130,
376131,
376132,
376146,
376204,
376205,
376206,
376207,
376210,
376254,
376300,
376301,
376302,
376303,
376304,
376313,
376315,
376321,
376322,
376323,
376324,
376326,
376375,
376376,
376377,
376385,
376475,
376481,
376498,
376500,
376551,
376582,
376598,
376656,
376657,
376658,
376659,
376660,
376664,
376668,
376669,
376670,
376671,
377465,
377466,
377469,
377470,
377478,
377479,
377505,
377507,
377508,
377522,
377523,
377524,
377562,
377563,
377564,
377565,
377577,
377578,
377579,
377580,
377581,
377587,
377617,
377620,
377622,
377623,
377624,
377820,
377821,
377822,
377823,
377824,
377825,
377826,
377827,
377828,
377829,
377830,
377831,
377832,
377833,
377834,
377835,
377836,
377837,
377838,
377839,
377840,
377841,
377842,
377843,
377844,
377845,
377846,
377847,
377848,
377849,
377850,
377851,
377852,
377853,
377854,
377855,
377856,
377857,
377858,
377859,
377860,
377861,
377862,
377863,
377864,
377865,
377866,
377867,
377868,
377869,
377870,
377871,
377872,
377873,
377874,
377875,
377876,
377877,
377878,
377879,
377880,
377881,
377882,
377883,
377884,
377885,
377886,
377887,
377888,
377889,
377890,
377891,
377892,
377893,
377894,
377895,
377896,
377897,
377898,
377899,
377900,
377901,
377902,
377903,
377904,
377905,
377906,
377907,
377908,
377909,
377910,
377911,
377912,
377913,
377914,
377915,
377916,
377917,
377918,
377919,
377920,
377921,
377922,
377923,
377924,
377925,
377926,
377927,
377976,
377977,
377978,
377979,
378037,
378038,ACCOUNT_BALANCE
378086,ACCOUNT_BALANCE CREDIT
378087,
378088,
378089,
378090,
378095,
378096,
378098,
378099,
378100,
378101,
383735,
383736,
383737,
383738,
383739,
383743,
383857,
383858,
383859,
383860,
383861,
383862,
383863,
383864,
383877,
383878,
383879,
383889,
383907,
383909,A D Debit M V
383910,A CREDIT D Debit M V
384083,A D Debit M V
384088,
384089,
384090,
384091,
384092,
384093,
384097,
384103,
384105,
384106,
384107,
384108,
384109,
384397,
384400,
384401,
384402,
384403,
384404,
384405,
384408,
384409,
384410,
384411,
384442,
384444,
384452,
384454,
384455,
384456,
384457,
384503,
384505,
384506,
384507,
384508,
384509,
384510,
384511,
384512,
384547,
384548,
384549,
384550,
384551,
384552,
384553,
384554,
384555,
384556,
384557,
384562,
384563,
384564,
384565,
384566,
384567,
384570,
384571,
384656,
384657,
384658,
384659,
384660,
384661,
384668,
384670,
384822,
384827,
384829,
384831,
384832,
384833,
384834,
384844,
384845,
384846,
384851,
384852,
384930,
384931,
384932,
384933,
384934,
384935,
384936,
384937,
384938,
384939,
384940,
384950,
384951,
384952,
384953,
386446,
386448,
386449,
386451,
386452,
386454,
386458,
386459,
386462,
386463,
386464,
386465,
386466,
386467,
386468,
386477,
386478,
386479,
386480,
386481,
386482,
386483,
386484,
386485,
386486,
386487,
386490,
386492,
386500,
386503,
386511,
386513,
386514,
386515,
386516,
386517,
386521,
386522,
386523,
386524,
386525,
386527,
386528,
386533,
386534,
386535,
386536,
386542,
386543,
386544,
386548,
386550,
386552,
386553,
386554,
386555,
386556,
386557,
386559,
386560,
386562,
386564,
386565,
386566,
386567,
386568,
386569,
386570,
386571,
386573,
386578,
386581,
386583,A CREDIT D Debit M V
386584,
386585,
386587,
386588,
386589,
386590,
386591,
386593,
386594,
386595,
386596,
386597,
386599,
386600,
386601,
386602,
386603,
386604,
386605,
386606,
386608,
386609,
386610,
386611,
386612,
386614,
386615,
386616,
386617,
386619,
386620,
386622,
386623,
386625,
386626,
386631,
386632,
386633,
386634,
386635,
386637,
386638,
386639,
386641,
386647,
386648,
386649,
386652,
386653,
386654,
386655,
386656,
386663,
386664,
386817,
386821,
386823,
386824,
386829,
386832,
386833,
386839,
386840,
386841,
386843,
386886,
386887,
386888,
386889,
386890,
386891,
386896,
386900,
386901,
387009,
387116,
387118,
387119,
387125,
387126,
387127,
387131,
387132,
387133,
387144,
387203,
387206,
387207,
387208,
387209,
387210,
387211,
387213,
387252,A D Debit M V
387306,
387323,
387403,
387424,
387425,
387495,
387536,
387537,
387548,
387550,
387551,
387555,
387556,
387589,
387658,
387659,
387660,
387661,
387662,
387663,
387664,
387665,
387666,
387667,
387668,
387669,
387670,
387671,
387672,
387673,
387681,
387687,
387723,
387725,
387732,
387733,
387734,
387735,
387736,
387786,
387793,
387800,
387823,
387824,
387826,
387832,
387833,
387834,
387835,
387836,
387839,
387843,
387941,
387942,
387952,
387953,
387954,
387955,
387956,
387957,
387958,
387959,
387960,
388043,
388044,
388045,
388046,
388047,
388048,
388049,
388050,
388055,
388056,
388057,
388058,
388059,
388060,
388066,
388131,
388132,
388133,
388134,
388135,
388136,
388149,
388150,
388151,
388152,
388154,
388224,
388235,
388236,
388237,
388238,
388239,
388248,
388249,
388307,
388318,
388319,
388320,
388329,
388632,
388633,
388634,
388635,
388636,
388637,
388638,
388639,
388640,
388644,
388645,A D M V
388688,A D Debit M V
388699,
388700,
388701,
388703,
388704,
388705,
388706,
388711,
388713,
388714,
388715,
388716,
388717,
388752,
388764,
388765,
388766,
388769,
388770,
388860,
388861,
388862,
388863,
388864,
388865,
388866,
388869,
388870,
388871,
388928,
388929,
388942,
388943,
388944,
388945,
388946,
388948,
388950,
388951,
388952,
388953,
388959,
389016,
389017,
389018,
389019,
389020,
389021,
389022,
389024,
389025,
389026,
389027,
389032,
389095,
389096,
389097,
389160,A D Debit M V
389161,
389162,
389163,
389185,
389367,
389369,
389370,
389386,
389389,
389413,
389414,
389557,
389558,
389559,
389560,
389563,
389564,
389565,
389566,
389567,
389569,
389663,A CREDIT D Debit M V
389664,
389676,
389677,
389717,
389718,
389719,
389729,
389730,
389731,
389738,
389740,
389741,
389803,
389805,
389806,
389807,
389829,
389830,
389831,A ANDROID_PAY APPLE_PAY CREDIT D M V
389832,A ANDROID_PAY APPLE_PAY CREDIT D M V
389866,A ANDROID_PAY APPLE_PAY CREDIT D M V
389870,
389872,
389919,
389934,
390000,
390017,
390080,
390093,
390144,
390145,
390146,
390147,
390193,
390195,
390372,
390386,
390390,
390391,
390541,
390542,A D Debit M V
390543,CREDIT
390544,CREDIT
390545,CREDIT
390585,CREDIT
390636,CREDIT
390637,
390638,
390651,
390757,
390758,
390759,
390764,
390765,
390823,
390854,
390856,
390857,
390858,
390859,
390860,
390939,
390940,
390963,
390964,
390965,
390966,
390967,
390970,
391055,
391058,
391059,
391063,
391467,
391557,
391558,
391565,
391574,
391659,
391660,
391661,
391662,
391663,
391664,
391675,
391676,
391680,
391683,
391734,
391735,
391736,
391737,
391738,
391739,
391747,
391748,
391749,
391773,
391804,A D Debit M V
391806,
391814,
391818,
391819,
391820,
394176,
394177,
394178,
394179,
394187,
395240,
395241,
395243,
395251,
395252,
395285,
395286,
395292,
395293,
395294,
395354,
395360,
395370,
395371,
395374,
395375,
395377,
395378,
395379,
395486,
395487,
395488,
395489,
395490,
395567,
395578,
395584,
395586,
395685,
395686,
395697,
395698,
395762,
395763,
395764,
395771,
395772,
395829,
395830,
395831,
395840,
395841,
395842,
395843,
395844,
395852,
396025,
396159,
396160,
396165,
396167,
396219,
396220,
396323,
396324,
396325,
396328,
396331,
396335,
396337,
396341,
396342,
396343,
396345,
396346,
396349,
397011,
397012,A D Debit M V
397065,A D Debit M V
397109,
397110,
397111,
397118,
397119,
397120,
397121,
397128,
397399,
397421,
397454,
397455,CREDIT
397492,CREDIT
397493,
397504,
397508,
397509,
397516,
397518,
397519,
397575,
397580,
397682,
397684,
397767,
397904,
397905,
397906,
397907,
397951,
397952,
397955,
397956,
397957,
397958,
397966,
397971,
397972,
397973,
398014,
398015,A ANDROID_PAY APPLE_PAY CREDIT D Debit M V
398072,A D Debit M V
398073,
398074,
398076,
398137,
398138,
398140,
398208,
398209,
398215,
398216,
398217,
398218,
398219,
398220,
398221,
398222,
398223,
398224,
398230,
398231,
398234,
398291,
398292,
398298,
398299,
398300,
398305,
398331,
398332,
398333,
398336,
398443,
398482,
398483,
398513,
398531,
398532,A ACCOUNT_BALANCE ANDROID_PAY APPLE_PAY D M V
398533,A ACCOUNT_BALANCE ANDROID_PAY APPLE_PAY D M V
398534,A ACCOUNT_BALANCE ANDROID_PAY APPLE_PAY D M V
400053,A ACCOUNT_BALANCE ANDROID_PAY APPLE_PAY D M V
400054,
400056,
400057,
400058,
400059,
400063,
400079,
400084,
400095,
400173,A D Debit M V
400174,
400175,
400179,
400180,
400181,
400182,
400188,
400189,
400191,
400193,
400611,
400614,
400615,
400666,
400667,
400674,
400709,
400710,
400711,
400712,
400713,
400721,
400955,
400956,A CREDIT D Debit M V
401936,
401937,
401938,
401939,
401940,
401941,
401942,
401943,
401944,
401945,
401957,
401959,
401960,
404506,
404507,
404508,
404509,
404510,
404511,
404513,
404514,
404515,
404516,
404517,
404540,
404541,
404542,
404543,
404545,
404546,
404547,
404548,
404549,
404550,
404551,
404552,
404553,
404562,
404563,
404565,
404566,
404567,
404568,
404569,
404570,
404571,
404572,
404573,
404574,
404673,
404679,
404680,
404681,
404684,
404686,
404687,
404688,
404690,
404727,
404736,
404759,
404760,
404794,
404795,A D Debit M V
404828,A D Debit M V
404840,
404841,
404903,
404904,
404924,
405342,
405359,
405360,
405361,
405362,
405403,
405404,
405438,
405439,
405440,
405441,
405543,
405544,
405545,
405546,
405547,
405548,
405549,
405550,
405551,
405552,
405553,
405554,
405555,
405556,
405557,
405558,
405560,
405561,
405562,
405563,
405564,
405565,
405566,
405567,
405568,
405569,
405570,
405572,
405573,
405574,
405575,
405576,
405577,
405578,
405579,
405580,
405581,
405582,
405583,
405584,
405585,
405586,
405587,
405588,
405589,
405590,
405591,
405592,
405593,
405594,
405595,
405596,
405597,
405598,
405599,
405600,
405601,
405602,
405603,
405604,
405605,
405606,
405607,
405608,
405609,
405610,
405611,
405612,
405613,
405614,
405615,
405617,
405619,
405620,
405621,
405622,
405623,
405624,
405625,
405626,
405627,
405628,
405629,
405673,
405720,
405721,
405738,
405739,
405805,
405807,
405809,
405816,
405817,
405818,
405822,
405823,
405824,
405825,
405839,
406105,ACCOUNT_BALANCE APPLE_PAY CREDIT Debit M V
406106,
406107,
406108,
416111,
416115,
416137,
416138,A D Debit M V
416139,A D Debit M V
416140,A D Debit M V
416141,A D Debit M V
416142,A D Debit M V
416143,A D Debit M V
416144,A D Debit M V
416145,A D Debit M V
416146,A D Debit M V
416147,A D Debit M V
416184,A D Debit M V
416185,
416186,
416194,
416195,
416199,
416200,
416201,
416289,
416290,
416291,
416293,
416317,
416318,
416358,
416359,
416364,
416365,
416366,
416419,
416431,
416434,
416437,
416438,A D Debit M V
416439,A D Debit M V
416440,
416441,
416443,
416444,
416445,
416446,
416447,
416500,
416501,
416502,
416503,
416504,
416505,
416506,
416510,
416558,
416559,
416560,
416561,
416563,
416564,
416569,
416570,
416571,
416575,
416630,
416631,
416644,
416651,
416652,
416654,
416731,
416740,
416741,
416745,
416768,
416770,A ANDROID_PAY APPLE_PAY CREDIT D Debit M V
416771,A ANDROID_PAY APPLE_PAY CREDIT D Debit M V
416777,A ANDROID_PAY APPLE_PAY CREDIT D Debit M V
416779,A ANDROID_PAY APPLE_PAY CREDIT D Debit M V
416788,A ANDROID_PAY APPLE_PAY CREDIT D Debit M V
416793,A ANDROID_PAY APPLE_PAY CREDIT D Debit M V
416794,A ANDROID_PAY APPLE_PAY CREDIT D Debit M V
416795,A ANDROID_PAY APPLE_PAY CREDIT D Debit M V
416799,A ANDROID_PAY APPLE_PAY CREDIT D Debit M V
416830,A ANDROID_PAY APPLE_PAY CREDIT D Debit M V
416832,A ANDROID_PAY APPLE_PAY CREDIT D Debit M V
416841,A ANDROID_PAY APPLE_PAY CREDIT D Debit M V
416855,A ANDROID_PAY APPLE_PAY CREDIT D Debit M V
417001,A ANDROID_PAY APPLE_PAY CREDIT D Debit M V
417002,
417005,
417012,
417013,
417016,
417017,
417018,
417090,
417117,
417215,A D Debit M V
417217,
417219,
417266,
417268,
417270,
417272,
417275,
417279,
417280,
417283,
417289,
417373,
417374,
417375,
417376,
417414,
417421,
417422,
417461,
417462,
417544,
417545,A D Debit M V
417692,A D Debit M V
417693,
417695,
417697,
417699,
417714,
417748,
417749,A D Debit M V
417768,A D Debit M V
417774,
417780,
417788,
417820,
417821,
417825,
417922,
417964,CREDIT
417965,
417966,
417967,
417968,
417969,
417970,
417971,
417986,
418042,A ACCOUNT_BALANCE CREDIT D M V
418050,
418051,
418052,
418053,
418054,
418060,
418061,A D Debit M V
418141,A D Debit M V
418142,
418143,
418144,
418145,
418146,
418157,
418158,
418159,
420123,
420124,
420134,
420135,
420136,
420172,
420173,
420174,
420175,
420176,
420177,
420178,
420179,
420180,
420181,
420182,
420184,
420186,
420194,
420195,
420196,
420281,
420282,
420283,
420284,
420287,
420633,
420634,A D Debit M V
420635,A D Debit M V
420636,A D Debit M V
420637,A D Debit M V
420638,A D Debit M V
420639,A D Debit M V
420640,A D Debit M V
420641,A D Debit M V
420642,A D Debit M V
420643,A D Debit M V
420644,A D Debit M V
420645,A D Debit M V
420646,A D Debit M V
420647,A D Debit M V
420648,A D Debit M V
420649,A D Debit M V
420650,A D Debit M V
420651,A D Debit M V
420654,A D Debit M V
420701,
420702,
420704,
420708,
420709,
420902,
420903,
420909,
420917,
420920,
421000,
421001,
421002,
421003,
421005,
421009,
421012,
421013,
421014,
421015,
421016,
421125,
421126,
421132,
421189,
421190,
421191,
421198,
421199,
421200,
421204,
421245,
421315,
421316,A D Debit M V
421317,A D Debit M V
421318,A D Debit M V
421319,A D Debit M V
421320,A D Debit M V
421321,A D Debit M V
421322,A D Debit M V
421323,A D Debit M V
421324,A D Debit M V
421325,A D Debit M V
421326,A D Debit M V
421327,A D Debit M V
421328,A D Debit M V
421329,A D Debit M V
421330,A D Debit M V
421331,A D Debit M V
421382,A D Debit M V
421392,
421550,
421601,
421602,
421603,
421658,
421659,
421680,
421681,A D Debit M V
421772,A D Debit M V
421773,
421774,
421775,
421776,
421783,
421784,
421785,
421786,
421805,
421806,
421807,
421808,
421809,
421810,
421811,
421812,
421813,
421814,
421820,
421839,A ANDROID_PAY APPLE_PAY CREDIT D Debit M V
421848,
422086,A ANDROID_PAY APPLE_PAY M V
422087,
422088,
422091,
422099,
422100,
422101,
422163,
422164,
422165,
422175,
422177,
422199,A D Debit M V
422200,
422202,
422203,
422223,
422224,
422225,
422226,
422227,
422228,
422247,
422249,A D Debit M V
422254,A D Debit M V
422255,
422334,
422335,
422336,
422337,
422341,
422344,
422383,
422384,
422385,
422386,
422387,
422388,
422389,
422408,
422412,
422413,
422414,
422415,
422416,
422463,
422464,
422477,
422478,
422479,
422483,
422486,
422487,
422488,
422535,
422536,
422537,
422538,
422539,
422540,
422541,
422544,
422545,
422546,
422547,
422548,
422549,
422555,
422556,
422558,
422561,
422562,
422580,
422581,A D Debit M V
422582,A D Debit M V
422594,A D Debit M V
422630,
422631,
422632,
422667,
422668,
422669,
422670,
422671,
422672,
422673,
422674,
422676,
422677,
422678,
422679,
422680,
422683,
422684,
422685,
422686,
422687,
422688,
422689,
422694,
422695,
422696,
422750,
422751,
422752,
422753,
422754,
422755,
422756,
422757,
422758,
422759,
422760,
422761,
422762,
422763,
422764,
422765,
422766,
422776,
422787,
422795,
422796,
422798,
422842,
422844,
422849,
422850,
422871,
422936,A D Debit M V
422937,
422938,
422939,
422940,
422941,
422951,
422952,
422957,
423041,
423042,
423051,
423054,
423062,
423069,
428448,
428449,
428450,
428451,
428452,
428453,
428471,
428497,
428573,
428574,
428575,
428576,
428577,
428578,
428579,
428580,
428581,
428582,
428583,
428584,
428585,
428586,
428587,
428588,
428592,
428600,
428601,
428647,
428648,
428649,
428650,
428657,
428678,
428679,A D Debit M V
428711,
428712,
428713,
428716,
428717,
428718,
428719,
428720,
428726,
428727,
428729,
428730,
429542,
429554,
429563,
429564,
429678,
429679,
429680,
429681,
429684,
429685,
429686,
429687,
429688,
429689,
429690,
429691,
429692,
429712,
429713,
429714,
429715,
429716,
429726,
429727,
429728,
429729,
429730,
429737,
429767,
429768,
429780,
429781,
429783,
429784,
429789,
429790,
429851,
429852,
429853,
429854,
429855,
429891,
429892,
429896,
429902,
429908,
429909,
429910,
429915,
429916,
429917,
429918,
429932,
429988,CREDIT
429990,
429991,
429998,
429999,
430004,
430005,
430045,
430049,
430050,
433997,
433998,
433999,
434005,
434006,
434007,
434008,
434009,
434108,
434116,
434124,
434171,
434172,
434177,
434764,
434765,
434774,
434779,
434780,
434782,
434783,
434834,
434835,
434836,
434837,
434838,
434839,
434852,
434853,
434875,
434876,A D Debit M V
434877,A D Debit M V
434930,A D Debit M V
434931,
434932,
434938,
434982,
434983,
434984,
434985,
434986,
434988,
434995,
434996,
434997,
435004,
435005,
435006,
435007,
435008,
435009,
435010,
435011,
435012,
435013,
435792,
435796,
435801,
435803,
435805,
435807,
435809,A D Debit M V
435830,A D Debit M V
435831,
435833,
435836,
435839,
435840,
435856,
435862,
435867,
435877,A D Debit M V
435893,A D Debit M V
435895,A D Debit M V
435913,A D Debit M V
435914,A D Debit M V
435915,
435917,
435920,
435926,
435931,
435935,A D Debit M V
435942,
435944,
435946,
435952,A D Debit M V
435953,
435970,
435971,
435973,A D Debit M V
435974,
435976,
435979,
435984,A D Debit M V
435990,
435991,
435993,
435995,
435999,
436003,
436004,
436007,
436017,A D Debit M V
436018,
436023,
436024,A D Debit M V
436027,
436031,
436034,
436047,
436048,A D Debit M V
436049,
436057,A D Debit M V
436058,
436059,
436062,
436172,
436177,
436181,
436189,
436197,
436202,
436205,
436210,
436212,
436216,
436220,
436226,
436235,
436237,
436242,
436257,A D Debit M V
436259,
436262,
436266,
436632,
436633,
436635,
436638,
436643,
436645,
436648,
436658,
436661,
436666,A D Debit M V
436670,
436678,A D Debit M V
436680,
436684,
436688,A D Debit M V
436691,A D Debit M V
436692,
436694,
436695,
436696,
436704,
436706,
436710,
436712,
436713,A D Debit M V
437389,
437390,A D Debit M V
437392,A D Debit M V
437396,
437398,
437405,
437409,A D Debit M V
437410,
437417,
437418,
437419,
437441,A D Debit M V
437444,
437446,
437447,A D Debit M V
437450,A D Debit M V
437451,
437454,
437459,
437461,
437463,A D Debit M V
437466,
437467,A D Debit M V
437476,
437477,
437482,
437503,A D Debit M V
437506,
437512,
437515,
437520,
437529,A D Debit M V
437530,
437534,
437535,
437540,
437544,
437547,
437552,
437554,
437555,
437557,
437559,A D Debit M V
437563,
437564,
437565,
437566,
437568,
437577,A D Debit M V
437578,A D Debit M V
437627,
437629,
437632,
437637,
437638,
438001,
438002,
438003,
438007,
438008,
438009,
438013,
439475,
439476,
439477,
439479,
439480,
439481,
439484,
439486,
439493,
439494,
439495,
439505,
439515,
439516,
439517,
439519,
439731,
439732,
439738,
439739,
439740,
439741,
439742,
439744,
439745,
439746,
439747,
439823,
439895,
439896,
439897,
439898,
439899,
439900,
439908,
439909,
439912,
439913,
440799,
440801,
440802,
440803,
440805,
440806,
440807,
440809,
440832,
440833,
440959,
440967,
440968,
440969,
441013,
441014,
441015,
441016,
441021,
441022,
441023,
441024,
441025,
441026,
441027,
445720,
445721,
445722,
445723,
445724,
445725,
445726,
445727,
445728,
445729,
445730,
445731,
445740,
445741,
445742,
445744,
445745,
445812,
445813,
445814,
445815,
445816,
445817,
445818,
445819,
445820,
445821,
445822,
445823,
445824,
445825,
445827,
445832,
445833,
445842,
445843,
445844,
445894,
445895,
445896,
445971,
446015,
446016,
446017,
446018,
446019,
446020,
446021,
446023,
446035,
446036,
446039,
446040,
446041,
446042,
446227,
446228,
446229,
446235,
446236,
446239,
446240,
446244,
446278,CREDIT
446279,
446280,
446281,
446282,
446289,
446290,
446306,
446307,
446413,
446414,
446415,
446416,
446420,
446421,
446422,
446424,
446425,
446469,
446470,
446471,
446481,
446482,
446483,
446484,
446560,
446561,
446562,
446563,
446571,
446585,
446586,
446587,
446588,
446589,
446590,
446591,
446592,
446593,
446594,
446631,
446632,
446633,
446634,
446635,
446686,
446687,
446691,
446693,
446694,
446695,
446696,
446751,
446752,
446753,
446754,
446755,
446756,
446757,
446758,
446759,
446760,
446761,
446762,
446763,
446764,
446765,
446766,
446767,
446768,
446769,
446770,
446771,
446772,
446773,
446774,
446775,
446776,
446777,
446778,
446779,
446780,
446781,
446782,
446783,
446784,
446786,
446787,
446788,
446789,
446790,
446791,
446792,
446793,
446794,
446795,
446796,
446797,
446798,
446799,
446800,
446801,
446805,
446806,
446807,
446808,
446813,
446852,
446854,
446856,
446864,
446865,
446866,
446871,
446872,
446873,
446881,
446902,
446903,A D Debit M V
446930,A D Debit M V
446931,
446932,
446933,
447041,
447042,
447043,
447044,
447045,
447047,
447048,
447049,
447116,
447117,
447118,
447119,
447120,
447121,
447122,
447128,
447130,
447136,
447177,
447178,
447179,
447180,
447181,
447182,
447183,
447184,
447185,
447193,
447196,
447197,
447260,
447271,
447272,
447273,
447274,
447275,
447280,
447359,
447361,
447362,
447363,
447364,
447371,
447427,
447428,
447429,
447436,
447438,
447439,
447440,
447660,
447664,
447671,
447673,
447691,
447700,
447701,
447711,
447722,
447735,
447736,
447740,
447752,
447762,
447802,
447803,
447804,
447805,
447806,
447808,
447857,
447861,
447863,
447868,
447944,
447946,
447948,
447949,
447950,
447951,
447952,
447953,
447960,
447961,
447973,
447975,
447977,
447983,
447990,
447991,
448027,
448028,
448029,
448042,
448043,
448044,
448045,
448046,
448047,
448048,
448049,
448050,
448051,
448052,
448053,
448054,
448055,
448056,
448057,
448058,
448084,
448085,A D Debit M V
448125,A D Debit M V
448126,
448129,
448131,
448135,
448137,
448141,
448148,
448149,
448150,
448153,
448154,
448155,
448156,
448157,
448158,
448159,
448160,
448161,
448162,
448163,
448164,
448165,
448166,
448167,
448168,
448197,
448198,
448199,
448201,
448206,
448207,
448282,
448285,
448286,
448294,
448295,
448335,
448352,
448397,
448398,
448458,
448459,
448516,
448517,
448518,
448519,
448520,
448521,
448522,
448523,
448524,
448525,
448526,
448527,
448765,
448808,A D Debit M V
448883,
448909,ANDROID_PAY APPLE_PAY CREDIT Debit
448910,
448911,
448912,
448913,
448914,
448928,
449032,
449033,
449035,
449040,
449042,
449043,
449044,
449045,
449046,
449161,
449162,
449270,
449272,
449274,
449276,
449447,
449452,
449453,
449454,
449474,
449475,
449476,
449477,
449491,
449492,CREDIT
449493,CREDIT
449596,CREDIT
449597,
449598,
449599,
449600,
449606,
449607,
449608,
449648,
449660,
449661,
449662,
449663,
449674,
449675,A D Debit M V
449676,A D Debit M V
449677,A D Debit M V
449678,A D Debit M V
449679,A D Debit M V
449722,A D Debit M V
449733,
449734,
449741,
449742,
449766,
449767,
449768,
449772,
449777,
449800,
449801,A ANDROID_PAY APPLE_PAY CREDIT D M V
449824,A ANDROID_PAY APPLE_PAY CREDIT D M V
449826,
449827,
449832,
449838,
449839,
449840,
449841,
449921,
449922,
449923,
449924,
449929,
450015,
450017,
450018,
450019,
450020,
450024,
450030,
450131,A D Debit M V
450132,
450133,
450134,
450135,
450136,
450137,
450138,
450139,
450144,
450238,
450239,
450240,
450241,
450247,
450248,
450249,
450250,
450375,
450379,
450384,
450411,
450412,
450475,
450481,
450482,
450589,
450590,
450591,
450594,
450595,
450598,
450732,
450737,
450768,
450770,
450841,
450845,
450905,
450906,
450907,
450908,
450909,
450910,
450911,
450912,
450916,
450917,
450918,
450924,
450968,
450973,
450974,
450975,
450978,
450979,
450980,
450981,
451032,
451033,
451034,
451087,
451110,
451111,
451113,
451123,
451124,
451437,
451441,
451443,
451449,
451450,
451451,
451452,
451461,
451549,
451550,
451612,
451613,
451645,
451646,
451647,
451648,
451649,
451650,
451651,
451652,
451653,
451654,
451655,
451656,
451657,
451658,
451659,
451660,
451661,
451662,
451764,
451768,
451769,
451772,
451773,
451774,
451775,
451776,
451777,
451817,
451819,
451820,
451824,
451890,
451891,
451892,
451896,
451983,
451986,
452031,
452032,A M V
452033,A M V
452034,A M V
452035,A M V
452036,A M V
452038,A M V
452039,A M V
452040,A M V
452041,A M V
452043,A M V
452044,A M V
452045,A M V
452046,A M V
452047,A M V
452048,A M V
452049,A M V
452050,A M V
452051,A M V
452052,A M V
452267,A M V
452268,
452269,
452270,
452271,
452272,
452273,
452274,
452275,
452276,
452277,
452278,
452279,
452280,
452281,
452282,
452283,
452315,
452319,
452351,
452352,
452353,
452354,
452355,
452356,
452357,
452358,
452359,
452360,
452361,
452362,
452363,
452364,
452365,
452366,
452367,
452368,
452369,
452370,
452371,
452372,
452373,
452374,
452375,
452376,
452377,
452378,
452379,
452380,
452623,
452624,
452625,
452626,
452627,
452631,
452632,
452723,
452724,
452725,
452726,
452727,
452728,
452729,
452730,
452731,
452732,
452733,
452734,
452735,
452736,
452737,
452738,
452739,
452740,
452741,
452742,
452743,
452744,
452745,
452746,
452747,
452749,
452750,
452784,
453304,A ACCOUNT_BALANCE ANDROID_PAY APPLE_PAY D M V
453341,
453342,
453376,
453377,
453382,
453383,
453467,
453468,
453469,
453470,
453471,
453472,
453473,
453474,
453475,
453476,
453477,
453546,
453548,
453553,
453557,
453558,
453559,
453560,
453561,
453562,
453563,
453564,
453565,
453566,
453567,
453568,
453569,
453570,
453994,
454076,
454077,
454079,
454083,
454125,
454126,
454127,
454129,
454130,
454136,
454139,
454177,
454245,
454246,
454247,
454248,
454249,
454256,
454258,
454259,
454260,
455061,
455062,
455063,
455066,
455068,
455069,
455070,
455074,
455082,
455087,
455089,
455090,
455100,
455139,
455142,
455151,
455152,
455153,
455154,
455155,
455156,
455157,
455159,
455160,
455161,
455162,
455163,
455164,
455165,
455166,
455167,
455168,
455169,
455170,
455171,
455172,
455173,
455174,
455175,
455176,
455178,
455179,
455180,
455181,
455182,
455183,
455184,
455185,
455186,
455187,
455189,
455190,
455191,
455192,
455193,
455196,
455197,
455198,
455200,
455201,
455202,
455203,
455205,
455206,
455207,
455262,
455269,
455301,
455305,
455306,
455307,
455308,
455309,
455310,
455311,
455312,
455313,
455315,
455317,
455318,
455321,
455322,
455323,
455324,
455325,
455326,
455327,
455328,
455329,
455330,
455332,
455333,
455334,
455335,
455336,
455337,
455380,
455383,
455384,
455385,
455387,
455425,
455464,
455480,
455481,
455483,
455485,
455492,
455494,
455496,
455500,
455504,
455508,
455509,
455513,
455514,
455515,
455516,
455519,
455520,
455521,
455522,
455525,
455526,
455528,
455529,
455530,
455531,
455533,
455534,
455535,
455538,
455543,
455544,
455547,
455548,
455550,
455555,
455558,
455561,
455564,
455565,
455585,
455592,
455608,
455628,
455629,
455631,
455632,
455633,
455634,
455635,
455636,
455638,
455640,
455641,
455643,
455647,
455648,
455649,
455650,
455656,
455657,
455658,
455664,
455665,
455666,
455667,
455672,
455674,
455691,
455692,
455694,
455700,
455702,
455703,
455706,
455708,
455709,
455715,
455722,
455723,
455724,
455725,
455727,
455734,
455736,
455741,
455742,
455744,
455746,
455748,
455765,
455766,
455768,
455770,
455771,
455772,
455774,
455776,
455777,
455803,
455804,
455819,
455824,
455830,
455840,
455842,
455843,
455845,
455846,
455848,
455850,
455865,
455871,
455955,
455956,
455957,
455959,
455961,
455962,
455963,
455969,
455970,
455971,
455972,
455987,
456274,
456276,
456310,
456312,
456313,
456317,
456324,
456325,
456421,
456422,
456423,
456424,
456425,
456426,
456427,
456428,
456429,
456430,
456431,
456441,
456489,
456492,
456533,
456534,
456535,
456536,
456537,
456538,
456539,
456584,
456585,
456718,
456870,
456874,
456879,
456939,
456941,
456943,
456946,
456947,
456949,
456951,
457112,
457116,
457223,
457224,
457225,
457226,
457227,
457228,
457229,
457230,
457233,
457284,
457285,
457326,
457443,
457514,
457519,
457520,
457521,
457522,
457523,
457618,
457619,
457620,
457621,
457623,
457659,
457660,
457661,
457671,
457722,
457723,
457868,
457869,
457870,
457875,
457877,
457881,
457891,
457932,A ACCOUNT_BALANCE APPLE_PAY CREDIT Debit V
457954,
458042,
458043,
458044,
458045,
458046,
458050,
458070,
458071,
458072,
458073,
458079,
458083,
458220,
458221,
458222,
458258,
458270,
458298,
458301,
458302,
458326,
458372,
458373,
458374,
458375,
458376,
458377,
458378,
458381,
458382,
458383,
458387,
458388,
458393,
458394,A M V
458395,A M V
458452,A M V
458484,
458485,
458511,
458512,A M V
458513,A M V
458676,A M V
458677,
458678,
458679,
458680,
458681,
458683,
458769,
458770,
458771,
458772,
458773,
458775,
458906,
458911,
458912,
458935,
458936,
458944,
458959,
458965,
458975,
458979,
459046,
459047,
459048,
459053,
459054,
459056,
459215,
459216,
459221,
459393,
459395,
459396,
459398,
459506,
459512,
459513,
459630,
459632,
459657,
459780,
459781,
459782,
459783,
459784,
459785,
459786,
459787,
459789,
459794,
459795,
459796,
459797,
459799,
459805,
459910,
459911,
459912,
459913,
459914,
459915,
459916,
460027,
460028,
460029,
460030,
460031,
460032,
460078,
460081,
460090,
460091,
460126,
460127,
460128,
460129,
460130,
460133,
460135,
460137,
460144,
460145,
460147,
460148,
460149,
460179,
460180,
460181,
460183,
460237,
460238,
460239,
460315,
460316,
460337,
460452,
460453,
460454,
460455,
460457,
460467,
460470,
460529,
460530,
460531,
460532,
460533,
460543,
460594,
460602,
460603,
460645,
460646,
460648,
460649,
460650,
460651,
460656,
460700,
460701,
460702,
460703,
460704,
460705,
460706,
460707,
460708,
460709,
460711,
460718,
460762,
460763,
460764,
460765,
460776,
460777,
460778,
460779,
460780,
460781,
460782,
460783,
460784,
460785,
460786,
460787,
460788,
460804,
460805,
460806,
460807,
460808,
460811,
460812,
460872,
460879,
460880,
460939,
460942,
460992,
460993,
460994,
460995,
460996,
460997,
460998,
460999,
461000,
461001,
461006,
461065,
461066,
461075,
461086,
461138,
461145,
461147,A ANDROID_PAY APPLE_PAY CREDIT D Debit M V
461184,A ANDROID_PAY APPLE_PAY CREDIT D Debit M V
461185,
461266,
461267,
461268,
461269,
461270,
461271,
461272,
461273,
461275,
461285,
461286,
461287,
461319,
461326,
461328,
461330,
461331,
461452,
461453,
461454,
461455,
461472,
461614,A D Debit M V
461738,
461739,
461740,
461741,
461742,
461743,
461744,
461745,
461746,
461747,
461748,
461749,
461750,
461754,
461755,
461756,
461757,
461758,
461759,
461765,
461766,
461767,
461780,
461781,CREDIT
461782,CREDIT
461783,CREDIT
461784,CREDIT
461785,CREDIT
461786,CREDIT
462273,CREDIT
462274,
462307,
462348,A D Debit M V
462349,
462350,
462351,
462352,
462353,
462354,
462355,
462356,
462357,
462358,
462362,
462363,
462365,
,
